# Blender 5.2.0 LTS
# www.blender.org
mtllib glass key bow.mtl
o Credits:_randomck23_(best_custom_skin_maker)
v -0.343746 0.709240 -0.082970
v -0.344321 0.711098 -0.083437
v -0.315063 0.709369 0.080123
v -0.314238 0.711012 0.080910
v -0.313144 0.705514 -0.094115
v -0.312301 0.707121 -0.094955
v -0.345410 0.712584 0.068153
v -0.345995 0.714460 0.068524
v -0.343746 -0.690994 -0.051989
v -0.344321 -0.692870 -0.052375
v -0.315063 -0.683909 0.110950
v -0.314238 -0.685516 0.111808
v -0.345410 -0.687651 0.099133
v -0.345994 -0.689509 0.099589
v -0.313144 -0.687764 -0.063289
v -0.312301 -0.689407 -0.064057
v -1.008595 0.951450 -0.070416
v -1.008304 0.953243 -0.071254
v -0.513531 0.876417 0.037402
v -0.512598 0.878015 0.038161
v -0.512423 0.874191 -0.063201
v -0.511473 0.875754 -0.064010
v -1.009702 0.953677 0.030272
v -1.009428 0.955505 0.031036
v -0.369890 0.690183 0.042974
v -0.369579 0.692043 0.043641
v -0.368785 0.687963 -0.057368
v -0.368458 0.689792 -0.058109
v -1.008595 -0.932414 -0.028735
v -1.008304 -0.934242 -0.029493
v -0.512423 -0.854911 -0.024945
v -0.511473 -0.856508 -0.025684
v -0.513531 -0.852685 0.075658
v -0.512598 -0.854248 0.076487
v -1.009702 -0.930186 0.071953
v -1.009428 -0.931978 0.072797
v -0.369890 -0.666386 0.072989
v -0.369579 -0.668215 0.073737
v -0.368785 -0.668606 -0.027354
v -0.368660 -0.670509 -0.027956
v -0.330109 0.689754 -0.113976
v -0.330006 0.690687 -0.115742
v -0.369695 0.685810 -0.099740
v -0.370739 0.687185 -0.100749
v -0.332468 0.694494 0.100283
v -0.332403 0.695505 0.102008
v -0.371733 0.689905 0.085369
v -0.372799 0.691323 0.086293
v -0.330110 -0.672896 -0.083826
v -0.330008 -0.673909 -0.085547
v -0.369695 -0.668328 -0.069781
v -0.370739 -0.669746 -0.070728
v -0.332468 -0.668156 0.130432
v -0.332405 -0.669092 0.132199
v -0.371733 -0.664232 0.115329
v -0.372799 -0.665608 0.116315
v -0.389561 0.673507 0.064386
v -0.390311 0.674975 0.065518
v -0.387987 0.670347 -0.078452
v -0.388421 0.671588 -0.079959
v -0.517981 0.560227 0.065480
v -0.519208 0.560874 0.066920
v -0.536289 0.544750 0.086770
v -0.537548 0.546000 0.087693
v -0.516409 0.557067 -0.077359
v -0.517735 0.557954 -0.078565
v -0.562611 0.520992 0.070000
v -0.564377 0.521852 0.070373
v -0.534248 0.540654 -0.098340
v -0.535486 0.541861 -0.099345
v -0.537573 0.542269 0.044399
v -0.539453 0.542223 0.045081
v -0.560946 0.517648 -0.081121
v -0.562703 0.518490 -0.081571
v -0.536469 0.540049 -0.055942
v -0.538333 0.539972 -0.056662
v -0.389561 -0.648781 0.093642
v -0.390028 -0.650023 0.095139
v -0.387987 -0.651941 -0.049195
v -0.388421 -0.653247 -0.050646
v -0.517981 -0.535561 0.089724
v -0.519333 -0.536449 0.090900
v -0.536289 -0.519160 0.110309
v -0.537548 -0.520368 0.111287
v -0.516409 -0.538722 -0.053115
v -0.517604 -0.539370 -0.054582
v -0.562611 -0.496165 0.092504
v -0.564377 -0.497008 0.092917
v -0.534249 -0.523255 -0.074801
v -0.535487 -0.524505 -0.075752
v -0.537573 -0.518551 0.067870
v -0.539453 -0.518475 0.068549
v -0.560946 -0.499508 -0.058617
v -0.562703 -0.500369 -0.059031
v -0.536469 -0.520771 -0.032471
v -0.538333 -0.520726 -0.033194
v -0.528787 0.854399 0.058853
v -0.528412 0.855128 0.060677
v -1.009935 0.929381 0.051896
v -1.009839 0.930170 0.053731
v -0.527212 0.851239 -0.083987
v -0.526797 0.851887 -0.085833
v -1.008362 0.926221 -0.090944
v -1.008225 0.926928 -0.092810
v -0.528787 -0.829738 0.096114
v -0.528412 -0.830386 0.097969
v -1.009935 -0.904954 0.092481
v -1.009839 -0.905661 0.094350
v -0.527213 -0.832898 -0.046726
v -0.526798 -0.833627 -0.048542
v -1.008362 -0.908114 -0.050359
v -1.008225 -0.908902 -0.052192
v -0.151240 0.479141 -0.087323
v -0.149735 0.480193 -0.088116
v -0.153159 0.482996 0.086914
v -0.151672 0.484083 0.087692
v -0.151240 -0.461314 -0.066515
v -0.149735 -0.462400 -0.067260
v -0.153159 -0.457459 0.107721
v -0.151672 -0.458511 0.108547
v -0.545459 0.499791 -0.112144
v -0.546432 0.499839 -0.113891
v -0.562844 0.485096 -0.091985
v -0.564590 0.484546 -0.092792
v -0.547819 0.504531 0.102116
v -0.548830 0.504656 0.103837
v -0.564761 0.488951 0.082252
v -0.566524 0.488437 0.083044
v -0.545459 -0.483040 -0.090398
v -0.546434 -0.483167 -0.092140
v -0.562844 -0.467466 -0.070910
v -0.564590 -0.466953 -0.071740
v -0.547819 -0.478300 0.123861
v -0.548832 -0.478350 0.125585
v -0.564761 -0.463611 0.103327
v -0.566524 -0.463062 0.104095
v -0.172267 0.469063 -0.107354
v -0.171676 0.469429 -0.109229
v -0.174626 0.473803 0.106905
v -0.174077 0.474252 0.108775
v -0.172267 -0.452132 -0.086973
v -0.171676 -0.452581 -0.088830
v -0.174626 -0.447392 0.127286
v -0.174077 -0.447758 0.129174
v 0.039582 0.456613 0.095721
v 0.041286 0.457467 0.096328
v 0.041635 0.452488 -0.090712
v 0.043352 0.453315 -0.091318
v -0.041628 0.521909 -0.093164
v -0.040997 0.523691 -0.093818
v 0.039582 -0.436760 0.115488
v 0.041286 -0.437586 0.116132
v -0.043681 0.526034 0.093269
v -0.043064 0.527843 0.093857
v 0.041635 -0.440885 -0.070945
v 0.043352 -0.441738 -0.071514
v -0.043682 -0.506225 0.116109
v -0.043065 -0.508006 0.116778
v -0.291412 0.521848 -0.095913
v -0.292736 0.523159 -0.096639
v -0.293465 0.525973 0.090520
v -0.294804 0.527315 0.091158
v -0.041628 -0.510350 -0.070326
v -0.040997 -0.512159 -0.070902
v -0.291412 -0.510410 -0.073074
v -0.292736 -0.511752 -0.073741
v -0.293465 -0.506286 0.113358
v -0.294804 -0.507598 0.114055
v 0.027287 0.437246 -0.110611
v 0.028281 0.437559 -0.112318
v 0.027287 -0.167508 -0.097231
v 0.028215 -0.167562 -0.099002
v -0.041406 0.506901 -0.112908
v -0.040975 0.507809 -0.114637
v 0.027287 -0.426541 -0.091499
v 0.028282 -0.426930 -0.093190
v -0.275959 0.506844 -0.115490
v -0.276645 0.507531 -0.117239
v -0.041406 -0.496228 -0.090714
v -0.040975 -0.497212 -0.092401
v -0.275959 -0.496285 -0.093296
v -0.276645 -0.497048 -0.095013
v 0.024793 0.442259 0.115956
v 0.025749 0.442648 0.117669
v -0.043900 0.511913 0.113657
v -0.043507 0.512897 0.115353
v -0.278454 0.511856 0.111076
v -0.279178 0.512619 0.112777
v 0.024793 -0.421529 0.135067
v 0.025751 -0.421842 0.136795
v -0.043901 -0.491216 0.135852
v -0.043508 -0.492124 0.137590
v -0.213756 -0.491257 0.133984
v -0.213776 -0.492126 0.135785
v -0.278454 -0.491273 0.133271
v -0.279178 -0.491960 0.135004
v -0.291412 -0.417172 -0.075138
v -0.293221 -0.417718 -0.075793
v -0.275932 -0.417612 -0.095036
v -0.276823 -0.417880 -0.096807
v -0.341370 -0.333940 -0.077529
v -0.342599 -0.335406 -0.078111
v -0.331857 -0.324427 -0.097713
v -0.332491 -0.325228 -0.099433
v -0.410307 -0.293878 -0.099253
v -0.411130 -0.294599 -0.100927
v -0.426588 -0.298766 -0.079246
v -0.428180 -0.299808 -0.079862
v -0.293465 -0.413047 0.111296
v -0.295288 -0.413565 0.111935
v -0.278427 -0.412600 0.131530
v -0.279357 -0.412790 0.133290
v -0.343423 -0.329815 0.108905
v -0.344665 -0.331255 0.109524
v -0.334353 -0.319414 0.128851
v -0.335025 -0.320138 0.130590
v -0.412803 -0.288865 0.127313
v -0.413663 -0.289511 0.128999
v -0.428639 -0.294641 0.107188
v -0.430245 -0.295655 0.107815
v -0.275932 0.428169 -0.113748
v -0.276823 0.428360 -0.115528
v -0.291412 0.428610 -0.093850
v -0.293221 0.429127 -0.094529
v -0.341370 0.345352 -0.092558
v -0.342599 0.346791 -0.093205
v -0.331857 0.334958 -0.112301
v -0.332491 0.335682 -0.114054
v -0.410307 0.304371 -0.112489
v -0.411130 0.305017 -0.114194
v -0.426588 0.310138 -0.092718
v -0.428180 0.311151 -0.093380
v -0.293465 0.432734 0.092583
v -0.295288 0.433279 0.093198
v -0.278427 0.433182 0.112817
v -0.279357 0.433450 0.114567
v -0.343423 0.349477 0.093876
v -0.344665 0.350943 0.094431
v -0.334353 0.339971 0.114263
v -0.335025 0.340771 0.115968
v -0.412803 0.309384 0.114077
v -0.413663 0.310104 0.115733
v -0.428639 0.314263 0.093717
v -0.430245 0.315304 0.094298
v -0.410337 0.154808 -0.109180
v -0.411192 0.155029 -0.110974
v -0.513696 0.005222 -0.107009
v -0.514788 0.005185 -0.108684
v -0.529915 0.005662 -0.087120
v -0.531817 0.005649 -0.087738
v -0.410337 -0.144316 -0.102562
v -0.411192 -0.144616 -0.104345
v -0.426588 0.157912 -0.089350
v -0.428370 0.158468 -0.090068
v -0.426588 -0.146540 -0.082614
v -0.428370 -0.147127 -0.083307
v -0.428639 0.162038 0.097085
v -0.430436 0.162625 0.097738
v -0.412832 0.159821 0.117386
v -0.413726 0.160120 0.119150
v -0.531971 0.009786 0.099315
v -0.533886 0.009799 0.099891
v -0.516191 0.010234 0.119557
v -0.517320 0.010271 0.121207
v -0.412832 -0.139304 0.124004
v -0.413726 -0.139525 0.125779
v -0.428639 -0.142415 0.103820
v -0.430436 -0.142972 0.104498
v -0.058760 0.369162 -0.110052
v -0.059432 0.368433 -0.111789
v -0.058760 -0.167529 -0.098178
v -0.059793 -0.167567 -0.099890
v -0.058760 -0.358496 -0.093953
v -0.059086 -0.358192 -0.095903
v -0.213534 0.369124 -0.111755
v -0.212976 0.368093 -0.113375
v -0.213534 -0.358533 -0.095655
v -0.212976 -0.357574 -0.097319
v -0.283200 0.257586 -0.110054
v -0.282348 0.256706 -0.111635
v -0.330898 0.228584 -0.109936
v -0.329907 0.228031 -0.111583
v -0.330871 0.116925 -0.107467
v -0.329801 0.117146 -0.109142
v -0.264233 0.005282 -0.104263
v -0.262972 0.005247 -0.105815
v -0.330871 -0.106394 -0.102526
v -0.329801 -0.106688 -0.104190
v -0.330898 -0.218052 -0.100055
v -0.329907 -0.217571 -0.101724
v -0.283200 -0.247029 -0.098889
v -0.282349 -0.246220 -0.100508
v -0.216028 0.374137 0.114812
v -0.215507 0.373179 0.116488
v -0.061253 0.374174 0.116513
v -0.061963 0.373522 0.118265
v -0.061253 -0.353483 0.132613
v -0.061750 -0.352965 0.134480
v -0.216028 -0.353521 0.130911
v -0.215507 -0.352490 0.132544
v -0.285697 -0.242016 0.127677
v -0.284880 -0.241136 0.129276
v -0.333393 -0.213038 0.126509
v -0.332738 -0.212637 0.128356
v -0.333365 -0.101381 0.124039
v -0.332332 -0.101601 0.125737
v -0.266727 0.010295 0.122304
v -0.265500 0.010329 0.123883
v -0.333365 0.121938 0.119098
v -0.332332 0.122233 0.120785
v -0.333393 0.233596 0.116628
v -0.332439 0.233115 0.118319
v -0.285697 0.262599 0.116513
v -0.284881 0.261791 0.118150
v -0.352833 -0.273553 -0.092913
v -0.353293 -0.273152 -0.094818
v -0.352833 0.290396 -0.105390
v -0.353293 0.289911 -0.107275
v -0.355194 -0.268813 0.121347
v -0.355696 -0.268329 0.123221
v -0.355194 0.295136 0.108869
v -0.355696 0.294735 0.110763
v -0.639182 -0.665350 -0.051665
v -0.639470 -0.664788 -0.053563
v -1.008362 -0.705720 -0.054836
v -1.008413 -0.705098 -0.056736
v -0.639181 0.683636 -0.081511
v -0.639469 0.682991 -0.083382
v -1.008362 0.723824 -0.086465
v -1.008414 0.723119 -0.088336
v -0.640753 -0.662190 0.091173
v -0.641082 -0.661545 0.093037
v -1.009935 -0.702559 0.088003
v -1.010028 -0.701854 0.089872
v -0.640753 0.686796 0.061327
v -0.641082 0.686234 0.063218
v -1.009935 0.726984 0.056374
v -1.010028 0.726362 0.058273
v -0.072791 0.361854 0.093051
v -0.074123 0.360546 0.093769
v -0.210374 0.361820 0.091537
v -0.209432 0.360153 0.092114
v -0.277816 0.253916 0.093181
v -0.276451 0.252531 0.093648
v -0.319863 0.228674 0.093278
v -0.318214 0.227712 0.093875
v -0.319863 0.119217 0.095700
v -0.318011 0.119783 0.096201
v -0.253255 0.009776 0.098853
v -0.251311 0.009786 0.099324
v -0.070817 0.357885 -0.086326
v -0.072133 0.356545 -0.087014
v -0.208399 0.357852 -0.087839
v -0.207446 0.356161 -0.088321
v -0.275840 0.249947 -0.086195
v -0.274466 0.248543 -0.086571
v -0.317889 0.224706 -0.086099
v -0.316228 0.223719 -0.086617
v -0.317889 0.115248 -0.083677
v -0.316027 0.115792 -0.084162
v -0.251280 0.005808 -0.080523
v -0.249326 0.005798 -0.080951
v -0.072791 -0.342214 0.108628
v -0.074123 -0.340875 0.109287
v -0.210374 -0.342248 0.107114
v -0.209433 -0.340557 0.107617
v -0.277816 -0.234376 0.103985
v -0.276451 -0.232972 0.104391
v -0.319863 -0.209155 0.102965
v -0.318215 -0.208167 0.103520
v -0.319863 -0.099697 0.100543
v -0.318011 -0.100240 0.101069
v -0.070817 -0.346183 -0.070749
v -0.072133 -0.344875 -0.071496
v -0.208399 -0.346217 -0.072262
v -0.207446 -0.344549 -0.072818
v -0.275840 -0.238345 -0.075392
v -0.274466 -0.236959 -0.075829
v -0.317889 -0.213124 -0.076412
v -0.316228 -0.212161 -0.076973
v -0.317889 -0.103665 -0.078834
v -0.316027 -0.104230 -0.079294
v -0.376773 -0.259379 0.100878
v -0.378103 -0.258145 0.101720
v -0.374857 -0.263234 -0.073360
v -0.376167 -0.262039 -0.074285
v -0.376773 0.284809 0.088838
v -0.378103 0.283614 0.089734
v -0.374857 0.280954 -0.085400
v -0.376167 0.279719 -0.086271
v -0.655417 -0.640364 0.069398
v -0.656184 -0.638746 0.070290
v -1.009702 -0.679135 0.066399
v -1.009908 -0.677313 0.067197
v -0.654309 -0.642590 -0.031204
v -0.655055 -0.641014 -0.032183
v -1.008595 -0.681363 -0.034289
v -1.008783 -0.679578 -0.035171
v -0.654309 0.661801 -0.060064
v -0.655057 0.660183 -0.060972
v -1.008595 0.700403 -0.064861
v -1.008783 0.698581 -0.065664
v -0.655416 0.664027 0.040538
v -0.656183 0.662450 0.041500
v -1.009702 0.702631 0.035827
v -1.009908 0.700846 0.036705
v 0.554476 2.313407 -0.044461
v 0.555561 2.314946 -0.045134
v 0.648023 2.163461 0.022537
v 0.649878 2.163770 0.023219
v 0.648729 2.162651 -0.041516
v 0.650598 2.162944 -0.042165
v 0.553770 2.314218 0.019593
v 0.554840 2.315774 0.020251
v 0.538072 2.288923 -0.076704
v 0.538645 2.289696 -0.078457
v 0.620199 2.157568 -0.074137
v 0.621174 2.157701 -0.075878
v 0.536655 2.290553 0.052075
v 0.537190 2.291371 0.053820
v 0.618781 2.159197 0.054641
v 0.619718 2.159374 0.056399
v 0.344550 2.357528 0.016742
v 0.344292 2.359407 0.017378
v 0.345254 2.356718 -0.047312
v 0.345011 2.358580 -0.048001
v 0.596711 1.952062 0.024648
v 0.598210 1.950936 0.025344
v 0.597415 1.951252 -0.039406
v 0.598929 1.950110 -0.040041
v 0.349402 2.327978 -0.079276
v 0.349294 2.328905 -0.081045
v 0.347984 2.329607 0.049505
v 0.347838 2.330578 0.051247
v 0.572889 1.970130 0.056528
v 0.573644 1.969569 0.058293
v 0.574308 1.968501 -0.072251
v 0.575101 1.967896 -0.073984
v -1.039038 1.418333 -0.056829
v -1.040771 1.417786 -0.057664
v -0.895327 1.872931 0.015369
v -0.896423 1.874405 0.016160
v -0.894488 1.871965 -0.060977
v -0.895566 1.873418 -0.061830
v -1.039880 1.419299 0.019516
v -1.041631 1.418772 0.020326
v 0.255150 2.029992 -0.044171
v 0.254174 2.031567 -0.044925
v 0.473144 1.982036 0.022907
v 0.472222 1.983502 0.023908
v 0.473849 1.981226 -0.041146
v 0.472950 1.982665 -0.042204
v 0.254444 2.030803 0.019883
v 0.253452 2.032396 0.020575
v -0.001150 2.083164 0.048468
v -0.000162 2.084594 0.049457
v 0.000261 2.081543 -0.079692
v 0.001271 2.082948 -0.080695
v -0.066432 2.097720 -0.080630
v -0.066659 2.099425 -0.081650
v -0.067844 2.099341 0.047531
v -0.068093 2.101071 0.048502
v 0.159406 1.819702 0.053570
v 0.161113 1.819953 0.054582
v 0.160819 1.818081 -0.074592
v 0.162548 1.818307 -0.075572
v -0.678993 1.146121 -0.049421
v -0.680140 1.144586 -0.049993
v -0.679832 1.147087 0.026924
v -0.680992 1.145566 0.027509
v 0.292609 2.241595 -0.046435
v 0.293538 2.240126 -0.047425
v 0.212279 1.914372 0.020892
v 0.213763 1.913231 0.021595
v 0.212983 1.913562 -0.043163
v 0.214482 1.912404 -0.043805
v 0.291902 2.242405 0.017618
v 0.292809 2.240962 0.018665
v 0.273936 1.998644 0.052876
v 0.273411 1.999467 0.054621
v 0.492634 1.949878 0.055901
v 0.492238 1.950507 0.057758
v 0.275353 1.997015 -0.075903
v 0.274867 1.997793 -0.077680
v 0.494052 1.948248 -0.072880
v 0.493697 1.948830 -0.074760
v 0.143220 1.753009 0.054235
v 0.144627 1.752023 0.055259
v 0.144631 1.751387 -0.073926
v 0.146059 1.750376 -0.074894
v -1.123803 0.997816 0.021909
v -1.125524 0.998656 0.022484
v -0.938121 1.378487 -0.053195
v -0.939816 1.379305 -0.053871
v -1.123006 0.996902 -0.050403
v -1.124714 0.997727 -0.051037
v -0.938916 1.379402 0.019118
v -0.940625 1.380237 0.019736
v -0.875113 1.844042 0.040423
v -0.875605 1.844681 0.042253
v -1.004750 1.428739 0.044250
v -1.005502 1.428517 0.046090
v -0.873734 1.842457 -0.084841
v -0.874185 1.843050 -0.086697
v -1.003371 1.427155 -0.081014
v -1.004083 1.426886 -0.082864
v 0.188292 1.931761 0.052778
v 0.189032 1.931185 0.054544
v 0.271505 2.274595 0.049359
v 0.271868 2.274009 0.051236
v 0.189709 1.930132 -0.076000
v 0.190487 1.929512 -0.077735
v 0.272923 2.272966 -0.079421
v 0.273328 2.272334 -0.081275
v 0.158044 2.261514 -0.048169
v 0.156573 2.262675 -0.048867
v 0.157340 2.262324 0.015885
v 0.155854 2.263502 0.016521
v -0.689977 1.193840 -0.074612
v -0.690464 1.193142 -0.076422
v -0.691354 1.195425 0.050652
v -0.691881 1.194773 0.052468
v -0.920462 1.364454 -0.077655
v -0.921292 1.364846 -0.079432
v -1.100592 0.997164 -0.074992
v -1.101534 0.997610 -0.076699
v -0.921805 1.365997 0.044308
v -0.922674 1.366434 0.046055
v -1.101936 0.998707 0.046971
v -1.102915 0.999196 0.048645
v -0.657857 1.878588 0.017913
v -0.656998 1.880203 0.018720
v -0.657015 1.877622 -0.058434
v -0.656138 1.879217 -0.059263
v 0.181684 2.242686 -0.080043
v 0.180940 2.243267 -0.081806
v 0.180266 2.244315 0.048738
v 0.179484 2.244941 0.050469
v -0.214466 2.007499 -0.081119
v -0.215873 2.008485 -0.082143
v -0.215877 2.009121 0.047043
v -0.217305 2.010132 0.048011
v -0.635056 1.584997 -0.054073
v -0.636481 1.586133 -0.054896
v -0.903453 0.923855 -0.048662
v -0.905145 0.924530 -0.049488
v -0.904286 0.924810 0.026849
v -0.905995 0.925506 0.027620
v -0.635888 1.585952 0.021440
v -0.637331 1.587108 0.022202
v -0.673547 1.848842 0.042581
v -0.673191 1.849546 0.044419
v -0.672170 1.847257 -0.082682
v -0.671774 1.847914 -0.084529
v -0.586462 1.491435 0.023597
v -0.588129 1.490506 0.024196
v -0.706229 1.704050 -0.056781
v -0.707070 1.702567 -0.057826
v -0.585622 1.490469 -0.052749
v -0.587275 1.489525 -0.053361
v -0.707070 1.705015 0.019568
v -0.707934 1.703558 0.020631
v -0.575169 1.528326 -0.077578
v -0.575857 1.527905 -0.079408
v -0.690354 1.733798 -0.081446
v -0.690643 1.733223 -0.083340
v -0.576546 1.529911 0.047685
v -0.577274 1.529536 0.049509
v -0.691733 1.735383 0.043817
v -0.692063 1.734856 0.045718
v -0.150292 1.930735 0.022425
v -0.151370 1.932253 0.023154
v -0.149463 1.929779 -0.053088
v -0.150525 1.931278 -0.053879
v 0.108685 2.058158 -0.046139
v 0.107200 2.059230 -0.046942
v -0.064030 1.949546 -0.046667
v -0.065050 1.951172 -0.047227
v -0.064736 1.950356 0.017387
v -0.065768 1.951996 0.017883
v 0.107980 2.058968 0.017914
v 0.106478 2.060060 0.018656
v 0.444833 1.865403 0.024072
v 0.445106 1.863545 0.024761
v 0.445537 1.864592 -0.039983
v 0.445824 1.862718 -0.040618
v -0.030604 1.941915 0.050241
v -0.031133 1.942751 0.051979
v 0.131422 2.043084 0.050743
v 0.130714 2.043600 0.052541
v -0.029186 1.940286 -0.078538
v -0.029677 1.941078 -0.080308
v 0.132839 2.041455 -0.078034
v 0.132171 2.041925 -0.079860
v 0.441841 1.892919 -0.072754
v 0.442006 1.891943 -0.074492
v 0.440423 1.894548 0.056026
v 0.440549 1.893616 0.057791
v -0.609577 1.561683 -0.085190
v -0.610192 1.562156 -0.087033
v -0.862903 0.913417 -0.079778
v -0.863588 0.913675 -0.081639
v -0.134696 1.895943 -0.084191
v -0.135154 1.896597 -0.086025
v -0.611106 1.563440 0.053691
v -0.611761 1.563959 0.055508
v -0.864429 0.915174 0.059103
v -0.865155 0.915479 0.060941
v -0.136226 1.897699 0.054688
v -0.136725 1.898399 0.056494
v -0.003400 1.661165 -0.074414
v -0.003151 1.659435 -0.075386
v -0.004812 1.662786 0.053747
v -0.004585 1.661081 0.054767
v -0.927714 1.024883 0.082686
v -0.927204 1.025821 0.084377
v -1.133252 1.024855 0.080422
v -1.133800 1.025793 0.082101
v -1.081868 0.935862 0.082114
v -1.081578 0.935347 0.084024
v -0.979100 0.935876 0.083246
v -0.979432 0.935361 0.085150
v -1.133252 0.846856 0.082674
v -1.132771 0.846881 0.084615
v -0.927714 0.846885 0.084938
v -0.928358 0.846909 0.086831
v -1.236021 0.846842 0.081543
v -1.237099 0.846863 0.083228
v -0.824945 0.846899 0.086068
v -0.823905 0.846921 0.087776
v -1.133252 0.668858 0.084926
v -1.133800 0.667962 0.086628
v -0.927714 0.668887 0.087190
v -0.927203 0.667992 0.088904
v -1.081868 0.757863 0.084366
v -1.081578 0.758426 0.086263
v -0.979100 0.757878 0.085498
v -0.979373 0.758337 0.087425
v -0.925620 1.022477 -0.107514
v -0.925072 1.023373 -0.109216
v -0.822850 0.844493 -0.104130
v -0.821772 0.844472 -0.105815
v -0.925620 0.844479 -0.105262
v -0.926101 0.844454 -0.107203
v -0.925620 0.666481 -0.103010
v -0.925072 0.665543 -0.104689
v -0.977006 0.933470 -0.106954
v -0.977297 0.932906 -0.108851
v -0.977006 0.755471 -0.104701
v -0.977194 0.755810 -0.106663
v -1.131157 1.022448 -0.109777
v -1.131668 1.023343 -0.111491
v -1.079773 0.755457 -0.105833
v -1.079441 0.755972 -0.107737
v -1.079773 0.933455 -0.108085
v -1.079441 0.932892 -0.109975
v -1.131157 0.666452 -0.105273
v -1.131668 0.665513 -0.106964
v -1.131157 0.844450 -0.107525
v -1.130513 0.844426 -0.109418
v -1.233928 0.844436 -0.108657
v -1.234968 0.844414 -0.110365
v -1.067934 0.912846 -0.091064
v -1.067525 0.912149 -0.092894
v -1.107297 0.844664 -0.090634
v -1.106499 0.844641 -0.092468
v -0.989211 0.912857 -0.090198
v -0.989580 0.912160 -0.092036
v -1.067934 0.776492 -0.089339
v -1.067525 0.777142 -0.091186
v -0.949847 0.844686 -0.088901
v -0.950604 0.844662 -0.090752
v -0.989211 0.776503 -0.088473
v -0.989580 0.777153 -0.090328
v -0.990937 0.778488 0.068477
v -0.991346 0.779185 0.070306
v -0.951574 0.846671 0.068047
v -0.952372 0.846694 0.069881
v -1.069661 0.778477 0.067609
v -1.069292 0.779174 0.069447
v -0.990937 0.914843 0.066752
v -0.991346 0.914193 0.068598
v -1.109025 0.846649 0.066313
v -1.108268 0.846672 0.068164
v -1.069661 0.914832 0.065884
v -1.069292 0.914182 0.067739
v -0.718657 0.884111 0.061101
v -0.718076 0.883879 0.063001
v -0.456677 1.414885 0.025577
v -0.455214 1.413839 0.026451
v -0.481524 1.437820 0.056706
v -0.480950 1.437403 0.058576
v -0.683260 0.879409 0.029856
v -0.681593 0.878708 0.030710
v -0.094036 1.778437 0.056663
v -0.093613 1.777953 0.058557
v -0.064169 1.755194 0.025592
v -0.062966 1.753810 0.026391
v -0.717129 0.882354 -0.077779
v -0.716507 0.882074 -0.079659
v -0.455843 1.413930 -0.049935
v -0.454360 1.412864 -0.050750
v -0.682428 0.878454 -0.045655
v -0.680743 0.877733 -0.046454
v -0.479995 1.436063 -0.082174
v -0.479380 1.435599 -0.084020
v -0.092506 1.776680 -0.082218
v -0.092042 1.776149 -0.084090
v -0.063338 1.754239 -0.049920
v -0.062118 1.752836 -0.050658
v -0.196123 1.933742 0.063629
v -0.196671 1.933612 0.065548
v 0.123128 1.828773 0.068472
v 0.123634 1.828952 0.070399
v -0.009983 2.047195 0.064244
v -0.009625 2.047617 0.066166
v -0.076896 2.063427 0.063301
v -0.077072 2.063978 0.065215
v -0.179882 2.000660 0.062962
v -0.180301 2.001063 0.064875
v -0.063016 1.715324 0.067858
v -0.063416 1.714951 0.069782
v 0.106886 1.761859 0.069140
v 0.107262 1.761504 0.071072
v 0.003901 1.699090 0.068800
v 0.004034 1.698587 0.070731
v -0.061265 1.713313 -0.091128
v -0.061623 1.712891 -0.093050
v 0.108635 1.759848 -0.089845
v 0.109054 1.759445 -0.091759
v 0.005651 1.697079 -0.090185
v 0.005827 1.696527 -0.092100
v 0.124878 1.826762 -0.090515
v 0.125426 1.826892 -0.092434
v -0.194373 1.931731 -0.095356
v -0.194879 1.931552 -0.097283
v -0.008232 2.045184 -0.094743
v -0.007832 2.045557 -0.096667
v -0.075146 2.061416 -0.095685
v -0.075279 2.061918 -0.097616
v -0.178131 1.998649 -0.096023
v -0.178507 1.999004 -0.097955
v -1.268445 0.844925 -0.069981
v -1.270340 0.844917 -0.070620
v -1.148632 0.637424 -0.066035
v -1.149576 0.635769 -0.066642
v -1.148632 1.052458 -0.071285
v -1.149576 1.054097 -0.071934
v -0.909009 0.637457 -0.063399
v -0.908051 0.635802 -0.063985
v -0.909007 1.052492 -0.068649
v -0.908049 1.054132 -0.069277
v -0.789194 0.844992 -0.064704
v -0.787285 0.844984 -0.065301
v -1.269678 0.846343 0.042116
v -1.271587 0.846350 0.042713
v -1.149865 0.638842 0.046061
v -1.150823 0.637203 0.046689
v -0.910241 0.638876 0.048699
v -0.909297 0.637237 0.049348
v -0.790430 0.846410 0.047393
v -0.788535 0.846418 0.048032
v -1.149865 1.053877 0.040811
v -1.150823 1.055532 0.041397
v -0.910240 1.053910 0.043447
v -0.909296 1.055565 0.044054
v -0.070095 1.677340 -0.075353
v -0.071083 1.675910 -0.076342
v -0.230655 1.940804 -0.080452
v -0.232362 1.940553 -0.081464
v -0.071506 1.678961 0.052808
v -0.072516 1.677556 0.053811
v -0.232065 1.942426 0.047708
v -0.233794 1.942201 0.048688
v 0.558286 2.212878 -0.075519
v 0.557710 2.212478 -0.077392
v 0.019253 1.842529 -0.076769
v 0.019721 1.841652 -0.078505
v 0.259766 1.932802 -0.075262
v 0.258983 1.932274 -0.077025
v 0.556868 2.214507 0.053261
v 0.556251 2.214155 0.055130
v 0.258349 1.934432 0.053516
v 0.257527 1.933949 0.055274
v 0.017835 1.844159 0.052011
v 0.018264 1.843326 0.053778
v -0.648547 1.292487 0.049895
v -0.648133 1.293151 0.051736
v -0.906709 1.467458 0.044839
v -0.906161 1.467651 0.046753
v -0.813867 1.732474 0.042508
v -0.813547 1.732007 0.044426
v -0.503609 1.566059 0.048030
v -0.502943 1.566499 0.049864
v -0.812488 1.730890 -0.082754
v -0.812126 1.730374 -0.084652
v -0.502229 1.564474 -0.077233
v -0.501522 1.564867 -0.079062
v -0.905329 1.465873 -0.080425
v -0.904739 1.466018 -0.082331
v -0.647167 1.290902 -0.075368
v -0.646713 1.291519 -0.077216
v -1.000003 1.001355 0.048059
v -0.999466 1.001083 0.049966
v -0.841772 1.302834 0.045987
v -0.841113 1.302498 0.047845
v -0.998662 0.999812 -0.073904
v -0.998083 0.999492 -0.075792
v -0.840428 1.301291 -0.075976
v -0.839729 1.300907 -0.077810
v 0.007294 1.804990 0.020019
v 0.008191 1.803295 0.020587
v 0.007998 1.804179 -0.044035
v 0.008907 1.802471 -0.044541
v -0.459595 1.554307 0.024199
v -0.457977 1.555306 0.024818
v -0.458756 1.553341 -0.052149
v -0.457124 1.554325 -0.052758
v -0.794558 1.702933 0.018629
v -0.793577 1.701620 0.019776
v -0.793717 1.701967 -0.057718
v -0.792712 1.700626 -0.058810
v -0.824113 1.288800 0.021527
v -0.822468 1.287929 0.022258
v -0.977593 1.001616 0.023469
v -0.975962 1.000753 0.024240
v -0.823317 1.287885 -0.050785
v -0.821656 1.286996 -0.051458
v -0.976796 1.000701 -0.048840
v -0.975149 0.999819 -0.049553
v -0.868603 1.475088 -0.055672
v -0.867039 1.475629 -0.056796
v -0.610913 1.300477 -0.050624
v -0.609842 1.302039 -0.051266
v -0.869445 1.476054 0.020676
v -0.867906 1.476624 0.021820
v -0.611756 1.301443 0.025722
v -0.610699 1.303021 0.026347
v 0.226133 1.914169 0.021046
v 0.224541 1.913195 0.021765
v 0.226837 1.913359 -0.043007
v 0.225261 1.912367 -0.043737
v 0.525160 2.192625 -0.043257
v 0.523730 2.191703 -0.044308
v 0.524455 2.193436 0.020798
v 0.523002 2.192540 0.021840
v 0.562619 -2.277825 0.064911
v 0.563690 -2.279375 0.065583
v 0.657532 -2.126781 0.002458
v 0.659401 -2.127079 0.001812
v 0.656828 -2.127022 0.066516
v 0.658683 -2.127325 0.067201
v 0.563324 -2.277584 0.000853
v 0.564409 -2.279129 0.000194
v 0.545495 -2.253877 0.097182
v 0.546030 -2.254679 0.098935
v 0.627584 -2.122481 0.098581
v 0.628521 -2.122642 0.100341
v 0.546913 -2.253392 -0.031606
v 0.547486 -2.254181 -0.033352
v 0.629001 -2.121995 -0.030209
v 0.629976 -2.122143 -0.031949
v 0.354113 -2.320976 -0.001612
v 0.353871 -2.322844 -0.002284
v 0.353408 -2.321218 0.062445
v 0.353151 -2.323091 0.063098
v 0.606161 -1.915386 0.002688
v 0.607675 -1.914249 0.002043
v 0.605455 -1.915627 0.066745
v 0.606954 -1.914495 0.067432
v 0.356835 -2.293007 0.094960
v 0.356689 -2.293963 0.096711
v 0.358252 -2.292522 -0.033830
v 0.358145 -2.293465 -0.035590
v 0.583055 -1.932933 -0.030001
v 0.583849 -1.932343 -0.031739
v 0.581638 -1.933419 0.098787
v 0.582393 -1.932842 0.100547
v -1.031287 -1.383400 0.056888
v -1.033038 -1.382867 0.057693
v -0.885764 -1.836719 -0.019581
v -0.886841 -1.838180 -0.020421
v -0.886605 -1.837008 0.056771
v -0.887700 -1.838475 0.057576
v -1.030446 -1.383111 -0.019464
v -1.032179 -1.382571 -0.020303
v 0.263210 -1.994505 0.062683
v 0.262218 -1.996092 0.063390
v 0.482601 -1.945410 0.001215
v 0.481702 -1.946859 0.000170
v 0.481895 -1.945651 0.065272
v 0.480974 -1.947108 0.066286
v 0.263917 -1.994266 -0.001374
v 0.262942 -1.995847 -0.002114
v 0.009041 -2.046197 -0.036436
v 0.010051 -2.047611 -0.037426
v 0.007630 -2.046683 0.091735
v 0.008618 -2.048104 0.092737
v -0.059058 -2.062888 0.090939
v -0.059306 -2.064610 0.091926
v -0.057647 -2.062404 -0.037230
v -0.057874 -2.064118 -0.038235
v 0.169525 -1.782660 -0.033676
v 0.171254 -1.782894 -0.034654
v 0.168114 -1.783141 0.094493
v 0.169821 -1.783382 0.095507
v -0.671317 -1.111027 0.061876
v -0.672477 -1.109501 0.062448
v -0.670476 -1.110739 -0.014478
v -0.671624 -1.109209 -0.015063
v 0.300729 -2.206108 0.062299
v 0.301635 -2.204656 0.063333
v 0.221717 -1.877841 -0.001400
v 0.223216 -1.876688 -0.002052
v 0.221012 -1.878082 0.062658
v 0.222496 -1.876934 0.063352
v 0.301437 -2.205867 -0.001759
v 0.302366 -2.204407 -0.002762
v 0.284111 -1.961565 -0.033399
v 0.283625 -1.962359 -0.035169
v 0.502795 -1.912709 -0.030809
v 0.502441 -1.913308 -0.032684
v 0.282692 -1.962049 0.095391
v 0.282167 -1.962857 0.097144
v 0.501378 -1.913192 0.097982
v 0.500982 -1.913805 0.099844
v 0.153317 -1.715964 -0.033604
v 0.154745 -1.714961 -0.034581
v 0.151907 -1.716447 0.094567
v 0.153313 -1.715451 0.095583
v -1.114534 -0.961662 -0.016786
v -1.116242 -0.962493 -0.017413
v -0.930334 -1.343475 0.056130
v -0.932043 -1.344305 0.056755
v -1.115329 -0.961933 0.055531
v -1.117050 -0.962769 0.056114
v -0.929538 -1.343204 -0.016186
v -0.931233 -1.344029 -0.016855
v -0.865020 -1.807418 -0.043706
v -0.865471 -1.808027 -0.045557
v -0.994775 -1.392133 -0.043569
v -0.995487 -1.391881 -0.045421
v -0.866400 -1.807889 0.081566
v -0.866892 -1.808512 0.083402
v -0.996155 -1.392605 0.081704
v -0.996908 -1.392366 0.083542
v 0.198448 -1.894708 -0.034091
v 0.199226 -1.894103 -0.035831
v 0.281761 -2.237538 -0.034463
v 0.282165 -2.236922 -0.036322
v 0.197030 -1.895193 0.094699
v 0.197770 -1.894601 0.096460
v 0.280342 -2.238024 0.094324
v 0.280705 -2.237422 0.096197
v 0.166172 -2.226081 0.060743
v 0.164687 -2.227254 0.061389
v 0.166878 -2.225839 -0.003314
v 0.165407 -2.227007 -0.004002
v -0.682825 -1.159157 0.086030
v -0.683352 -1.158489 0.087840
v -0.681448 -1.158684 -0.039243
v -0.681935 -1.158002 -0.041059
v -0.913228 -1.329843 0.081200
v -0.914097 -1.330264 0.082951
v -1.093463 -0.962596 0.080600
v -1.094441 -0.963071 0.082278
v -0.911886 -1.329384 -0.040771
v -0.912716 -1.329792 -0.042544
v -1.092118 -0.962136 -0.041371
v -1.093059 -0.962598 -0.043074
v -0.648292 -1.842287 -0.016989
v -0.647414 -1.843889 -0.017803
v -0.649135 -1.842574 0.059364
v -0.648275 -1.844182 0.060186
v 0.189094 -2.207773 0.093435
v 0.188312 -2.208383 0.095172
v 0.190511 -2.207289 -0.035354
v 0.189768 -2.207886 -0.037112
v -0.207116 -1.972717 0.089650
v -0.208544 -1.973720 0.090627
v -0.205705 -1.972232 -0.038519
v -0.207111 -1.973228 -0.039534
v -0.627248 -1.549911 0.060290
v -0.628690 -1.551061 0.061063
v -0.895836 -0.888824 0.059823
v -0.897545 -0.889513 0.060600
v -0.895003 -0.888540 -0.015696
v -0.896695 -0.889223 -0.016516
v -0.626417 -1.549627 -0.015227
v -0.627842 -1.550771 -0.016040
v -0.663453 -1.812142 -0.041505
v -0.663056 -1.812816 -0.043346
v -0.664831 -1.812615 0.083767
v -0.664475 -1.813303 0.085611
v -0.577010 -1.455078 -0.014746
v -0.578664 -1.454140 -0.015366
v -0.698395 -1.669008 0.059474
v -0.699260 -1.667542 0.060525
v -0.577849 -1.455366 0.061606
v -0.579516 -1.454432 0.062197
v -0.697555 -1.668721 -0.016877
v -0.698396 -1.667247 -0.017935
v -0.567923 -1.493623 0.086036
v -0.568651 -1.493232 0.087857
v -0.683049 -1.699155 0.083993
v -0.683380 -1.698611 0.085889
v -0.566545 -1.493149 -0.039237
v -0.567233 -1.492744 -0.041071
v -0.681670 -1.698682 -0.041278
v -0.681959 -1.698124 -0.043177
v -0.140723 -1.894250 -0.011181
v -0.141784 -1.895756 -0.011959
v -0.141554 -1.894533 0.064335
v -0.142631 -1.896045 0.065078
v 0.116755 -2.022729 0.060964
v 0.115253 -2.023815 0.061716
v -0.055992 -1.914176 0.059473
v -0.057023 -1.915812 0.059984
v -0.055286 -1.913934 -0.004586
v -0.056305 -1.915566 -0.005132
v 0.117460 -2.022488 -0.003094
v 0.115975 -2.023568 -0.003887
v 0.454258 -1.828780 0.001344
v 0.454545 -1.826911 0.000692
v 0.453552 -1.829021 0.065401
v 0.453824 -1.827157 0.066073
v -0.020446 -1.904948 -0.036538
v -0.020937 -1.905756 -0.038300
v 0.141608 -2.006062 -0.035135
v 0.140940 -2.006549 -0.036956
v -0.021864 -1.905433 0.092250
v -0.022393 -1.906255 0.093995
v 0.140192 -2.006548 0.093654
v 0.139485 -2.007049 0.095457
v 0.449152 -1.857882 0.097614
v 0.449278 -1.856935 0.099371
v 0.450570 -1.857397 -0.031175
v 0.450734 -1.856436 -0.032921
v -0.602472 -1.527107 0.092339
v -0.603128 -1.527611 0.094160
v -0.855982 -0.878892 0.091990
v -0.856708 -0.879181 0.093831
v -0.127496 -1.861209 0.096308
v -0.127995 -1.861893 0.098120
v -0.600944 -1.526583 -0.046552
v -0.601559 -1.527073 -0.048391
v -0.854452 -0.878368 -0.046900
v -0.855138 -0.878643 -0.048759
v -0.125968 -1.860687 -0.042585
v -0.126427 -1.861357 -0.044413
v 0.003849 -1.626276 0.093278
v 0.004076 -1.624562 0.094283
v 0.005261 -1.625792 -0.034894
v 0.005509 -1.624070 -0.035881
v -0.917141 -0.987687 -0.073666
v -0.916593 -0.988598 -0.075360
v -1.122678 -0.987737 -0.075929
v -1.123188 -0.988648 -0.077635
v -1.071319 -0.898718 -0.075028
v -1.070987 -0.898171 -0.076923
v -0.968550 -0.898693 -0.073897
v -0.968841 -0.898147 -0.075799
v -1.122731 -0.809727 -0.075259
v -1.122207 -0.809720 -0.077189
v -0.917190 -0.809677 -0.072998
v -0.917671 -0.809670 -0.074939
v -1.225498 -0.809752 -0.076391
v -1.226538 -0.809746 -0.078099
v -0.814423 -0.809652 -0.071865
v -0.813345 -0.809645 -0.073550
v -1.122779 -0.631714 -0.074590
v -1.123290 -0.630791 -0.076289
v -0.917241 -0.631664 -0.072328
v -0.916693 -0.630740 -0.074015
v -1.071371 -0.720708 -0.074359
v -1.071038 -0.721240 -0.076258
v -0.968601 -0.720683 -0.073227
v -0.968891 -0.721215 -0.075133
v -0.919233 -0.988403 0.116547
v -0.918722 -0.989326 0.118246
v -0.816514 -0.810368 0.118347
v -0.815474 -0.810374 0.120055
v -0.919285 -0.810393 0.117215
v -0.919929 -0.810400 0.119109
v -0.919335 -0.632381 0.117886
v -0.918824 -0.631470 0.119592
v -0.970645 -0.899410 0.116316
v -0.970977 -0.898878 0.118215
v -0.970695 -0.721398 0.116985
v -0.971027 -0.721945 0.118880
v -1.124772 -0.988453 0.114284
v -1.125320 -0.989377 0.115971
v -1.073464 -0.721424 0.115854
v -1.073173 -0.721970 0.117756
v -1.073412 -0.899435 0.115184
v -1.073224 -0.899079 0.117143
v -1.124872 -0.632431 0.115622
v -1.125420 -0.631520 0.117316
v -1.124822 -0.810443 0.114954
v -1.124424 -0.810450 0.116914
v -1.227592 -0.810468 0.113823
v -1.228670 -0.810475 0.115508
v -1.061212 -0.878544 0.098769
v -1.060844 -0.877877 0.100618
v -1.100595 -0.810373 0.098592
v -1.099838 -0.810380 0.100443
v -0.982488 -0.878526 0.099634
v -0.982897 -0.877859 0.101475
v -1.061252 -0.742182 0.099282
v -1.060883 -0.742862 0.101126
v -0.943145 -0.810334 0.100325
v -0.943943 -0.810341 0.102159
v -0.982526 -0.742163 0.100148
v -0.982935 -0.742844 0.101984
v -0.980800 -0.741572 -0.056812
v -0.981168 -0.742239 -0.058661
v -0.941418 -0.809744 -0.056634
v -0.942175 -0.809737 -0.058485
v -1.059525 -0.741591 -0.057678
v -1.059116 -0.742257 -0.059519
v -0.980761 -0.877936 -0.057325
v -0.981130 -0.877256 -0.059169
v -1.098869 -0.809782 -0.058367
v -1.098071 -0.809775 -0.060201
v -1.059484 -0.877955 -0.058190
v -1.059075 -0.877274 -0.060026
v -0.708690 -0.847247 -0.045180
v -0.708068 -0.846984 -0.047062
v -0.447253 -1.378480 -0.012612
v -0.445771 -1.377420 -0.013437
v -0.471398 -1.400905 -0.044653
v -0.470784 -1.400457 -0.046503
v -0.673990 -0.843051 -0.013091
v -0.672305 -0.842336 -0.013897
v -0.083811 -1.741400 -0.041671
v -0.083347 -1.740885 -0.043547
v -0.054650 -1.718664 -0.009573
v -0.053431 -1.717267 -0.010322
v -0.710217 -0.847770 0.093712
v -0.709637 -0.847521 0.095610
v -0.448085 -1.378762 0.062905
v -0.446622 -1.377708 0.063770
v -0.674819 -0.843334 0.062428
v -0.673152 -0.842625 0.063276
v -0.472926 -1.401426 0.094239
v -0.472352 -1.400993 0.096105
v -0.085341 -1.741922 0.097221
v -0.084918 -1.741421 0.099111
v -0.055481 -1.718948 0.065944
v -0.054279 -1.717557 0.066731
v -0.185636 -1.896588 -0.053430
v -0.186142 -1.896426 -0.055358
v 0.133587 -1.791491 -0.049520
v 0.134135 -1.791638 -0.051438
v 0.000539 -2.009977 -0.051808
v 0.000939 -2.010368 -0.053728
v -0.066370 -2.026236 -0.052607
v -0.066503 -2.026756 -0.054533
v -0.169374 -1.963506 -0.053503
v -0.169750 -1.963878 -0.055432
v -0.052589 -1.678104 -0.051142
v -0.052947 -1.677699 -0.053067
v 0.117326 -1.724576 -0.049447
v 0.117745 -1.724190 -0.051364
v 0.014324 -1.661844 -0.050346
v 0.014500 -1.661309 -0.052265
v -0.054338 -1.678703 0.107853
v -0.054738 -1.678313 0.109773
v 0.115576 -1.725174 0.109549
v 0.115952 -1.724802 0.111478
v 0.012574 -1.662443 0.108652
v 0.012707 -1.661923 0.110579
v 0.131837 -1.792090 0.109476
v 0.132343 -1.792252 0.111404
v -0.187385 -1.897189 0.105567
v -0.187933 -1.897042 0.107485
v -0.001210 -2.010576 0.107189
v -0.000852 -2.010981 0.109115
v -0.068120 -2.026835 0.106391
v -0.068296 -2.027369 0.108310
v -0.171122 -1.964105 0.105494
v -0.171541 -1.964491 0.107411
v -1.261247 -0.810330 0.074395
v -1.263156 -0.810333 0.074992
v -1.141495 -0.602766 0.076493
v -1.142453 -0.601121 0.077107
v -1.141377 -1.017831 0.074930
v -1.142334 -1.019481 0.075531
v -0.901872 -0.602708 0.079129
v -0.900928 -0.601063 0.079763
v -0.901751 -1.017772 0.077570
v -0.900806 -1.019421 0.078192
v -0.781999 -0.810213 0.079666
v -0.780104 -0.810215 0.080305
v -1.260015 -0.809906 -0.037711
v -1.261910 -0.809904 -0.038350
v -1.140262 -0.602344 -0.035612
v -1.141207 -0.600695 -0.036234
v -0.900638 -0.602286 -0.032975
v -0.899681 -0.600636 -0.033576
v -0.780765 -0.809789 -0.032438
v -0.778856 -0.809785 -0.033035
v -1.140142 -1.017409 -0.037174
v -1.141086 -1.019054 -0.037808
v -0.900517 -1.017351 -0.034536
v -0.899559 -1.018996 -0.035149
v -0.062839 -1.642479 0.092481
v -0.063849 -1.641065 0.093471
v -0.223323 -1.906022 0.089723
v -0.225052 -1.905788 0.090701
v -0.061428 -1.641996 -0.035689
v -0.062416 -1.640575 -0.036691
v -0.221913 -1.905540 -0.038447
v -0.223620 -1.905299 -0.039461
v 0.565685 -2.177819 0.097692
v 0.565068 -2.177450 0.099559
v 0.026548 -1.807652 0.093152
v 0.026977 -1.806804 0.094912
v 0.267090 -1.897838 0.095460
v 0.266268 -1.897339 0.097214
v 0.567104 -2.177335 -0.031098
v 0.566528 -2.176952 -0.032975
v 0.268506 -1.897352 -0.033328
v 0.267722 -1.896840 -0.035095
v 0.027966 -1.807166 -0.035637
v 0.028433 -1.806305 -0.037380
v -0.638611 -1.255736 -0.039136
v -0.638157 -1.256369 -0.040978
v -0.896722 -1.430820 -0.042635
v -0.896132 -1.430981 -0.044539
v -0.803806 -1.695819 -0.042612
v -0.803444 -1.695320 -0.044514
v -0.493596 -1.529273 -0.038571
v -0.492889 -1.529682 -0.040396
v -0.805186 -1.696291 0.082660
v -0.804866 -1.695807 0.084574
v -0.494974 -1.529745 0.086702
v -0.494307 -1.530168 0.088540
v -0.898101 -1.431293 0.082637
v -0.897553 -1.431469 0.084553
v -0.639989 -1.256209 0.086136
v -0.639575 -1.256856 0.087983
v -0.990189 -0.964744 -0.040260
v -0.989610 -0.964441 -0.042150
v -0.831869 -1.266186 -0.039653
v -0.831169 -1.265819 -0.041490
v -0.991530 -0.965204 0.081712
v -0.990993 -0.964915 0.083617
v -0.833209 -1.266644 0.082320
v -0.832550 -1.266291 0.084175
v 0.016702 -1.768528 -0.003244
v 0.017610 -1.766824 -0.003764
v 0.015996 -1.768770 0.060813
v 0.016892 -1.767070 0.061367
v -0.450123 -1.517905 -0.013585
v -0.448491 -1.518893 -0.014185
v -0.450965 -1.518195 0.062766
v -0.449347 -1.519188 0.063394
v -0.785044 -1.666670 -0.017833
v -0.784039 -1.665338 -0.018936
v -0.785884 -1.666958 0.058521
v -0.784904 -1.665635 0.059656
v -0.814762 -1.252552 -0.014581
v -0.813101 -1.251669 -0.015261
v -0.968322 -0.965403 -0.015190
v -0.966675 -0.964528 -0.015911
v -0.815557 -1.252823 0.057734
v -0.813912 -1.251945 0.058457
v -0.969118 -0.965677 0.057127
v -0.967487 -0.964807 0.057891
v -0.860835 -1.440091 0.058549
v -0.859296 -1.440650 0.059698
v -0.603195 -1.265370 0.062043
v -0.602137 -1.266942 0.062683
v -0.859995 -1.439804 -0.017802
v -0.858431 -1.440355 -0.018920
v -0.602356 -1.265082 -0.014310
v -0.601284 -1.266650 -0.014938
v 0.235571 -1.877632 -0.001247
v 0.233995 -1.876647 -0.001985
v 0.234867 -1.877873 0.062811
v 0.233275 -1.876893 0.063522
v 0.533268 -2.157044 0.065043
v 0.531814 -2.156139 0.066077
v 0.533974 -2.156804 0.000984
v 0.532544 -2.155891 -0.000075
v -1.008887 -0.904139 0.093401
v -0.529149 -0.829136 0.097015
v -0.391157 -0.649533 0.094378
v -0.518603 -0.537386 0.090343
v -0.640451 -0.662822 0.092131
v -1.008982 -0.703103 0.088969
v -0.345432 0.712774 0.069225
v -0.370359 0.691436 0.085723
v -0.332819 0.695404 0.100063
v -0.316192 0.709790 0.080821
v -0.546292 0.500284 -0.111965
v -0.563064 0.486311 -0.092750
v -0.561123 0.517664 -0.082194
v -0.536004 0.539423 -0.098685
v -0.331596 -0.673827 -0.083316
v -0.344385 -0.690783 -0.053579
v -0.368312 -0.669859 -0.070105
v -0.342342 -0.691191 -0.053712
v -0.329805 -0.674569 -0.082860
v -0.314257 -0.688185 -0.064011
v -0.332143 -0.669870 0.129548
v -0.344044 -0.687771 0.100893
v -0.316191 -0.684298 0.111666
v -0.346083 -0.687370 0.100698
v -0.333943 -0.669109 0.129931
v -0.370359 -0.665746 0.115751
v -0.370334 0.691882 0.042284
v -0.369243 0.689691 -0.056764
v -0.511348 0.874203 -0.062581
v -0.512443 0.876402 0.036806
v -0.343048 -0.691803 -0.051482
v -0.313732 -0.688667 -0.062236
v -0.315628 -0.684858 0.109926
v -0.344701 -0.688482 0.098678
v -0.072486 0.357237 -0.085681
v -0.074446 0.361177 0.092399
v -0.208892 0.360964 0.090837
v -0.206933 0.357029 -0.087070
v -0.538107 -0.521445 -0.031825
v -0.653998 -0.641061 -0.030701
v -0.655094 -0.638859 0.068835
v -0.539197 -0.519254 0.067219
v -0.316969 -0.104925 -0.078042
v -0.318926 -0.100990 0.099828
v -0.319028 -0.207684 0.102220
v -0.317070 -0.211621 -0.075715
v -0.529176 0.855607 0.059087
v -0.514583 0.876699 0.038429
v -1.008577 0.953684 0.031338
v -1.008885 0.930372 0.052159
v -0.370401 -0.668862 -0.069260
v -0.344790 -0.691257 -0.051580
v -0.346367 -0.688090 0.091593
v -0.368053 -0.670155 -0.028202
v -0.387925 -0.652853 -0.050912
v -0.517260 -0.538835 -0.054856
v -0.538146 -0.520098 -0.033334
v -0.539268 -0.517841 0.068666
v -0.520610 -0.534293 0.089432
v -0.562732 -0.497271 0.091662
v -0.561081 -0.500586 -0.058173
v -0.534708 -0.524009 -0.074271
v -0.529176 -0.830934 0.096402
v -1.008885 -0.905933 0.092787
v -1.008577 -0.930146 0.073018
v -0.514583 -0.852921 0.076697
v -0.545841 -0.481855 -0.090637
v -0.562468 -0.466986 -0.071975
v -0.375483 -0.263735 -0.074459
v -0.354487 -0.273770 -0.093211
v -0.563670 0.485850 -0.090991
v -0.565565 0.489661 0.081208
v -0.563549 0.520409 0.069504
v -0.561895 0.517087 -0.080620
v -0.370933 -0.667567 0.073991
v -0.389817 -0.650721 0.093784
v -0.527510 -0.829934 0.096414
v -0.512893 -0.851957 0.076677
v -0.527596 -0.834106 -0.046969
v -0.513452 -0.855193 -0.025995
v -1.007447 -0.932420 -0.029776
v -1.007306 -0.909105 -0.050598
v -0.527510 0.854608 0.059144
v -0.389959 0.675533 0.064288
v -0.370933 0.691407 0.043923
v -0.512893 0.875735 0.038452
v -0.316449 -0.103071 -0.078078
v -0.250834 0.004971 -0.079724
v -0.252792 0.008905 0.098102
v -0.318406 -0.099136 0.099793
v -0.388241 0.672287 -0.078600
v -0.525929 0.851435 -0.084259
v -0.511762 0.873464 -0.064206
v -0.369806 0.689144 -0.058393
v -0.654659 0.663186 0.041660
v -0.538631 0.543495 0.045339
v -0.519869 0.560739 0.065555
v -0.640647 0.685111 0.061679
v -0.548648 0.505015 0.101897
v -0.538053 0.543535 0.087130
v -0.562811 0.521056 0.071067
v -0.564997 0.490199 0.082957
v -0.903138 0.924924 -0.049683
v -0.635591 1.584089 -0.055169
v -0.610830 1.561474 -0.085410
v -0.863661 0.914683 -0.080117
v -0.560674 -0.500134 -0.060135
v -0.546123 -0.484711 -0.089855
v -0.536005 -0.522040 -0.075200
v -0.547091 -0.482997 -0.089548
v -0.561368 -0.498129 -0.060391
v -0.563064 -0.468714 -0.071620
v -0.563071 -0.494709 0.094206
v -0.549432 -0.478295 0.122975
v -0.564997 -0.464826 0.104087
v -0.548472 -0.479993 0.123379
v -0.562372 -0.496723 0.094054
v -0.538053 -0.517930 0.110615
v -0.335050 0.693800 0.100606
v -0.371986 0.689753 0.086391
v -0.536112 0.544979 0.087787
v -0.546668 0.507162 0.102401
v -0.653998 0.660296 -0.059494
v -0.538107 0.540751 -0.055327
v -0.539197 0.542942 0.043717
v -0.655093 0.662498 0.040042
v -0.332684 0.689045 -0.114324
v -0.544301 0.502407 -0.112519
v -0.534048 0.540838 -0.099362
v -0.369926 0.685613 -0.100759
v -0.536737 0.545504 0.086230
v -0.374246 0.688836 0.084848
v -0.390230 0.674014 0.065954
v -0.518870 0.560340 0.067202
v -0.539268 0.541595 0.045225
v -0.538146 0.539339 -0.056775
v -0.519043 0.555798 -0.077125
v -0.561087 0.518754 -0.080281
v -0.562737 0.522070 0.069552
v 0.041915 0.451123 -0.091792
v 0.041915 -0.439569 -0.072084
v 0.028363 -0.426150 -0.091541
v 0.027751 -0.167513 -0.097117
v 0.028363 0.436853 -0.110636
v -0.312697 -0.687280 -0.064360
v -0.328918 -0.673075 -0.084023
v -0.171868 -0.453481 -0.087217
v -0.151767 -0.462378 -0.067549
v -1.007472 0.952215 -0.069821
v -1.008566 0.954415 0.029668
v -0.514042 0.877348 0.036768
v -0.512947 0.875149 -0.062620
v -0.518360 0.557727 -0.077354
v -0.537505 0.541232 -0.056958
v -0.653528 0.660912 -0.061130
v -0.639069 0.681937 -0.081786
v -0.275752 0.507793 -0.115562
v -0.290277 0.521899 -0.097053
v -0.042304 0.522195 -0.094298
v -0.042199 0.507960 -0.112987
v -0.212040 -0.357587 -0.095589
v -0.207096 -0.345850 -0.073415
v -0.072113 -0.345996 -0.072014
v -0.060475 -0.357877 -0.094060
v -0.040556 0.522182 -0.092469
v -0.042594 0.526276 0.092586
v 0.039677 0.457658 0.095002
v 0.041715 0.453564 -0.090038
v -0.427490 -0.147811 -0.081939
v -0.427395 -0.298265 -0.078577
v -0.429431 -0.294170 0.106480
v -0.429527 -0.143716 0.103182
v -0.343048 0.710071 -0.082498
v -0.344701 0.713394 0.067661
v -0.315628 0.710272 0.079058
v -0.313732 0.706463 -0.093104
v -0.174233 -0.448728 0.127598
v -0.331281 -0.668326 0.130663
v -0.314639 -0.683378 0.112008
v -0.153709 -0.458476 0.108789
v -0.527595 0.852435 -0.084283
v -1.007306 0.927200 -0.091227
v -1.007447 0.951410 -0.071456
v -0.513452 0.874427 -0.064263
v -0.151080 -0.462649 -0.065876
v -0.152986 -0.458820 0.107146
v -0.314058 -0.683921 0.110368
v -0.312152 -0.687750 -0.062685
v 0.025867 0.441868 0.116022
v 0.025868 -0.421136 0.135116
v 0.039838 -0.435395 0.116574
v 0.039838 0.455297 0.096866
v -0.546898 -0.478250 0.124737
v -0.332606 -0.667142 0.131281
v -0.175660 -0.447687 0.128218
v -0.355411 -0.270011 0.122316
v -0.035978 -0.505891 -0.071370
v 0.027655 -0.428017 -0.091422
v 0.041227 -0.441456 -0.071937
v 0.021281 -0.433951 -0.091365
v -0.040526 -0.509603 -0.071875
v -0.040427 -0.496563 -0.090661
v 0.042483 0.451924 -0.089993
v 0.040445 0.456018 0.095047
v 0.040445 -0.436196 0.114788
v 0.042483 -0.440290 -0.070252
v -0.042304 -0.510685 -0.071447
v -0.290278 -0.510511 -0.074210
v -0.275752 -0.497236 -0.093326
v -0.042199 -0.497290 -0.090746
v 0.027579 0.438642 -0.110799
v -0.040428 0.507238 -0.112870
v -0.040474 0.521456 -0.094326
v 0.041227 0.453014 -0.091728
v -0.278248 0.512807 0.111111
v -0.044695 0.512974 0.113672
v -0.044381 0.526369 0.094374
v -0.292356 0.526075 0.091681
v 0.025162 -0.423007 0.135063
v -0.038054 -0.501721 0.117079
v 0.039152 -0.437287 0.116495
v -0.042614 -0.505410 0.117647
v 0.018787 -0.428940 0.135129
v -0.042922 -0.491552 0.135836
v -0.044382 -0.506511 0.117229
v -0.044696 -0.492276 0.135914
v -0.213755 -0.491944 0.133917
v -0.278248 -0.492222 0.133348
v -0.292356 -0.506336 0.114522
v -0.429431 0.313762 0.093030
v -0.427395 0.309667 -0.092027
v -0.427490 0.159212 -0.088731
v -0.429527 0.163309 0.096390
v -0.426846 0.159074 -0.090503
v -0.426751 0.309399 -0.093795
v -0.411352 0.303897 -0.112550
v -0.411397 0.156044 -0.109328
v -0.074115 0.361667 0.094287
v -0.063141 0.373381 0.116488
v -0.214532 0.373191 0.114779
v -0.209097 0.361453 0.092719
v -0.344605 0.349420 0.095009
v -0.427692 0.315008 0.094898
v -0.412855 0.310377 0.114014
v -0.336024 0.340401 0.114254
v -0.291703 0.429851 -0.095001
v -0.291461 0.520753 -0.097028
v -0.276915 0.506628 -0.115562
v -0.276992 0.429282 -0.113871
v -0.563051 -0.466452 -0.070334
v -0.564954 -0.462623 0.102703
v -0.378104 -0.259520 0.100308
v -0.376200 -0.263350 -0.072814
v -0.042921 0.512248 0.113626
v 0.025081 0.443662 0.116088
v 0.039152 0.457184 0.096703
v -0.042553 0.525633 0.094475
v -0.293780 0.434024 0.093671
v -0.279489 0.434298 0.112867
v -0.279411 0.511643 0.111136
v -0.293539 0.524929 0.091680
v -0.316212 -0.213135 -0.075672
v -0.318170 -0.209198 0.102263
v -0.277980 -0.233182 0.103167
v -0.276021 -0.237116 -0.074632
v -0.342527 -0.333884 -0.078688
v -0.425615 -0.299511 -0.080406
v -0.410360 -0.294871 -0.099191
v -0.333527 -0.324857 -0.097741
v -0.317437 -0.105051 -0.079917
v -0.317539 -0.211812 -0.077588
v -0.329922 -0.216616 -0.100039
v -0.329856 -0.107443 -0.102460
v -0.331280 0.694673 0.100507
v -0.174233 0.475152 0.107158
v -0.153709 0.484059 0.087936
v -0.314640 0.708886 0.081204
v -0.427692 -0.295333 0.108401
v -0.344605 -0.329708 0.110035
v -0.336024 -0.319844 0.128861
v -0.412855 -0.289859 0.127294
v -0.530316 0.006505 -0.086441
v -0.532356 0.010598 0.098591
v -0.430088 0.161482 0.096424
v -0.428052 0.157385 -0.088697
v -0.294880 -0.412471 0.110591
v -0.343519 -0.331414 0.108240
v -0.341481 -0.335508 -0.076796
v -0.292842 -0.416566 -0.074491
v -0.333848 0.121809 0.119936
v -0.333916 0.233917 0.117450
v -0.286011 0.262926 0.117307
v -0.216322 0.374658 0.115622
v -0.060608 0.374848 0.117378
v -0.060502 -0.353668 0.133567
v -0.211167 -0.490691 0.134891
v -0.044123 -0.490671 0.136694
v 0.024272 -0.421276 0.135911
v 0.024271 0.442043 0.116810
v -0.044122 0.511405 0.114523
v -0.277816 0.511238 0.111960
v -0.277892 0.433040 0.113709
v -0.334007 0.339564 0.115141
v -0.412233 0.309061 0.114931
v -0.412279 0.159659 0.118286
v -0.515540 0.010253 0.120395
v -0.412279 -0.139102 0.124896
v -0.412234 -0.286851 0.128115
v -0.334065 -0.212410 0.127412
v -0.333848 -0.101215 0.124871
v -0.267278 0.010312 0.123081
v -0.341481 0.346951 -0.091895
v -0.343519 0.351045 0.093140
v -0.294880 0.432127 0.091904
v -0.292842 0.428033 -0.093176
v -0.530316 0.004851 -0.086405
v -0.428052 -0.145984 -0.081985
v -0.430088 -0.141889 0.103135
v -0.532356 0.008943 0.098628
v -0.427409 -0.145887 -0.083786
v -0.529592 0.004754 -0.088230
v -0.514310 0.004342 -0.106992
v -0.412008 -0.143702 -0.102677
v -0.410360 0.305365 -0.112471
v -0.425615 0.310831 -0.093910
v -0.342527 0.345245 -0.093713
v -0.333527 0.335387 -0.112348
v -0.428922 -0.143578 0.104967
v -0.428826 -0.293902 0.108262
v -0.413849 -0.288392 0.127351
v -0.413894 -0.140541 0.124128
v -0.208670 0.356561 -0.088988
v -0.274903 0.250393 -0.087315
v -0.281958 0.257705 -0.109938
v -0.213607 0.367295 -0.111631
v -0.317539 0.223343 -0.087216
v -0.317437 0.116585 -0.084821
v -0.329856 0.117976 -0.107448
v -0.329922 0.227151 -0.109857
v -0.529592 0.006520 -0.088269
v -0.427409 0.157208 -0.090492
v -0.412008 0.154189 -0.109268
v -0.514310 0.006102 -0.107031
v -0.531673 0.010694 0.100432
v -0.516805 0.011114 0.119526
v -0.414504 0.159206 0.117464
v -0.429485 0.161385 0.098239
v -0.319539 -0.207792 0.104089
v -0.319436 -0.101034 0.101696
v -0.332350 -0.102432 0.124042
v -0.332565 -0.211681 0.126540
v -0.044362 0.526916 0.092552
v -0.042324 0.522822 -0.092502
v -0.291085 0.522526 -0.095265
v -0.293124 0.526622 0.089850
v 0.026751 -0.168535 -0.098105
v 0.026785 -0.424670 -0.092401
v -0.057923 -0.357860 -0.094927
v -0.058276 -0.168547 -0.099001
v -0.511348 -0.854896 -0.024325
v -0.369344 -0.670327 -0.026645
v -0.370334 -0.668114 0.072375
v -0.512443 -0.852697 0.075062
v -0.291085 -0.511059 -0.072397
v -0.042324 -0.511232 -0.069625
v -0.044363 -0.507138 0.115433
v -0.293124 -0.506964 0.112718
v -0.563670 -0.468176 -0.069884
v -0.561895 -0.498925 -0.058142
v -0.563549 -0.495604 0.091983
v -0.565565 -0.464366 0.102315
v -0.344957 -0.330176 0.108196
v -0.428507 -0.295552 0.106521
v -0.426471 -0.299646 -0.078536
v -0.342920 -0.334269 -0.076839
v 0.026751 -0.166536 -0.098150
v -0.058276 -0.166548 -0.099045
v -0.058096 0.369797 -0.110932
v -0.213810 0.369608 -0.112593
v -0.283496 0.257877 -0.110869
v -0.331403 0.228869 -0.110783
v -0.331336 0.116759 -0.108310
v -0.264767 0.005264 -0.105052
v -0.331336 -0.106266 -0.103375
v -0.331403 -0.218374 -0.100888
v -0.283497 -0.247356 -0.099690
v -0.213810 -0.359054 -0.096471
v -0.059271 -0.359344 -0.094909
v 0.026290 -0.426828 -0.092359
v -0.041609 -0.495720 -0.091584
v -0.275302 -0.495667 -0.094165
v -0.275377 -0.417469 -0.095916
v -0.331492 -0.324020 -0.098583
v -0.409719 -0.293555 -0.100094
v -0.409765 -0.144154 -0.103449
v -0.513027 0.005204 -0.107833
v -0.409765 0.154607 -0.110059
v -0.409719 0.304011 -0.113315
v -0.331492 0.334513 -0.113152
v -0.275377 0.427988 -0.114621
v -0.275302 0.506188 -0.116331
v -0.041609 0.506355 -0.113755
v 0.026784 0.436993 -0.111466
v -0.042595 -0.506497 0.115438
v -0.040556 -0.510592 -0.069620
v 0.041715 -0.441930 -0.070224
v 0.039677 -0.437836 0.114816
v -0.544519 -0.483028 -0.091255
v -0.353029 -0.274793 -0.093833
v -0.173281 -0.452468 -0.087914
v -0.330228 -0.671920 -0.084721
v -0.294366 0.433984 0.091869
v -0.294124 0.525622 0.089861
v -0.292085 0.521526 -0.095254
v -0.292327 0.429890 -0.093212
v -0.277892 -0.412418 0.132415
v -0.277816 -0.490617 0.134127
v -0.214151 -0.490692 0.134858
v -0.064100 -0.354225 0.133540
v -0.216322 -0.354005 0.131743
v -0.286011 -0.242307 0.128485
v -0.332930 -0.214090 0.127462
v -0.411407 -0.288826 0.128168
v -0.334007 -0.318969 0.129710
v -0.544518 0.499741 -0.113000
v -0.330227 0.688738 -0.114828
v -0.173281 0.469357 -0.108309
v -0.353029 0.291594 -0.106364
v -0.312697 0.704984 -0.095164
v -0.151767 0.480158 -0.088403
v -0.171868 0.470400 -0.107658
v -0.328916 0.689923 -0.114181
v -0.546898 0.504519 0.102994
v -0.355411 0.296376 0.109784
v -0.175660 0.474139 0.107823
v -0.332605 0.693517 0.101176
v -0.314058 0.709355 0.079541
v -0.152986 0.484331 0.086279
v -0.151080 0.480502 -0.086744
v -0.312152 0.705527 -0.093511
v -0.214533 -0.352578 0.130837
v -0.063034 -0.352797 0.132625
v -0.074115 -0.341972 0.109855
v -0.209097 -0.341829 0.108279
v -0.527553 0.850637 -0.084896
v -0.389567 0.671099 -0.079223
v -0.517018 0.558891 -0.077992
v -0.638858 0.684268 -0.082463
v -1.007388 0.724368 -0.087409
v -1.007294 0.925407 -0.091840
v -0.426471 0.311049 -0.092048
v -0.428507 0.315143 0.093010
v -0.344957 0.349806 0.093152
v -0.342920 0.345712 -0.091883
v -1.008800 -0.678137 0.065807
v -0.656783 -0.639686 0.068836
v -0.655687 -0.641888 -0.030702
v -1.007706 -0.680340 -0.033722
v -1.008887 0.928608 0.052851
v -1.008982 0.727570 0.057314
v -0.640451 0.687470 0.062256
v -0.518541 0.561931 0.066170
v -0.391299 0.674372 0.064934
v -0.529149 0.853837 0.059780
v -0.332050 -0.326092 -0.097706
v -0.277565 -0.416825 -0.095117
v -0.292212 -0.416562 -0.076322
v -0.341067 -0.335144 -0.078637
v -0.072113 0.357642 -0.087581
v -0.207096 0.357434 -0.088975
v -0.212040 0.368182 -0.111648
v -0.060648 0.368370 -0.110033
v -0.525930 -0.833106 -0.046989
v -0.388241 -0.653886 -0.049257
v -0.369908 -0.669853 -0.028297
v -0.511762 -0.854229 -0.025981
v -0.316652 0.224908 -0.087281
v -0.328995 0.228708 -0.109841
v -0.283349 0.256331 -0.109925
v -0.276297 0.249022 -0.087298
v -0.276915 -0.496072 -0.093377
v -0.291461 -0.509366 -0.074236
v -0.291703 -0.418462 -0.076233
v -0.276992 -0.418728 -0.095110
v -0.318913 -0.099131 0.101706
v -0.253335 0.008918 0.099998
v -0.266129 0.009405 0.122212
v -0.331783 -0.100519 0.123961
v -1.007294 -0.907340 -0.051290
v -1.007388 -0.706305 -0.055755
v -0.638859 -0.666024 -0.052588
v -0.516953 -0.540426 -0.053817
v -0.389567 -0.652726 -0.049932
v -0.527554 -0.832336 -0.047660
v -0.210671 -0.340957 0.108257
v -0.276904 -0.234821 0.105126
v -0.284452 -0.242135 0.127589
v -0.216099 -0.351692 0.130785
v -0.266129 0.011179 0.122173
v -0.253335 0.010684 0.099959
v -0.318913 0.118703 0.096887
v -0.331783 0.121074 0.119058
v -0.279411 -0.491057 0.133322
v -0.279489 -0.413712 0.131630
v -0.293780 -0.414288 0.112440
v -0.293539 -0.505191 0.114471
v -0.531673 0.008928 0.100471
v -0.429485 -0.141711 0.104944
v -0.414504 -0.138686 0.124055
v -0.516805 0.009354 0.119565
v -0.281958 -0.247143 -0.098768
v -0.274903 -0.238840 -0.076491
v -0.208670 -0.344978 -0.073466
v -0.213607 -0.356700 -0.095612
v -0.283349 -0.245770 -0.098816
v -0.328995 -0.218171 -0.099954
v -0.316652 -0.213378 -0.077584
v -0.276297 -0.237470 -0.076535
v -0.428922 0.163250 0.098180
v -0.413894 0.161062 0.117455
v -0.413849 0.308913 0.114135
v -0.428826 0.313573 0.094822
v -0.251336 0.004900 -0.081631
v -0.316914 -0.103151 -0.080000
v -0.329291 -0.105529 -0.102451
v -0.263637 0.004398 -0.104119
v -0.292085 -0.510059 -0.072430
v -0.294124 -0.505964 0.112685
v -0.294366 -0.414328 0.110638
v -0.292327 -0.418423 -0.074444
v -0.284452 0.262714 0.116420
v -0.276904 0.254411 0.094301
v -0.210671 0.360581 0.092735
v -0.216099 0.372304 0.114767
v -0.285844 0.261340 0.116437
v -0.331488 0.233716 0.116569
v -0.318653 0.228929 0.094477
v -0.278297 0.253041 0.094314
v -0.426751 -0.298076 -0.080355
v -0.426846 -0.147752 -0.083715
v -0.411397 -0.145558 -0.102655
v -0.411352 -0.293408 -0.099334
v -0.316914 0.114683 -0.084819
v -0.251336 0.006666 -0.081670
v -0.263637 0.006171 -0.104158
v -0.329291 0.116064 -0.107354
v -0.564408 0.488471 0.083325
v -0.377423 0.285310 0.089923
v -0.356855 0.295352 0.109130
v -0.548205 0.503345 0.102347
v -0.545840 0.498596 -0.112331
v -0.354487 0.290600 -0.105697
v -0.375483 0.281406 -0.086520
v -0.562468 0.484569 -0.093028
v -0.277565 0.427380 -0.113794
v -0.332050 0.336622 -0.112367
v -0.341067 0.346506 -0.093719
v -0.292212 0.427948 -0.095006
v -0.388777 0.675264 0.064968
v -0.372133 0.690693 0.084640
v -0.346445 0.712847 0.067720
v -0.344790 0.709521 -0.082572
v -0.370401 0.686367 -0.099244
v -0.534707 0.541431 -0.097844
v -0.558940 0.520590 -0.082105
v -0.517035 0.557511 -0.078962
v -0.387925 0.671182 -0.080207
v -0.367866 0.689528 -0.058218
v -0.368990 0.691785 0.043774
v -0.276592 0.254049 0.092402
v -0.274634 0.250115 -0.085396
v -0.208463 0.356181 -0.087068
v -0.210422 0.360116 0.090839
v -0.252792 0.010613 0.098064
v -0.250834 0.006679 -0.079762
v -0.316449 0.114688 -0.082895
v -0.318406 0.118624 0.094976
v -0.378104 0.284925 0.088262
v -0.564954 0.487937 0.081672
v -0.563051 0.484108 -0.091365
v -0.376200 0.281094 -0.084860
v -0.318653 -0.209357 0.104174
v -0.331638 -0.213237 0.126545
v -0.285843 -0.240761 0.127545
v -0.278297 -0.233451 0.105078
v -0.377423 -0.259831 0.101984
v -0.564408 -0.463084 0.104378
v -0.548206 -0.477106 0.124039
v -0.356855 -0.269018 0.121618
v -0.318926 0.120477 0.094929
v -0.316969 0.116542 -0.082942
v -0.317070 0.223235 -0.085336
v -0.319028 0.227171 0.092599
v -0.274634 -0.238478 -0.074586
v -0.276592 -0.234544 0.103213
v -0.210422 -0.340577 0.106341
v -0.208463 -0.344513 -0.071565
v -0.318170 0.228686 0.092575
v -0.316212 0.224749 -0.085360
v -0.276021 0.248753 -0.085381
v -0.277980 0.252687 0.092417
v -0.280061 -0.411812 0.131540
v -0.334547 -0.321078 0.128913
v -0.343145 -0.330968 0.110072
v -0.294290 -0.412385 0.112434
v -0.208892 -0.341424 0.106377
v -0.074446 -0.341567 0.107947
v -0.072486 -0.345507 -0.070134
v -0.206933 -0.345361 -0.071529
v -0.073019 0.360572 0.094323
v -0.073019 -0.340877 0.109842
v -0.061939 -0.351702 0.132613
v -0.062045 0.372286 0.116524
v -0.656406 -0.640358 0.070519
v -1.008815 -0.678852 0.067487
v -1.008977 -0.701360 0.088266
v -0.642445 -0.661298 0.091412
v -0.655688 0.661123 -0.059532
v -0.656782 0.663325 0.040006
v -1.008800 0.701608 0.035280
v -1.007706 0.699406 -0.064249
v -1.007398 -0.704533 -0.055130
v -1.007684 -0.681128 -0.035368
v -0.655273 -0.642634 -0.032346
v -0.640868 -0.664470 -0.051980
v -0.389537 -0.649616 0.095398
v -0.368990 -0.667951 0.073859
v -0.368058 -0.670047 -0.019886
v -0.346578 -0.687815 0.098795
v -0.372428 -0.664789 0.114817
v -0.536737 -0.519937 0.109803
v -0.560626 -0.499106 0.093533
v -0.518642 -0.536006 0.091313
v -0.071486 -0.344507 -0.070145
v -0.073446 -0.340567 0.107936
v -0.073446 0.360178 0.092432
v -0.071486 0.356238 -0.085648
v -0.059733 -0.167528 -0.098145
v -0.059380 -0.356782 -0.094073
v -0.071018 -0.344901 -0.072026
v -0.071018 0.356547 -0.087545
v -0.059553 0.367275 -0.109997
v -0.332350 0.122988 0.119055
v -0.319436 0.120603 0.096793
v -0.319538 0.227362 0.094461
v -0.332416 0.232161 0.116633
v -1.007398 0.722625 -0.086707
v -0.640867 0.682743 -0.081787
v -0.655274 0.661795 -0.061206
v -1.007684 0.700121 -0.065929
v -0.343145 0.350681 0.094991
v -0.334547 0.341636 0.114251
v -0.280061 0.432395 0.112862
v -0.294290 0.432123 0.093749
v -0.332686 -0.672205 -0.084205
v -0.369926 -0.668176 -0.070808
v -0.534049 -0.523484 -0.075814
v -0.544302 -0.485671 -0.090657
v -0.536112 -0.519344 0.111335
v -0.371987 -0.664035 0.116343
v -0.335051 -0.667450 0.130723
v -0.546669 -0.480916 0.124261
v -0.519932 -0.536222 0.089676
v -0.538631 -0.519734 0.068863
v -0.654660 -0.639475 0.070481
v -0.640647 -0.660491 0.091450
v -1.008815 0.702397 0.036926
v -0.656405 0.664070 0.041658
v -0.642445 0.685916 0.061605
v -1.008977 0.725798 0.056690
v -0.653528 -0.641749 -0.032309
v -0.537505 -0.521997 -0.033434
v -0.518295 -0.539235 -0.053231
v -0.639070 -0.663665 -0.052014
v -0.514042 -0.853643 0.075066
v -1.008566 -0.930950 0.071383
v -1.007472 -0.933151 -0.028107
v -0.512947 -0.855842 -0.024322
v 0.001175 2.079920 -0.080667
v 0.159813 1.819610 -0.075628
v 0.125645 1.827672 -0.090973
v -0.007064 2.045436 -0.095188
v -0.093442 1.776718 -0.083171
v -0.480518 1.436432 -0.083114
v -0.717413 0.883363 -0.078740
v -0.861886 0.914279 -0.080703
v -0.609063 1.561275 -0.086095
v -0.135428 1.894693 -0.085094
v -0.077817 2.064195 0.063736
v -0.069396 2.098336 0.048531
v -0.214277 2.010037 0.048054
v -0.180145 2.001829 0.063399
v 0.618178 2.159112 0.055510
v 0.536301 2.290069 0.052952
v 0.348051 2.329042 0.050391
v 0.180738 2.243945 0.049622
v 0.131944 2.042710 0.051659
v -0.029570 1.941965 0.051129
v 0.018495 1.845096 0.052882
v 0.187798 1.932153 0.053643
v 0.270944 2.275481 0.050275
v 0.557774 2.215097 0.054199
v 0.493176 1.949003 0.056852
v 0.274414 1.997866 0.053772
v 0.259151 1.934948 0.054399
v 0.440325 1.895141 0.056893
v 0.572397 1.970504 0.057392
v -0.978504 0.757376 0.086479
v -1.129794 0.669411 0.085805
v -0.928036 0.669439 0.088028
v -0.825579 0.846910 0.086909
v -0.928036 1.024352 0.083538
v -1.132526 1.024324 0.081285
v -1.132012 0.850600 0.083608
v -1.082300 0.936604 0.083050
v -0.978689 0.936618 0.084191
v -0.926881 0.846897 0.085897
v -0.927318 0.843524 -0.105613
v -0.977010 0.757380 -0.105079
v -0.988389 0.776989 -0.090016
v -0.949865 0.843716 -0.090435
v 0.001275 2.081404 -0.079177
v -0.000125 2.083013 0.047979
v 0.159750 1.820669 0.053059
v 0.161152 1.819060 -0.074099
v -0.587776 1.491828 0.022880
v -0.706999 1.703403 0.019116
v -0.706169 1.702450 -0.056287
v -0.586951 1.490880 -0.052072
v 0.648742 2.161670 -0.042605
v 0.597868 1.952098 -0.040513
v 0.575498 1.968797 -0.072348
v 0.621120 2.156749 -0.074223
v -0.231284 1.941663 -0.079968
v -0.232683 1.943272 0.047188
v -0.216816 2.008642 0.046537
v -0.215416 2.007033 -0.080622
v -0.689920 1.734525 -0.082399
v -0.813022 1.731615 -0.083723
v -0.906232 1.465550 -0.081386
v -0.648191 1.290851 -0.076301
v -0.690629 1.195042 -0.075541
v -1.002561 1.427399 -0.081931
v -0.873219 1.841771 -0.085749
v -0.672529 1.846572 -0.083599
v -0.503291 1.565085 -0.078169
v -0.575105 1.529433 -0.078505
v -0.927318 0.845424 -0.105637
v -0.949865 0.845616 -0.090459
v -0.988389 0.912332 -0.091728
v -0.977061 0.931465 -0.107256
v -1.123515 0.999209 0.022981
v -1.102653 0.999867 0.047009
v -0.923204 1.365715 0.044424
v -0.939692 1.378503 0.020198
v -1.039527 1.420337 0.020538
v -1.005683 1.429451 0.044535
v -0.876245 1.844030 0.040678
v -0.895686 1.871797 0.016443
v 0.274365 1.999557 0.052987
v 0.490827 1.951207 0.056036
v 0.471992 1.982268 0.024169
v 0.255557 2.030585 0.021022
v -0.868671 1.475427 0.021916
v -0.904431 1.467105 0.045167
v -0.648351 1.293734 0.050148
v -0.613211 1.302668 0.026663
v 0.181680 2.243896 -0.080164
v 0.158799 2.262120 -0.049270
v 0.344318 2.356503 -0.048419
v 0.348336 2.328659 -0.079406
v -1.038891 1.418582 0.020597
v -0.681801 1.148370 0.027788
v -0.692431 1.194714 0.050946
v -1.005122 1.427676 0.044530
v -0.823479 1.286958 -0.051878
v -0.976169 1.001166 -0.050001
v -0.997187 1.000616 -0.074058
v -0.840028 1.299801 -0.076124
v -0.092431 1.775284 -0.082487
v -0.064095 1.753339 -0.050956
v -0.454871 1.414537 -0.051046
v -0.478407 1.436010 -0.082394
v -1.122694 0.998268 -0.051503
v -0.938873 1.377561 -0.054269
v -0.921858 1.364169 -0.077794
v -1.101308 0.998323 -0.075076
v -0.230999 1.939837 -0.079942
v -0.071120 1.677491 -0.074864
v -0.072520 1.679100 0.052293
v -0.232398 1.941447 0.047215
v 0.273323 2.273296 0.049560
v 0.293023 2.242205 0.018910
v 0.523325 2.193735 0.022073
v 0.554618 2.214078 0.053409
v -0.874618 1.843379 0.041359
v -1.003960 1.429007 0.045178
v -0.692026 1.196650 0.051536
v -0.649592 1.292459 0.050806
v -0.907633 1.467159 0.045788
v -0.814422 1.733223 0.043447
v -0.691320 1.736134 0.044761
v -0.576502 1.531041 0.048585
v -0.504691 1.566693 0.048926
v -0.673927 1.848180 0.043507
v -1.124217 0.999123 0.021190
v -0.940196 1.378907 0.018434
v -0.939416 1.378009 -0.052527
v -1.123435 0.998227 -0.049727
v 0.255627 2.030574 -0.043535
v 0.254935 2.031369 0.019243
v 0.471718 1.982974 0.022394
v 0.472412 1.982176 -0.040689
v 0.555538 2.313341 -0.043781
v 0.554846 2.314136 0.018938
v 0.648431 2.164451 0.021861
v 0.649123 2.163658 -0.040857
v 0.443861 1.865388 0.025159
v 0.439586 1.893613 0.056139
v 0.258337 1.933449 0.053633
v 0.227275 1.913906 0.022198
v -0.705677 1.703131 -0.057944
v -0.690377 1.731742 -0.081715
v -0.576413 1.528188 -0.077840
v -0.586784 1.492119 -0.053748
v -1.149615 1.052424 -0.070604
v -1.268904 0.845800 -0.069306
v -1.270121 0.847200 0.041409
v -1.150833 1.053826 0.040110
v -0.706544 1.704126 0.020765
v -0.587646 1.493109 0.024528
v -0.577796 1.529779 0.047923
v -0.691762 1.733334 0.044138
v -0.030707 1.943153 0.050319
v 0.129627 2.043173 0.050853
v 0.106912 2.058582 0.019068
v -0.063445 1.951591 0.018431
v -0.150820 1.929962 -0.052485
v -0.634964 1.586157 -0.053483
v -0.635783 1.587097 0.020823
v -0.151635 1.930903 0.021788
v -0.903993 0.925904 0.027849
v -0.865194 0.916448 0.059393
v -0.612363 1.563236 0.053888
v -0.636447 1.585072 0.022546
v -0.611145 1.564773 0.053898
v -0.137598 1.898159 0.054913
v -0.151362 1.930215 0.023465
v -0.635244 1.586626 0.022525
v -0.717202 0.884833 0.061370
v -0.682790 0.880101 0.030948
v -0.456905 1.413927 0.026720
v -0.481086 1.436150 0.056951
v 0.180260 2.245528 0.048828
v 0.346916 2.330291 0.049594
v 0.343589 2.357340 0.017833
v 0.158070 2.262958 0.016987
v -0.065585 2.098349 -0.080127
v -0.066986 2.099958 0.047030
v -0.001617 2.084102 0.047949
v -0.000217 2.082494 -0.079207
v -0.789456 0.845895 -0.065825
v -0.822153 0.845409 -0.104185
v -0.924477 1.022621 -0.107554
v -0.908338 1.051782 -0.069740
v -1.268158 0.845828 -0.071096
v -1.149277 1.051748 -0.072390
v -1.132299 1.022592 -0.109842
v -1.234624 0.845352 -0.108727
v -0.063495 1.752895 -0.049289
v -0.064312 1.753834 0.024992
v -0.455179 1.415005 0.025014
v -0.454357 1.414065 -0.049343
v 0.446538 1.864163 -0.039298
v 0.597292 1.950198 -0.038727
v 0.596603 1.950991 0.023993
v 0.445849 1.864957 0.023420
v 0.143257 1.753708 0.055108
v 0.159122 1.819081 0.054456
v 0.124046 1.827665 0.069075
v 0.108213 1.762434 0.069726
v -0.000258 2.081566 0.049503
v -0.008825 2.047458 0.064708
v 0.123885 1.829695 0.068923
v 0.158378 1.821256 0.054544
v -0.196890 1.932832 0.064087
v -0.231059 1.940897 0.048743
v -0.072421 1.680585 0.053782
v -0.064184 1.715072 0.068303
v -0.215726 2.010134 0.046530
v -0.068811 2.099673 0.047014
v -0.067410 2.098065 -0.080143
v -0.214326 2.008525 -0.080629
v -1.130835 1.021896 -0.110615
v -0.926346 1.021925 -0.108364
v -0.926860 0.848198 -0.106291
v -0.976574 0.934188 -0.107909
v -1.080184 0.934173 -0.109049
v -1.131990 0.844438 -0.108484
v -1.080184 0.754715 -0.106779
v -0.977678 0.754640 -0.105676
v -0.927078 0.667011 -0.103881
v -1.130835 0.666983 -0.106125
v -1.233293 0.844425 -0.109498
v -0.991794 0.778063 0.070018
v -1.068838 0.778052 0.069169
v -1.080168 0.758918 0.084698
v -0.980778 0.758881 0.085811
v 0.537878 2.290645 0.052194
v 0.619394 2.160265 0.054741
v 0.647707 2.164392 0.023623
v 0.554448 2.313555 0.020710
v -1.130710 0.665390 -0.105305
v -0.926065 0.665419 -0.103052
v -0.909928 0.637222 -0.064513
v -1.147688 0.637190 -0.067129
v -1.068722 0.912321 -0.092612
v -1.107245 0.845594 -0.092191
v -1.129391 0.845396 -0.107844
v -1.079711 0.931450 -0.108385
v -0.456324 1.413429 0.025022
v -0.682026 0.879967 0.029276
v -0.681207 0.879027 -0.045062
v -0.455502 1.412489 -0.049335
v -1.070483 0.779002 0.069139
v -1.109007 0.845719 0.067870
v -1.131554 0.845911 0.083049
v -1.081813 0.759868 0.084668
v -0.195328 1.933844 0.064598
v -0.062578 1.716011 0.068816
v 0.003801 1.699908 0.069750
v 0.106200 1.762320 0.070088
v 0.122312 1.828696 0.069426
v -0.010442 2.046532 0.065209
v -0.076817 2.062633 0.064273
v -0.179217 2.000223 0.063936
v 0.124083 1.826660 -0.091484
v 0.107970 1.760285 -0.090820
v 0.005572 1.697873 -0.091158
v -0.060806 1.713976 -0.092093
v -0.193557 1.931808 -0.096310
v -0.177445 1.998188 -0.096971
v -0.075046 2.060598 -0.096635
v -0.008670 2.044497 -0.095701
v -1.067077 0.776028 -0.090869
v -0.990034 0.776039 -0.090022
v -0.978655 0.756429 -0.105085
v -1.078066 0.756504 -0.106154
v -0.980807 0.934829 0.083567
v -1.080168 0.934815 0.082472
v -1.068838 0.915296 0.067433
v -0.991794 0.915307 0.068282
v -0.715668 0.883070 -0.078034
v -0.479552 1.434388 -0.082367
v -0.456045 1.412944 -0.051058
v -0.681934 0.879118 -0.046754
v -1.038026 1.417589 -0.057870
v -1.003737 1.426086 -0.081275
v -0.691047 1.193121 -0.074912
v -0.680942 1.147381 -0.050361
v -0.656402 1.876675 -0.059471
v -0.459708 1.555216 -0.053106
v -0.501450 1.565495 -0.077541
v -0.671000 1.847443 -0.082944
v -0.455730 1.415520 0.026694
v -0.064949 1.754320 0.026633
v -0.093967 1.777048 0.056969
v -0.479942 1.437773 0.056961
v -0.929480 0.847839 0.085233
v -0.979162 0.933879 0.083597
v -0.990149 0.914357 0.068312
v -0.951626 0.847641 0.069580
v -0.929480 0.845939 0.085257
v -0.951626 0.845741 0.069604
v -0.990149 0.779013 0.070024
v -0.979132 0.759831 0.085817
v 0.226274 1.913847 -0.042382
v 0.225584 1.914641 0.020396
v 0.253723 2.030615 0.019239
v 0.254415 2.029820 -0.043539
v -1.070483 0.914346 0.067426
v -1.081813 0.933865 0.082466
v -1.131554 0.847811 0.083025
v -1.109007 0.847619 0.067846
v -1.039612 1.419025 -0.056255
v -1.040441 1.419976 0.018912
v -0.896167 1.872703 0.014774
v -0.895341 1.871752 -0.060395
v 0.157062 2.261135 -0.047509
v 0.108167 2.059679 -0.045550
v 0.107476 2.060473 0.017275
v 0.156372 2.261929 0.015213
v -0.991719 0.779836 0.069373
v -0.953128 0.846682 0.068951
v -0.991719 0.913518 0.067681
v -1.068899 0.913507 0.066831
v -1.107492 0.846661 0.067251
v -1.068899 0.779825 0.068522
v -1.082300 0.757145 0.085321
v -1.134012 0.846600 0.083637
v -1.134526 1.021592 0.081298
v -1.235405 0.846853 0.082398
v -1.133160 0.669776 0.085764
v -0.982968 0.757107 0.086433
v -0.989973 0.911509 -0.091111
v -0.951380 0.844674 -0.089839
v -0.989973 0.777828 -0.089420
v -1.067152 0.777817 -0.090269
v -1.105743 0.844653 -0.091538
v -1.067152 0.911498 -0.091960
v -0.195130 1.930810 -0.095808
v -0.062423 1.713049 -0.091592
v -0.070987 1.678938 -0.076388
v -0.229627 1.939250 -0.081426
v -1.132299 0.666307 -0.105334
v -1.149277 0.638106 -0.067158
v -1.268158 0.843994 -0.071073
v -1.234624 0.843518 -0.108704
v -0.790717 0.847341 0.048485
v -0.909595 1.053228 0.044569
v -0.926573 1.025028 0.082748
v -0.824249 0.847817 0.086115
v 0.292827 2.239902 -0.045921
v 0.292130 2.240699 0.017151
v 0.213268 1.914760 0.020234
v 0.213957 1.913967 -0.042494
v -1.147688 1.052665 -0.072384
v -0.909926 1.052699 -0.069769
v -0.926065 1.023538 -0.107583
v -1.130710 1.023509 -0.109836
v -0.928161 1.025945 0.082718
v -0.911184 1.054145 0.044540
v -1.148946 1.054112 0.041925
v -1.132807 1.025917 0.080464
v -0.790717 0.845507 0.048508
v -0.824249 0.845983 0.086138
v -0.926572 0.668743 0.087255
v -0.909596 0.639586 0.049804
v -1.068722 0.776978 -0.090899
v -1.079711 0.757454 -0.106184
v -1.129391 0.843496 -0.107820
v -1.107245 0.843694 -0.092167
v -1.134395 1.025000 0.080458
v -1.150534 1.053195 0.041919
v -1.269415 0.847274 0.043214
v -1.236718 0.847759 0.081574
v -0.911185 0.638669 0.049798
v -0.928160 0.667826 0.087249
v -1.132807 0.667797 0.084995
v -1.148946 0.638635 0.047180
v -1.134395 0.668714 0.084966
v -1.236718 0.845926 0.081597
v -1.269415 0.845440 0.043237
v -1.150534 0.639552 0.047151
v -0.924477 0.666336 -0.103046
v -0.822153 0.843575 -0.104161
v -0.789456 0.844061 -0.065802
v -0.908340 0.638139 -0.064507
v 0.141598 1.752118 0.055233
v 0.107139 1.760702 0.069612
v 0.004812 1.698334 0.069274
v -0.003282 1.663816 0.054756
v 0.554028 2.314392 -0.043811
v 0.346101 2.357459 -0.046643
v 0.345411 2.358252 0.016073
v 0.553337 2.315186 0.018908
v -0.181221 2.000100 0.063533
v -0.215933 2.008445 0.047932
v -0.231801 1.943069 0.048584
v -0.197054 1.934864 0.064183
v -0.060692 1.711973 -0.091684
v 0.004542 1.696147 -0.090764
v -0.004022 1.661428 -0.075305
v -0.069398 1.677283 -0.076226
v 0.125809 1.825640 -0.091069
v 0.160555 1.817438 -0.075468
v 0.144687 1.752063 -0.074815
v 0.109974 1.760408 -0.090416
v 0.539297 2.289012 -0.076798
v 0.555179 2.312716 -0.045546
v 0.648438 2.163555 -0.042632
v 0.620815 2.158633 -0.074251
v -0.924861 0.844199 -0.106218
v -0.924346 1.019193 -0.108307
v -0.823466 0.844482 -0.104985
v -0.925346 0.668012 -0.103875
v -0.975946 0.755641 -0.105669
v 0.006572 1.696311 -0.090620
v 0.108898 1.758679 -0.090282
v 0.143031 1.750471 -0.074937
v -0.001848 1.662170 -0.075415
v -0.070828 1.678926 0.053697
v -0.005454 1.663071 0.054617
v 0.002780 1.698172 0.069378
v -0.062455 1.713998 0.068460
v -0.707660 1.703297 -0.056315
v -0.708491 1.704250 0.019089
v -0.793057 1.702288 0.018213
v -0.792226 1.701333 -0.057253
v 0.346235 2.356759 -0.048401
v 0.553614 2.313806 -0.045577
v 0.537733 2.290101 -0.076829
v 0.350253 2.328916 -0.079388
v -0.904753 0.926072 0.026227
v -0.636975 1.585591 0.020829
v -0.636156 1.584651 -0.053477
v -0.903934 0.925132 -0.048083
v -0.067222 2.099078 0.048422
v -0.075787 2.064359 0.063880
v -0.010556 2.048535 0.064799
v -0.001847 2.083221 0.049341
v -0.094993 1.778499 0.057593
v -0.136978 1.896472 0.055605
v -0.610612 1.563055 0.054616
v -0.863432 0.916059 0.060028
v -0.718962 0.885144 0.062030
v -0.482067 1.438213 0.057624
v 0.598397 1.951665 -0.038733
v 0.649417 2.161838 -0.040831
v 0.648725 2.162631 0.021888
v 0.597708 1.952458 0.023987
v 0.648012 2.162508 0.023650
v 0.619699 2.158381 0.054768
v 0.574077 1.970429 0.056644
v 0.597140 1.952936 0.025743
v 0.345506 2.357597 0.017851
v 0.348833 2.330548 0.049612
v 0.536313 2.291734 0.052163
v 0.552884 2.314645 0.020679
v 0.189234 1.930502 -0.076886
v 0.019932 1.843444 -0.077649
v -0.028133 1.940314 -0.079404
v 0.133381 2.041058 -0.078929
v 0.182175 2.242294 -0.080907
v 0.349489 2.327391 -0.080146
v 0.537737 2.288417 -0.077576
v 0.619616 2.157461 -0.075017
v 0.573835 1.968853 -0.073136
v 0.441762 1.893490 -0.073638
v 0.260587 1.933296 -0.076140
v 0.275850 1.996215 -0.076768
v 0.494615 1.947350 -0.073797
v 0.559213 2.213444 -0.076452
v 0.272382 2.273828 -0.080371
v -0.212844 2.008390 -0.082118
v -0.067962 2.096690 -0.081639
v -0.076057 2.062172 -0.096159
v -0.178384 1.999806 -0.096495
v -0.064394 1.951696 0.016638
v 0.106393 2.058969 0.017283
v 0.107085 2.058174 -0.045543
v -0.063704 1.950904 -0.045945
v 0.291594 2.241304 0.018906
v 0.271893 2.272394 0.049556
v 0.189475 1.932064 0.052894
v 0.212695 1.915218 0.021990
v -0.065790 2.097435 -0.081501
v -0.000417 2.081578 -0.080581
v -0.008793 2.046510 -0.095345
v -0.074025 2.062333 -0.096263
v -0.680375 1.145969 -0.048724
v -0.681198 1.146917 0.026200
v -1.039947 1.418420 0.018937
v -1.039118 1.417469 -0.056230
v -0.230371 1.941425 -0.081338
v -0.214503 2.006801 -0.081992
v -0.179458 1.998075 -0.096609
v -0.195291 1.932839 -0.095959
v -0.867802 1.474431 -0.056878
v -0.612346 1.301677 -0.051628
v -0.646965 1.292143 -0.075648
v -0.903044 1.465512 -0.080694
v -1.000347 1.002203 0.048993
v -0.842714 1.302395 0.046905
v -0.921887 1.364663 0.045205
v -1.100800 0.999994 0.047813
v 0.212150 1.913318 0.020240
v 0.008636 1.804601 0.019307
v 0.009324 1.803808 -0.043284
v 0.212839 1.912525 -0.042488
v 0.292329 2.240461 -0.047702
v 0.213424 1.914380 -0.044274
v 0.190894 1.930433 -0.076098
v 0.273315 2.270761 -0.079554
v 0.275784 1.997925 -0.076028
v 0.256288 2.029746 -0.045280
v 0.472725 1.981425 -0.042439
v 0.492249 1.949572 -0.073089
v -0.894038 1.872728 -0.060393
v -0.894864 1.873679 0.014776
v -0.658416 1.879359 0.017306
v -0.657587 1.878408 -0.057859
v -0.794092 1.700981 -0.058938
v -0.868377 1.476191 -0.056854
v -0.903750 1.467235 -0.080772
v -0.812180 1.728759 -0.083015
v 0.188307 1.930574 0.052888
v 0.018858 1.843387 0.052168
v 0.009032 1.805602 0.021043
v 0.211521 1.913727 0.022006
v -0.874860 1.842438 -0.085120
v -1.004297 1.427859 -0.081337
v -1.038662 1.419345 -0.057869
v -0.894823 1.870804 -0.062030
v -0.657267 1.877668 0.018987
v -0.672383 1.849035 0.042864
v -0.502837 1.567087 0.048329
v -0.460567 1.556205 0.025086
v 0.158189 2.262560 -0.047514
v 0.157499 2.263354 0.015207
v 0.343541 2.358001 0.016056
v 0.344230 2.357208 -0.046661
v -0.998985 1.000636 -0.074867
v -1.099438 0.998430 -0.075841
v -0.920525 1.363098 -0.078520
v -0.841350 1.300829 -0.076904
v 0.108758 2.059298 -0.047307
v 0.157624 2.260635 -0.049265
v 0.180505 2.242410 -0.080158
v 0.132175 2.043087 -0.078200
v -0.823751 1.287470 0.020899
v -0.976295 1.002054 0.022849
v -0.975512 1.001155 -0.048203
v -0.822969 1.286571 -0.050116
v -0.693383 1.734304 0.044125
v -0.812097 1.731499 0.042858
v -0.793462 1.703071 0.019835
v -0.708189 1.705050 0.020718
v -0.691997 1.732711 -0.081763
v -0.707323 1.704056 -0.057957
v -0.792595 1.702075 -0.058903
v -0.810711 1.729907 -0.083040
v 0.143080 1.751983 0.053744
v -0.003834 1.662441 0.053260
v -0.002433 1.660833 -0.073897
v 0.144480 1.750373 -0.073413
v 0.189726 1.928942 -0.076080
v 0.212249 1.912889 -0.044278
v 0.009759 1.804765 -0.045036
v 0.020279 1.841754 -0.076885
v -0.824300 1.287901 0.022639
v -0.841376 1.301349 0.046181
v -0.998531 1.002164 0.048225
v -0.976992 1.002110 0.024631
v -0.029287 1.941522 -0.078650
v -0.062716 1.950754 -0.047714
v 0.107642 2.057743 -0.047306
v 0.131047 2.041540 -0.078186
v 0.161436 1.817235 -0.074073
v 0.160035 1.818843 0.053086
v 0.144170 1.753475 0.053737
v 0.145570 1.751866 -0.073420
v -0.004258 1.660548 -0.073914
v -0.005659 1.662156 0.053243
v -0.071028 1.678010 0.052323
v -0.069628 1.676402 -0.074834
v -0.611216 1.301832 -0.049961
v -0.867005 1.474810 -0.055218
v -0.867837 1.475765 0.020264
v -0.612044 1.302780 0.025019
v -0.905138 1.468829 0.045186
v -0.869245 1.477186 0.021834
v -0.794960 1.701978 0.019864
v -0.813565 1.730350 0.042829
v 0.108028 2.060137 0.019054
v 0.130754 2.044719 0.050853
v 0.179085 2.244042 0.048834
v 0.156895 2.261472 0.016993
v 0.473426 1.983159 0.024179
v 0.492254 1.952110 0.056035
v 0.555508 2.212667 0.053437
v 0.524215 2.192324 0.022101
v 0.444589 1.864549 -0.041090
v 0.228004 1.913068 -0.044127
v 0.259756 1.931816 -0.075355
v 0.441007 1.891981 -0.072862
v -0.150510 1.929233 -0.054138
v -0.136062 1.896397 -0.084458
v -0.609612 1.563010 -0.085432
v -0.634388 1.585644 -0.055161
v -0.656895 1.878530 0.017333
v -0.459297 1.555647 0.023492
v -0.458473 1.554699 -0.051470
v -0.656066 1.877579 -0.057832
v -0.658054 1.877604 -0.059490
v -0.672662 1.848349 -0.082987
v -0.873375 1.843547 -0.085137
v -0.893363 1.871951 -0.062012
v -1.078066 0.932400 -0.108379
v -0.978706 0.932414 -0.107286
v -0.990034 0.913282 -0.091758
v -1.067077 0.913271 -0.092606
v 0.226382 1.915317 0.022165
v 0.257454 1.934863 0.053613
v 0.272931 1.998665 0.052977
v 0.254131 2.029682 0.021024
v 0.274350 1.997033 -0.076027
v 0.258873 1.933230 -0.075390
v 0.227111 1.914478 -0.044149
v 0.254862 2.028843 -0.045290
v 0.524059 2.192892 -0.044564
v 0.293758 2.241363 -0.047697
v 0.274744 2.271663 -0.079549
v 0.556040 2.212444 -0.075706
v 0.227014 1.912658 -0.042359
v 0.444694 1.863885 -0.039314
v 0.444004 1.864679 0.023403
v 0.226324 1.913452 0.020419
v -0.867519 1.476321 -0.055243
v -0.793539 1.700360 -0.057255
v -0.794370 1.701314 0.018211
v -0.868351 1.477276 0.020239
v -0.789971 0.845535 0.046718
v -0.909258 0.638910 0.048018
v -0.908041 0.637508 -0.062698
v -0.788751 0.844135 -0.063997
v -0.874760 1.845140 0.040699
v -0.674045 1.849941 0.042847
v -0.658919 1.878597 0.018946
v -0.894225 1.872944 0.016428
v 0.523456 2.192383 -0.042796
v 0.522761 2.193181 0.020306
v 0.293345 2.241465 0.017155
v 0.294041 2.240667 -0.045917
v -0.909257 1.053859 0.042767
v -0.789971 0.847267 0.046696
v -0.788751 0.845867 -0.064019
v -0.908039 1.052459 -0.067947
v -1.268904 0.844068 -0.069284
v -1.149615 0.637475 -0.065355
v -1.150833 0.638875 0.045359
v -1.270121 0.845468 0.041431
v 0.574352 1.967275 -0.072342
v 0.596723 1.950576 -0.040506
v 0.446489 1.864838 -0.041075
v 0.442907 1.892270 -0.072842
v -1.148115 0.636609 -0.065328
v -0.909541 0.636642 -0.062703
v -0.910758 0.638044 0.048013
v -1.149333 0.638010 0.045386
v 0.572931 1.968907 0.056650
v 0.441487 1.893902 0.056153
v 0.445761 1.865677 0.025178
v 0.595994 1.951414 0.025749
v -0.909539 1.053324 -0.067974
v -1.148115 1.053290 -0.070599
v -1.149333 1.054692 0.040115
v -0.910757 1.054725 0.042740
v 0.473624 1.982930 -0.040685
v 0.472930 1.983728 0.022398
v 0.523504 2.192003 0.020329
v 0.524198 2.191205 -0.042773
v 0.474159 1.982317 -0.042440
v 0.524949 2.191480 -0.044537
v 0.556929 2.211033 -0.075678
v 0.493675 1.950476 -0.073079
v -0.899549 -1.017311 -0.033834
v -0.780321 -0.810657 -0.031745
v -0.781540 -0.811076 0.078977
v -0.900768 -1.017727 0.076890
v -0.186393 -1.895671 -0.053889
v -0.220885 -1.903994 -0.039435
v -0.062320 -1.643603 -0.036710
v -0.053747 -1.677845 -0.051608
v 0.153373 -1.716648 -0.034487
v 0.169261 -1.782025 -0.034557
v 0.134518 -1.790373 -0.050084
v 0.118666 -1.725141 -0.050013
v -0.067280 -2.026997 -0.053074
v -0.059178 -2.061383 -0.038248
v -0.204083 -1.973132 -0.039509
v -0.169626 -1.964667 -0.053965
v -0.895483 -0.889812 -0.015105
v -0.627517 -1.549276 -0.014634
v -0.628335 -1.549556 0.059676
v -0.896303 -0.890091 0.059212
v -0.223940 -1.906873 0.089211
v -0.222541 -1.906395 -0.037955
v -0.206655 -1.971762 -0.038026
v -0.208055 -1.972243 0.089140
v 0.013484 -1.661682 0.109120
v 0.115828 -1.724012 0.110011
v 0.150285 -1.715548 0.095558
v 0.005380 -1.627297 0.094296
v -0.921050 -0.811345 0.117518
v -0.943197 -0.811290 0.101866
v -0.981700 -0.878026 0.101190
v -0.970707 -0.897410 0.116649
v -0.473469 -1.401811 0.095161
v -0.710522 -0.848795 0.094650
v -0.854985 -0.879768 0.092923
v -0.601978 -1.526714 0.093261
v -0.128249 -1.859974 0.097215
v -0.086298 -1.741976 0.098152
v 0.454568 -1.828580 0.064745
v 0.605347 -1.914562 0.066081
v 0.606038 -1.914326 0.003358
v 0.455259 -1.828345 0.002026
v -1.125200 -0.811447 0.115924
v -1.226399 -0.811471 0.114681
v -1.125046 -0.986915 0.115135
v -1.074472 -0.899257 0.116151
v 0.221573 -1.876798 -0.000734
v 0.018027 -1.768150 -0.002496
v 0.017338 -1.768387 0.060098
v 0.220882 -1.877034 0.061997
v -0.684699 -1.698074 0.084292
v -0.699514 -1.669033 0.060625
v -0.784788 -1.667085 0.059728
v -0.803416 -1.695312 0.083002
v -1.114222 -0.963037 -0.017874
v -1.092834 -0.963296 -0.041444
v -0.913282 -1.329101 -0.040913
v -0.930290 -1.342287 -0.017268
v -1.030070 -1.384132 -0.020495
v -0.995701 -1.392840 -0.043886
v -0.866146 -1.807402 -0.043985
v -0.886100 -1.835568 -0.020644
v 0.300420 -2.204996 0.063578
v 0.221429 -1.878918 0.063764
v 0.198213 -1.895495 0.094818
v 0.280730 -2.235822 0.094502
v -0.223656 -1.905047 0.089221
v -0.063853 -1.642622 0.091967
v -0.062453 -1.642143 -0.035199
v -0.222257 -1.904569 -0.037945
v -0.990512 -0.965577 -0.041215
v -0.832790 -1.265732 -0.040585
v -0.911949 -1.328036 -0.041648
v -1.090963 -0.963409 -0.042209
v -0.815744 -1.251915 0.058838
v -0.968516 -0.966161 0.058293
v -0.990058 -0.966011 0.081885
v -0.832813 -1.265157 0.082501
v -1.030298 -1.382673 0.057963
v -0.996528 -1.391540 0.081975
v -0.683902 -1.158444 0.086318
v -0.673286 -1.112303 0.062752
v -0.446281 -1.379097 -0.013718
v -0.055407 -1.717773 -0.010617
v -0.083736 -1.740006 -0.041952
v -0.469811 -1.400853 -0.044873
v -1.115041 -0.963317 0.056615
v -0.931110 -1.342567 0.057203
v -0.914627 -1.329561 0.081313
v -1.094180 -0.963756 0.080649
v -0.650197 -1.842574 0.060397
v -0.665329 -1.813712 0.084043
v -0.866047 -1.808984 0.081852
v -0.885503 -1.837011 0.057830
v -0.991874 -0.966044 0.082654
v -1.092327 -0.963875 0.081453
v -0.913311 -1.328501 0.082086
v -0.834151 -1.266197 0.083235
v 0.117534 -2.023638 -0.004252
v 0.140944 -2.007695 -0.035286
v 0.189332 -2.207015 -0.035471
v 0.166457 -2.224970 -0.004417
v 0.531574 -2.156794 0.064549
v 0.532269 -2.156558 0.001443
v 0.302869 -2.204934 -0.001249
v 0.302172 -2.205172 0.061828
v 0.132755 -1.790977 0.110069
v 0.167830 -1.782512 0.095373
v 0.151944 -1.717138 0.095446
v 0.116903 -1.725743 0.110140
v 0.452580 -1.828996 0.066488
v 0.236009 -1.877600 0.063961
v 0.267078 -1.896853 0.095569
v 0.448315 -1.856946 0.097719
v -0.697870 -1.668108 0.060664
v -0.683079 -1.697103 0.084296
v -0.569173 -1.493489 0.086273
v -0.579032 -1.457032 0.062552
v -0.058200 -2.063509 0.090444
v -0.056800 -2.063029 -0.036721
v 0.008564 -2.047144 -0.035943
v 0.007164 -2.047626 0.091224
v -1.031848 -1.384082 0.056291
v -1.031020 -1.383798 -0.018884
v -0.886617 -1.836501 -0.019001
v -0.887446 -1.836785 0.056174
v -0.921051 -0.809444 0.117526
v -0.970756 -0.723401 0.117303
v -0.981738 -0.742674 0.101700
v -0.943197 -0.809390 0.101873
v -0.697004 -1.667813 -0.018048
v -0.578172 -1.456737 -0.015731
v -0.567789 -1.493013 -0.039500
v -0.681693 -1.696628 -0.041565
v -0.020547 -1.906185 -0.036638
v 0.139816 -2.006149 -0.035286
v 0.116417 -2.022083 -0.004264
v -0.053971 -1.915151 -0.005622
v 0.153166 -1.714946 -0.033100
v 0.006228 -1.625455 -0.034380
v 0.004827 -1.625935 0.092788
v 0.151767 -1.715425 0.094067
v -0.864661 -1.808511 -0.043992
v -0.663945 -1.813237 -0.041800
v -0.649331 -1.842279 -0.018045
v -0.884639 -1.836714 -0.020616
v -0.894688 -0.889618 -0.016707
v -0.855210 -0.879637 -0.047228
v -0.602197 -1.526376 -0.046774
v -0.626952 -1.548729 -0.016331
v -0.600978 -1.527912 -0.046782
v -0.127335 -1.861143 -0.042847
v -0.141770 -1.893713 -0.012235
v -0.625749 -1.550283 -0.016309
v -0.707229 -0.847965 -0.045429
v -0.673496 -0.843725 -0.014184
v -0.447456 -1.377504 -0.013744
v -0.470956 -1.399231 -0.044860
v 0.563695 -2.277748 0.064256
v 0.564385 -2.277512 0.001532
v 0.657926 -2.127782 0.003126
v 0.657237 -2.128018 0.065849
v -1.260984 -0.811251 0.075501
v -1.142046 -1.017139 0.076032
v -1.125915 -0.988598 0.114322
v -1.228289 -0.811385 0.113862
v -0.188152 -1.896275 0.106017
v -0.055506 -1.678447 0.108296
v -0.063753 -1.644094 0.093470
v -0.222317 -1.904484 0.090745
v -1.122457 -0.632252 -0.075437
v -0.917544 -0.632202 -0.073182
v -0.815039 -0.809649 -0.072720
v -0.915868 -0.984410 -0.074488
v -0.916431 -0.809405 -0.073957
v -0.968169 -0.719949 -0.074170
v -1.071782 -0.719974 -0.075311
v -1.123469 -0.809456 -0.076234
v -1.123934 -0.984461 -0.076779
v -1.224863 -0.809749 -0.077232
v -1.071730 -0.899445 -0.075986
v -0.968118 -0.899420 -0.074845
v -0.918429 -0.813406 -0.073994
v -0.917867 -0.987143 -0.074520
v -1.121934 -0.987192 -0.076767
v -1.121468 -0.813455 -0.076227
v -0.055625 -1.717594 0.065332
v -0.054807 -1.717314 -0.008954
v -0.445767 -1.378609 -0.012018
v -0.446587 -1.378886 0.062344
v -0.053778 -1.677372 0.108443
v 0.011452 -1.661521 0.109222
v 0.003207 -1.626553 0.094151
v -0.062161 -1.642436 0.093370
v 0.656817 -2.126060 0.067621
v 0.605884 -1.916491 0.067848
v 0.582826 -1.933716 0.098905
v 0.628502 -2.121663 0.098701
v 0.300957 -2.204406 0.061817
v 0.301654 -2.204169 -0.001259
v 0.222691 -1.878240 -0.000727
v 0.222001 -1.878476 0.062004
v -0.578339 -1.455483 -0.014065
v -0.697495 -1.667117 -0.016397
v -0.698325 -1.667400 0.059008
v -0.579163 -1.455766 0.060893
v -1.226399 -0.809471 0.114688
v -1.125200 -0.809447 0.115931
v -1.073896 -0.720697 0.116802
v -0.970284 -0.720671 0.117943
v -0.918452 -0.810396 0.118175
v -0.970234 -0.900144 0.117268
v -1.072740 -0.900257 0.116166
v -1.123314 -0.987914 0.115151
v -0.919555 -0.987865 0.117394
v -0.817149 -0.810371 0.119188
v -0.919657 -0.632926 0.118729
v -1.124569 -0.632976 0.116472
v -0.699816 -1.668248 0.058989
v -0.698986 -1.667964 -0.016417
v -0.783553 -1.666031 -0.017374
v -0.784383 -1.666316 0.058100
v -1.062034 -0.878045 0.100307
v -1.100577 -0.811329 0.100134
v -1.123165 -0.811394 0.115322
v -1.073409 -0.897523 0.115545
v 0.131021 -1.792004 0.110429
v 0.114890 -1.725627 0.110501
v 0.012474 -1.663253 0.109610
v -0.053900 -1.679382 0.108817
v -0.186590 -1.897282 0.106537
v -0.170457 -1.963660 0.106465
v -0.068041 -2.026033 0.107357
v -0.001670 -2.009905 0.108148
v 0.581680 -1.932194 0.098899
v 0.604738 -1.914969 0.067841
v 0.454480 -1.829285 0.066510
v 0.450216 -1.857234 0.097736
v -0.446913 -1.377033 -0.012025
v -0.672768 -0.843618 -0.012493
v -0.673585 -0.843897 0.061853
v -0.447732 -1.377310 0.062337
v -0.918888 -0.808726 -0.073357
v -0.941436 -0.808788 -0.058176
v -0.979978 -0.742071 -0.058350
v -0.968655 -0.722683 -0.073561
v -1.060272 -0.877444 -0.059742
v -1.071258 -0.896716 -0.075346
v -1.121025 -0.810675 -0.075588
v -1.098817 -0.810726 -0.059915
v -0.970251 -0.897641 -0.074238
v -1.069612 -0.897665 -0.075331
v -1.058627 -0.878394 -0.059728
v -0.981584 -0.878375 -0.058881
v -0.708762 -0.848489 0.093988
v -0.472488 -1.399754 0.094469
v -0.448313 -1.377794 0.064040
v -0.674349 -0.844016 0.063526
v -0.085273 -1.740530 0.097514
v -0.056261 -1.718065 0.066978
v -0.447137 -1.379387 0.064028
v -0.471343 -1.401377 0.094494
v -0.647679 -1.841350 -0.018034
v -0.662283 -1.812330 -0.041765
v -0.492817 -1.530296 -0.038870
v -0.451074 -1.519788 -0.014525
v -1.029434 -1.382376 -0.020511
v -0.672425 -1.112008 -0.015406
v -0.682518 -1.157968 -0.039549
v -0.995142 -1.391066 -0.043840
v -1.060313 -0.742091 -0.059234
v -1.098817 -0.808826 -0.059908
v -1.121026 -0.808775 -0.075581
v -1.071308 -0.722708 -0.074692
v -0.918888 -0.810626 -0.073364
v -0.968605 -0.896691 -0.074216
v -0.979939 -0.877425 -0.058859
v -0.941436 -0.810688 -0.058183
v 0.234318 -1.878351 0.062166
v 0.235008 -1.878115 -0.000617
v 0.263182 -1.994089 -0.000743
v 0.262489 -1.994323 0.062038
v -1.071763 -0.898473 0.115560
v -0.972353 -0.898361 0.116628
v -0.983345 -0.878977 0.101168
v -1.060389 -0.878994 0.100322
v -1.142345 -1.017786 0.074228
v -1.261690 -0.811194 0.073696
v -1.260473 -0.810775 -0.037028
v -1.141125 -1.017370 -0.036493
v -0.052129 -1.678776 -0.052101
v 0.014245 -1.662646 -0.051311
v 0.116661 -1.725021 -0.050417
v 0.132792 -1.791398 -0.050490
v 0.000101 -2.009299 -0.052772
v -0.066270 -2.025427 -0.053564
v -0.168688 -1.963053 -0.054455
v -0.184820 -1.896674 -0.054383
v 0.532138 -2.157332 0.066321
v 0.301850 -2.205896 0.063590
v 0.282159 -2.236723 0.094514
v 0.563435 -2.177389 0.097837
v -0.981623 -0.741122 -0.058365
v -1.058668 -0.741140 -0.059212
v -1.069663 -0.721757 -0.074670
v -0.970301 -0.721733 -0.073576
v 0.284542 -1.962476 -0.033516
v 0.500992 -1.914036 -0.031006
v 0.481477 -1.945621 -0.000075
v 0.265055 -1.994030 -0.002485
v -1.126015 -0.632287 0.115661
v -1.142164 -0.603467 0.077590
v -1.260985 -0.809417 0.075508
v -1.228289 -0.809551 0.113869
v -0.223059 -1.906657 0.090605
v -0.207172 -1.972033 0.090533
v -0.172462 -1.963540 0.106060
v -0.188316 -1.898307 0.106131
v -0.983270 -0.877193 0.100552
v -0.944699 -0.810338 0.101229
v -0.983308 -0.743503 0.101056
v -1.060490 -0.743522 0.100207
v -1.099062 -0.810376 0.099530
v -1.060451 -0.877211 0.099704
v -1.124427 -0.631369 0.115682
v -0.919782 -0.631320 0.117936
v -0.902816 -0.602492 0.080226
v -1.140576 -0.602549 0.077611
v -1.140458 -1.018056 0.076046
v -0.902695 -1.017997 0.078666
v -0.919679 -0.989465 0.116589
v -1.124326 -0.989515 0.114336
v -0.918193 -0.632236 0.117950
v -0.815819 -0.809451 0.118409
v -0.782286 -0.809300 0.080773
v -0.901227 -0.603408 0.080240
v -0.782285 -0.811134 0.080766
v -0.815818 -0.811285 0.118402
v -0.918091 -0.988548 0.116610
v -0.901107 -1.017080 0.078686
v -0.901557 -0.602061 -0.034091
v -0.917687 -0.630602 -0.072379
v -1.122333 -0.630652 -0.074632
v -1.139318 -0.602119 -0.036707
v -0.781027 -0.810701 -0.033551
v -0.899848 -1.016650 -0.035633
v -0.915998 -0.987831 -0.073704
v -0.813726 -0.810569 -0.071911
v -0.917586 -0.988748 -0.073725
v -0.901436 -1.017568 -0.035654
v -1.139198 -1.017625 -0.038271
v -1.122231 -0.988798 -0.075979
v -0.981561 -0.742905 -0.057747
v -0.942951 -0.809741 -0.057572
v -0.981523 -0.876596 -0.058250
v -1.058703 -0.876615 -0.059098
v -1.097315 -0.809778 -0.059271
v -1.058743 -0.742924 -0.058596
v 0.355093 -2.321027 -0.002701
v 0.359103 -2.293461 -0.033934
v 0.546574 -2.254571 -0.031721
v 0.562462 -2.277993 -0.000259
v 0.263701 -1.995077 0.062048
v 0.264394 -1.994842 -0.000732
v 0.481165 -1.946356 0.001681
v 0.480469 -1.946594 0.064768
v -0.781028 -0.808868 -0.033544
v -0.813726 -0.808735 -0.071904
v -0.916098 -0.631519 -0.072365
v -0.899969 -0.602978 -0.034077
v -1.123921 -0.631570 -0.074653
v -1.226194 -0.808835 -0.076446
v -1.259728 -0.808985 -0.038811
v -1.140906 -0.603036 -0.036728
v -0.170701 -1.962937 -0.054094
v -0.205742 -1.971541 -0.039398
v -0.221629 -1.906169 -0.039327
v -0.186554 -1.897701 -0.054023
v 0.657545 -2.125810 0.001361
v 0.629921 -2.121176 -0.030302
v 0.584245 -1.933230 -0.030095
v 0.606614 -1.916242 0.001589
v -0.054960 -1.915286 -0.003852
v 0.115860 -2.022500 -0.002498
v 0.115168 -2.022736 0.060333
v -0.055650 -1.915522 0.058736
v -0.058436 -2.062617 0.091828
v 0.006933 -2.046733 0.092608
v -0.001783 -2.011911 0.107756
v -0.067011 -2.027762 0.106979
v 0.009955 -2.044582 -0.037425
v 0.001707 -2.010233 -0.052251
v 0.134354 -1.792405 -0.049970
v 0.168519 -1.784198 -0.034698
v -0.205516 -1.973624 0.090669
v -0.060611 -2.061875 0.091931
v -0.069040 -2.027599 0.106833
v -0.171384 -1.965270 0.105942
v -1.123820 -0.987882 -0.075993
v -1.140787 -1.016709 -0.038285
v -1.259728 -0.810819 -0.038818
v -1.226193 -0.810669 -0.076453
v 0.546718 -2.253967 0.097302
v 0.563297 -2.277153 0.066022
v 0.656512 -2.127944 0.067610
v 0.628198 -2.123548 0.098691
v -0.060731 -1.641946 -0.036562
v 0.004639 -1.626063 -0.035783
v 0.013215 -1.660917 -0.050933
v -0.052016 -1.676769 -0.051709
v 0.151717 -1.715057 -0.034623
v 0.117588 -1.723411 -0.049894
v 0.015244 -1.661080 -0.050788
v 0.006814 -1.626805 -0.035886
v -0.057005 -2.062127 -0.038103
v -0.065248 -2.027158 -0.053177
v -0.000021 -2.011308 -0.052398
v 0.008363 -2.046240 -0.037324
v 0.606452 -1.916029 0.066087
v 0.657530 -2.126198 0.065860
v 0.658220 -2.125962 0.003136
v 0.607143 -1.915793 0.003365
v 0.562186 -2.278800 0.064235
v 0.354270 -2.321948 0.061783
v 0.354960 -2.321711 -0.000937
v 0.562877 -2.278563 0.001512
v -0.600430 -1.526183 -0.047460
v -0.853435 -0.879237 -0.047817
v -0.708974 -0.848265 -0.046132
v -0.471921 -1.401283 -0.045589
v -0.084747 -1.741447 -0.042623
v -0.126701 -1.859445 -0.043498
v 0.548138 -2.253481 -0.031699
v 0.629617 -2.123061 -0.030313
v 0.657241 -2.127695 0.001351
v 0.564026 -2.276903 -0.000238
v 0.449054 -1.858468 0.098487
v 0.267892 -1.898346 0.096348
v 0.283170 -1.961263 0.096280
v 0.501920 -1.912309 0.098926
v 0.566592 -2.178400 0.098636
v 0.279781 -2.238902 0.095248
v 0.196536 -1.895578 0.095568
v 0.027208 -1.808581 0.094032
v -0.020830 -1.905475 0.093138
v 0.140714 -2.006166 0.094567
v 0.189566 -2.207395 0.094316
v 0.356902 -2.292434 0.095841
v 0.545141 -2.253386 0.098055
v 0.626981 -2.122389 0.099450
v 0.581146 -1.933786 0.099655
v -0.205565 -1.973254 -0.038019
v -0.058625 -2.062745 -0.036740
v -0.060025 -2.063225 0.090425
v -0.206965 -1.973735 0.089146
v 0.354364 -2.321277 0.063555
v 0.561733 -2.278242 0.066001
v 0.545154 -2.255057 0.097281
v 0.357684 -2.293946 0.095076
v 0.166332 -2.227117 0.060075
v 0.167023 -2.226880 -0.002650
v 0.353089 -2.321461 -0.000956
v 0.352399 -2.321698 0.061764
v 0.450491 -1.857976 -0.032054
v 0.582582 -1.933293 -0.030882
v 0.628418 -2.121896 -0.031090
v 0.546578 -2.252894 -0.032482
v 0.358339 -2.291943 -0.034705
v 0.191002 -2.206905 -0.036221
v 0.142150 -2.005673 -0.036034
v -0.019393 -1.904983 -0.037403
v 0.028646 -1.808088 -0.036509
v 0.197974 -1.895086 -0.034973
v 0.281221 -2.238409 -0.035405
v 0.568031 -2.177909 -0.032026
v 0.503358 -1.911819 -0.031734
v 0.284608 -1.960772 -0.034271
v 0.269327 -1.897854 -0.034201
v -0.993965 -1.392385 -0.044483
v -0.682100 -1.159894 -0.040161
v -0.639636 -1.255693 -0.040069
v -0.897625 -1.430505 -0.043599
v -0.804340 -1.696553 -0.043575
v -0.681236 -1.699417 -0.042225
v -0.566481 -1.494264 -0.040154
v -0.494658 -1.529893 -0.039501
v -0.663813 -1.811466 -0.042428
v -0.864505 -1.806740 -0.044619
v 0.283121 -1.962960 0.095511
v 0.264323 -1.994277 0.063820
v 0.480743 -1.945872 0.066536
v 0.499571 -1.914520 0.098129
v 0.008655 -2.046536 0.091245
v 0.010055 -2.046054 -0.035922
v 0.169858 -1.783635 -0.033174
v 0.168458 -1.784112 0.093991
v -0.672683 -1.110864 0.061151
v -0.671858 -1.110581 -0.013782
v -1.030526 -1.382242 -0.018873
v -1.031354 -1.382526 0.056302
v -0.682636 -1.699897 0.084944
v -0.805741 -1.697032 0.083605
v -0.899025 -1.430986 0.083583
v -0.641034 -1.256173 0.087047
v -0.683497 -1.160374 0.086925
v -0.995366 -1.392864 0.082634
v -0.865905 -1.807218 0.082496
v -0.665211 -1.811945 0.084687
v -0.496056 -1.530372 0.087604
v -0.567879 -1.494745 0.086946
v 0.008522 -2.045076 0.092756
v 0.167086 -1.784686 0.095481
v 0.132594 -1.793007 0.109936
v -0.000052 -2.010835 0.107656
v -0.683313 -1.697599 -0.041605
v -0.802029 -1.694838 -0.042907
v -0.783922 -1.666788 -0.019017
v -0.698649 -1.668738 -0.018052
v -0.786286 -1.665992 0.059748
v -0.860635 -1.441213 0.059717
v -0.896530 -1.432660 0.082997
v -0.804885 -1.694165 0.082963
v 0.198465 -1.893519 -0.034181
v 0.028992 -1.806392 -0.035759
v 0.018463 -1.769123 -0.004239
v 0.220983 -1.877178 -0.002520
v -0.648545 -1.841645 0.060430
v -0.451936 -1.520085 0.063670
v -0.494202 -1.530770 0.087011
v -0.663667 -1.812805 0.084052
v -0.867532 -1.807875 0.081821
v -0.997088 -1.393315 0.081995
v -1.030933 -1.384429 0.057919
v -0.886964 -1.835865 0.057835
v 0.301156 -2.204745 -0.003035
v 0.282152 -2.235335 -0.034615
v 0.199633 -1.895009 -0.034186
v 0.222158 -1.878669 -0.002503
v -0.860061 -1.439453 0.059783
v -0.604649 -1.266587 0.062995
v -0.639792 -1.257454 0.086400
v -0.895823 -1.430936 0.082962
v 0.168742 -1.782286 0.094001
v 0.170142 -1.781809 -0.033164
v 0.154256 -1.716438 -0.033093
v 0.152857 -1.716917 0.094074
v -1.062074 -0.742693 0.100816
v -1.073409 -0.723426 0.116173
v -1.123165 -0.809494 0.115330
v -1.100577 -0.809429 0.100141
v 0.165204 -2.225692 0.060067
v 0.116251 -2.024240 0.060339
v 0.116943 -2.024003 -0.002491
v 0.165895 -2.225455 -0.002657
v -0.859194 -1.439157 -0.019014
v -0.894438 -1.430460 -0.042907
v -0.638409 -1.256979 -0.039405
v -0.603789 -1.266291 -0.015303
v 0.189088 -2.208985 0.093536
v 0.166903 -2.226705 0.061851
v 0.352447 -2.321021 0.063535
v 0.355767 -2.293690 0.095055
v 0.197044 -1.894005 0.094798
v 0.220254 -1.877427 0.063767
v 0.017735 -1.769372 0.061843
v 0.027571 -1.806879 0.093303
v -0.814924 -1.251635 -0.015682
v -0.831470 -1.264698 -0.039814
v -0.988713 -0.965549 -0.040407
v -0.967695 -0.965878 -0.016346
v 0.482911 -1.946512 -0.000069
v 0.502419 -1.914938 -0.030988
v 0.565747 -2.175492 -0.031273
v 0.533762 -2.155671 -0.000305
v 0.281687 -1.962069 0.095493
v 0.266195 -1.898269 0.095561
v 0.235116 -1.879011 0.063940
v 0.262896 -1.993374 0.063814
v -0.647343 -1.842238 -0.016387
v -0.449839 -1.519256 -0.012894
v -0.450666 -1.519541 0.062071
v -0.648173 -1.842521 0.058784
v 0.116803 -2.023888 0.062115
v 0.165727 -2.225220 0.061843
v 0.187913 -2.207500 0.093529
v 0.139525 -2.008182 0.093778
v -0.895543 -0.889909 0.060833
v -0.627807 -1.549021 0.061389
v -0.603730 -1.526902 0.092535
v -0.856747 -0.880164 0.092291
v -0.895143 -1.432184 -0.042970
v -0.859769 -1.440917 -0.018974
v -0.785419 -1.665695 -0.019061
v -0.803499 -1.693690 -0.042892
v 0.003002 -1.625651 0.092769
v 0.004403 -1.625171 -0.034399
v -0.060962 -1.641053 -0.035178
v -0.062362 -1.641532 0.091988
v -0.603483 -1.266714 0.061352
v -0.859227 -1.439806 0.058135
v -0.858397 -1.439522 -0.017350
v -0.602659 -1.266431 -0.013635
v -0.142624 -1.894004 0.065371
v -0.128868 -1.861667 0.096537
v -0.602511 -1.528438 0.092558
v -0.626604 -1.550575 0.061381
v 0.453310 -1.828747 0.000237
v 0.449735 -1.856460 -0.031291
v 0.268496 -1.896367 -0.033429
v 0.236738 -1.877350 -0.002369
v 0.190508 -2.208500 -0.035464
v 0.357186 -2.293204 -0.033954
v 0.353176 -2.320770 -0.002721
v 0.167633 -2.226455 -0.004410
v -0.886142 -1.837761 0.056184
v -0.885314 -1.837477 -0.018990
v -0.648864 -1.843068 -0.016407
v -0.649694 -1.843351 0.058764
v -0.021967 -1.906671 0.092339
v -0.054700 -1.915401 0.060528
v 0.115687 -2.022333 0.062114
v 0.138397 -2.006636 0.093765
v -0.780322 -0.808925 -0.031739
v -0.899670 -0.602331 -0.032273
v -0.900889 -0.602747 0.078449
v -0.781541 -0.809344 0.078983
v -0.814414 -1.251233 -0.013923
v -0.967038 -0.965851 -0.014549
v -0.967820 -0.966120 0.056511
v -0.815195 -1.251499 0.057094
v 0.235845 -1.878761 -0.002379
v 0.267613 -1.897782 -0.033451
v 0.283108 -1.961585 -0.033522
v 0.263628 -1.993127 -0.002503
v 0.235058 -1.877161 0.062178
v 0.452723 -1.828303 0.064726
v 0.453414 -1.828067 0.002007
v 0.235748 -1.876925 -0.000605
v -0.859741 -1.441316 0.058123
v -0.785697 -1.665343 0.058089
v -0.784866 -1.665058 -0.017384
v -0.858910 -1.441033 -0.017361
v 0.481681 -1.947347 0.064778
v 0.482377 -1.947110 0.001691
v 0.533012 -2.155380 0.001456
v 0.532316 -2.155616 0.064561
v 0.283582 -2.236235 -0.034603
v 0.302586 -2.205646 -0.003023
v 0.532873 -2.157082 -0.000321
v 0.564858 -2.176904 -0.031289
v -1.114963 -0.962981 -0.016098
v -0.930833 -1.342720 -0.015522
v -0.931614 -1.342986 0.055441
v -1.115742 -0.963247 0.054824
v -1.140963 -0.601940 0.075811
v -0.902389 -0.601882 0.078435
v -0.901170 -0.601465 -0.032287
v -1.139745 -0.601523 -0.034912
v -1.060429 -0.741743 0.100838
v -0.983383 -0.741724 0.101686
v -0.972402 -0.722451 0.117289
v -1.071763 -0.722476 0.116195
v 0.583099 -1.931708 -0.030102
v 0.451636 -1.856748 -0.031268
v 0.455210 -1.829036 0.000254
v 0.605468 -1.914720 0.001582
v -1.261691 -0.809461 0.073702
v -1.142463 -0.602806 0.075791
v -1.141245 -0.602389 -0.034932
v -1.260474 -0.809042 -0.037022
v -0.902268 -1.018593 0.076870
v -1.140845 -1.018652 0.074242
v -1.139625 -1.018235 -0.036480
v -0.901049 -1.018178 -0.033854
v -0.142897 -1.894707 0.063700
v -0.627143 -1.551061 0.059683
v -0.626325 -1.550781 -0.014627
v -0.142080 -1.894428 -0.010577
v 0.482177 -1.946763 0.066554
v 0.533028 -2.155921 0.066336
v 0.564324 -2.175977 0.097852
v 0.500998 -1.915423 0.098136
v -0.343744 0.709382 -0.084050
v -0.314257 0.705903 -0.094856
v -0.330464 0.690673 -0.113804
v -0.368312 0.687325 -0.100131
vn -0.6244 -0.7640 -0.1627
vn 0.8864 0.2209 0.4069
vn 0.2375 0.0211 0.9712
vn 0.0844 0.6145 0.7844
vn -0.0115 -0.5660 -0.8243
vn 0.6329 -0.1817 0.7526
vn -0.9739 0.0554 0.2201
vn 0.0192 0.9706 0.2398
vn -0.9322 -0.3191 -0.1708
vn 0.4728 0.1786 -0.8629
vn -0.2382 0.5391 0.8079
vn 0.7260 -0.6173 -0.3032
vn -0.2240 -0.9217 -0.3167
vn -0.9779 -0.2045 -0.0429
vn -0.8208 0.5328 0.2060
vn -0.3690 -0.8892 -0.2704
vn -0.3098 0.8600 0.4055
vn -0.5802 -0.3086 -0.7538
vn -0.8656 -0.4973 -0.0588
vn -0.2472 0.7094 -0.6600
vn -0.2827 -0.4657 0.8386
vn -0.2835 -0.2797 0.9173
vn 0.9581 0.0385 -0.2840
vn 0.7350 -0.0913 0.6719
vn -0.8205 0.2396 0.5190
vn -0.7219 0.5975 -0.3490
vn -0.7513 0.4182 -0.5105
vn 0.9517 0.0432 -0.3041
vn 0.0150 -0.9942 -0.1063
vn 0.9376 0.3364 -0.0884
vn -0.1999 -0.9214 0.3333
vn 0.4108 -0.3192 -0.8540
vn -0.7177 0.0702 0.6928
vn -0.6544 0.5830 0.4815
vn 0.4098 0.7947 0.4477
vn -0.3109 0.9456 0.0952
vn -0.3971 -0.9173 -0.0314
vn -0.0169 -0.5706 -0.8211
vn 0.1479 -0.5911 -0.7929
vn 0.6181 0.7850 0.0413
vn -0.9007 -0.1852 -0.3931
vn -0.1624 0.9245 -0.3449
vn 0.5806 0.3321 -0.7434
vn -0.6258 -0.6917 0.3605
vn 0.7523 -0.2453 -0.6115
vn -0.3255 -0.1083 -0.9393
vn -0.9413 0.2197 0.2564
vn -0.6294 0.7674 0.1221
vn 0.9247 -0.3159 0.2126
vn -0.3185 -0.8067 -0.4977
vn -0.3634 -0.8618 -0.3539
vn -0.6608 -0.1230 0.7404
vn -0.1256 0.2822 -0.9511
vn 0.1561 -0.8044 0.5733
vn -0.8573 0.2937 0.4227
vn -0.7459 0.1806 -0.6411
vn -0.6463 -0.1565 -0.7469
vn -0.5561 0.2304 0.7986
vn -0.1921 0.3340 0.9228
vn -0.5854 -0.4919 -0.6444
vn 0.7990 0.2213 0.5591
vn 0.6764 0.0377 0.7356
vn -0.6488 -0.6547 -0.3878
vn -0.7108 -0.5535 -0.4341
vn -0.9754 -0.2203 -0.0024
vn 0.5779 0.3308 0.7461
vn 0.1105 0.3678 0.9233
vn -0.3331 -0.7824 0.5262
vn -0.7176 0.5664 -0.4053
vn 0.9353 -0.3147 -0.1620
vn 0.0727 -0.6802 -0.7294
vn -0.3895 -0.4447 -0.8065
vn 0.9742 -0.2144 -0.0712
vn -0.0701 0.7782 0.6241
vn -0.4744 0.8265 -0.3029
vn -0.7728 0.4882 0.4055
vn -0.5456 0.6966 -0.4659
vn -0.7166 -0.6974 0.0120
vn -0.7074 -0.6180 0.3431
vn 0.0691 -0.5661 -0.8214
vn -0.5015 0.7897 0.3533
vn -0.2196 0.5940 -0.7739
vn 0.4301 0.5308 -0.7303
vn 0.9897 -0.0796 0.1192
vn 0.3048 0.5663 0.7658
vn -0.1101 0.6962 0.7093
vn 0.7272 -0.2060 -0.6548
vn -0.6735 -0.6776 -0.2954
vn -0.6803 -0.6641 0.3100
vn 0.7129 -0.1766 0.6786
vn 0.6404 0.6186 -0.4553
vn 0.6306 0.6384 0.4413
vn 0.4703 -0.8393 0.2727
vn -0.7457 -0.0911 0.6600
vn -0.4518 0.8251 -0.3392
vn 0.4754 -0.8505 -0.2249
vn -0.7310 -0.1205 -0.6717
vn -0.4586 0.8393 0.2922
vn -0.4775 0.6893 -0.5449
vn 0.9976 -0.0500 -0.0472
vn 0.9026 0.4300 0.0194
vn -0.8313 -0.4073 -0.3783
vn -0.2228 -0.9648 -0.1395
vn -0.2840 0.9357 0.2092
vn 0.2609 -0.1091 -0.9592
vn -0.8071 -0.1897 0.5591
vn -0.0233 0.6247 -0.7805
vn 0.6879 0.1903 0.7004
vn -0.6257 -0.1115 -0.7721
vn 0.9342 0.2193 -0.2813
vn 0.0050 0.7334 0.6798
vn 0.0202 0.7026 -0.7113
vn 0.9291 -0.3009 -0.2151
vn -0.9276 0.2400 -0.2863
vn 0.1004 -0.6957 0.7112
vn 0.9239 -0.2888 0.2511
vn -0.8197 -0.4731 -0.3231
vn 0.8271 0.5041 0.2485
vn 0.8337 0.4918 -0.2512
vn 0.1156 -0.7265 -0.6774
vn -0.8277 -0.4609 0.3201
vn -0.9329 0.2514 0.2578
vn 0.6893 -0.0270 -0.7239
vn 0.1882 -0.5781 0.7940
vn -0.9009 -0.2998 0.3138
vn 0.5647 0.8109 0.1536
vn -0.7812 0.3454 -0.5199
vn -0.5354 -0.7559 0.3767
vn -0.6544 0.7110 0.2574
vn -0.2752 0.8743 -0.3998
vn -0.3528 -0.8534 -0.3837
vn -0.4936 -0.5181 0.6985
vn -0.1134 -0.6954 -0.7097
vn 0.9084 0.2002 -0.3670
vn -0.0096 -0.3421 0.9396
vn 0.8358 -0.4742 0.2767
vn 0.4198 0.7441 0.5197
vn 0.7208 -0.6012 0.3450
vn -0.3244 -0.7612 0.5616
vn 0.6468 0.3102 -0.6968
vn -0.0062 -0.4472 0.8944
vn -0.4205 0.1948 -0.8861
vn 0.5842 0.5442 0.6022
vn 0.9167 0.0813 -0.3912
vn 0.4699 0.4730 -0.7453
vn -0.3490 -0.7855 -0.5110
vn 0.5359 -0.7712 0.3436
vn -0.7071 0.2177 0.6727
vn 0.3395 -0.8768 -0.3405
vn -0.1027 0.9549 0.2785
vn -0.3633 -0.0803 -0.9282
vn 0.3461 -0.7837 0.5158
vn -0.9974 0.0715 -0.0094
vn -0.7291 -0.4322 -0.5307
vn -0.7519 -0.4931 0.4377
vn -0.3589 0.2738 0.8923
vn -0.7494 0.2470 0.6144
vn 0.8764 -0.3588 -0.3210
vn -0.7554 -0.5177 -0.4018
vn -0.7970 0.0609 -0.6009
vn 0.7855 -0.5120 -0.3476
vn -0.4578 -0.1637 0.8739
vn 0.7927 0.0873 -0.6033
vn -0.7477 0.6070 0.2693
vn -0.6633 -0.1152 0.7395
vn -0.3676 -0.8630 -0.3466
vn -0.6863 -0.6541 0.3182
vn -0.4995 -0.4418 0.7452
vn 0.5885 -0.5580 -0.5851
vn 0.4701 0.8825 0.0127
vn -0.8398 0.0128 0.5427
vn 0.5556 -0.4260 0.7140
vn 0.9807 0.1765 -0.0840
vn -0.6309 0.6353 0.4453
vn 0.9218 0.1657 0.3504
vn -0.4692 0.8385 -0.2770
vn 0.4716 -0.4027 -0.7845
vn -0.5298 0.5396 0.6543
vn 0.3444 -0.3760 0.8603
vn 0.8959 -0.2747 -0.3491
vn -0.3687 0.8747 -0.3145
vn -0.9162 -0.2579 0.3067
vn -0.2899 -0.9489 -0.1246
vn 0.9806 0.1788 -0.0799
vn -0.0811 0.8832 0.4620
vn -0.6972 0.7146 0.0561
vn 0.8908 0.1894 0.4130
vn -0.5245 -0.2283 0.8203
vn -0.5883 0.7622 0.2702
vn -0.3311 -0.8548 -0.3997
vn 0.6731 0.0270 0.7391
vn 0.2140 0.5851 -0.7822
vn -0.8940 0.2983 -0.3344
vn 0.5834 -0.7840 -0.2121
vn -0.1424 0.7224 0.6767
vn -0.7924 -0.3462 0.5022
vn 0.4424 -0.7161 0.5398
vn -0.5230 0.7588 -0.3881
vn -0.6495 -0.7105 -0.2708
vn -0.2838 -0.8740 0.3943
vn -0.3631 0.8532 0.3745
vn -0.4784 0.5178 -0.7092
vn 0.0513 -0.8602 0.5073
vn -0.6203 -0.7502 0.2289
vn 0.1460 -0.9882 -0.0473
vn -0.1806 0.9580 -0.2229
vn 0.8277 -0.4077 0.3856
vn -0.3306 0.8365 -0.4370
vn -0.3585 -0.6327 -0.6864
vn 0.9613 -0.0061 -0.2753
vn 0.0895 0.7347 -0.6725
vn -0.9799 0.0046 0.1997
vn 0.9550 0.0066 0.2964
vn 0.0750 0.7638 0.6411
vn -0.9752 -0.0047 -0.2212
vn -0.3739 -0.6018 0.7057
vn -0.0704 -0.8832 -0.4636
vn -0.6479 0.5936 -0.4774
vn -0.5092 0.7550 0.4131
vn -0.5820 -0.7625 -0.2828
vn 0.1318 0.9578 0.2556
vn 0.5858 0.7728 -0.2440
vn -0.3403 0.8545 0.3924
vn 0.8851 0.4651 0.0155
vn -0.5602 -0.8260 0.0620
vn 0.8842 0.4087 -0.2262
vn -0.8649 0.3974 0.3066
vn -0.4324 0.6267 0.6483
vn 0.8813 -0.0381 0.4710
vn 0.9550 -0.2002 -0.2189
vn -0.4983 -0.4261 -0.7551
vn -0.2421 -0.5037 0.8293
vn 0.4106 -0.2667 -0.8719
vn -0.3737 0.8315 0.4111
vn 0.3252 -0.8601 -0.3930
vn 0.5981 -0.4665 0.6517
vn 0.6193 0.7827 -0.0623
vn 0.3918 -0.2809 0.8761
vn -0.2867 0.8043 -0.5205
vn -0.3100 0.8975 -0.3137
vn -0.7954 -0.1917 0.5749
vn -0.1224 0.9458 0.3008
vn 0.5014 0.2096 0.8394
vn -0.1925 -0.9354 -0.2967
vn -0.6214 -0.5118 0.5933
vn -0.8963 -0.1586 -0.4142
vn -0.7131 0.5575 -0.4251
vn 0.0322 0.8079 0.5885
vn 0.7201 -0.5814 0.3788
vn 0.6133 -0.7044 0.3572
vn -0.4067 0.3253 -0.8537
vn 0.8871 0.2711 -0.3737
vn 0.2874 -0.2079 0.9350
vn 0.3696 -0.8485 -0.3788
vn 0.2129 -0.5367 0.8165
vn -0.3709 -0.3449 -0.8623
vn 0.1980 0.6236 -0.7562
vn 0.3522 -0.8903 0.2888
vn 0.6463 -0.6412 0.4137
vn -0.0152 -0.6654 0.7463
vn 0.2965 0.1716 -0.9395
vn -0.0676 -0.9973 0.0276
vn 0.0008 -0.6978 -0.7163
vn 0.3151 -0.0904 0.9447
vn -0.4912 -0.4681 -0.7345
vn 0.2627 0.1224 0.9571
vn -0.8480 -0.3006 -0.4365
vn 0.0415 -0.9770 -0.2091
vn 0.2944 -0.7091 0.6407
vn 0.2232 0.6480 0.7282
vn 0.3840 -0.8919 -0.2387
vn 0.8436 -0.5168 -0.1457
vn -0.8701 0.2216 0.4403
vn -0.7499 -0.4016 0.5257
vn 0.9249 -0.2428 -0.2925
vn 0.6016 0.1387 -0.7867
vn -0.5770 -0.7810 0.2391
vn -0.3589 -0.9288 -0.0919
vn -0.4671 -0.7153 -0.5198
vn 0.7722 0.2921 0.5642
vn -0.8309 0.3913 -0.3956
vn -0.2330 0.1738 0.9568
vn 0.6891 -0.1540 0.7081
vn 0.9035 -0.4277 0.0293
vn -0.8072 0.2144 0.5499
vn -0.1394 -0.8458 0.5150
vn -0.3613 -0.9240 0.1251
vn 0.7583 0.5393 -0.3663
vn 0.7783 0.2571 0.5728
vn -0.9730 0.2226 0.0604
vn 0.5752 0.7898 0.2131
vn -0.1413 -0.1521 0.9782
vn 0.8689 -0.1918 -0.4563
vn 0.1215 0.9851 -0.1218
vn 0.7830 0.4670 0.4110
vn 0.4016 0.6053 -0.6872
vn 0.6756 -0.2671 -0.6872
vn -0.1032 0.9536 -0.2827
vn 0.8241 0.5263 0.2094
vn -0.5329 -0.7848 0.3165
vn 0.5426 0.7717 -0.3318
vn 0.4141 -0.4056 0.8149
vn 0.0475 -0.9864 -0.1574
vn -0.4774 0.2903 -0.8294
vn -0.9935 -0.1129 0.0147
vn 0.0127 0.8415 0.5401
vn 0.8504 0.3676 -0.3765
vn 0.8314 -0.4175 -0.3668
vn 0.0842 -0.8345 0.5446
vn -0.8499 0.4044 0.3379
vn 0.3845 -0.2423 -0.8908
vn -0.6697 -0.4854 -0.5621
vn -0.5553 0.2070 0.8055
vn 0.2641 -0.0168 -0.9643
vn -0.6353 -0.0177 -0.7721
vn -0.6337 0.0166 0.7734
vn -0.6428 0.4542 -0.6169
vn -0.4998 -0.0994 0.8604
vn 0.5358 0.2180 -0.8157
vn -0.8447 -0.4344 0.3127
vn -0.1382 -0.5713 0.8090
vn -0.6125 -0.6186 0.4921
vn 0.5808 0.7741 -0.2520
vn 0.7787 0.3193 0.5400
vn 0.8228 0.4116 0.3920
vn -0.3411 0.3275 -0.8811
vn 0.2435 0.8257 0.5088
vn 0.3356 0.2741 -0.9012
vn -0.7544 0.1277 0.6439
vn -0.4385 0.1636 -0.8837
vn -0.0648 0.2352 -0.9698
vn -0.8099 -0.0615 0.5833
vn 0.1155 -0.9758 0.1858
vn 0.4808 -0.3848 -0.7878
vn 0.8737 -0.1638 -0.4580
vn 0.3541 -0.8773 -0.3240
vn -0.8610 0.3725 -0.3464
vn -0.4034 0.8062 -0.4327
vn 0.2426 -0.8514 0.4650
vn -0.2203 -0.5392 -0.8129
vn -0.8171 -0.0770 0.5713
vn -0.4534 -0.7674 -0.4533
vn -0.2927 0.2886 -0.9116
vn 0.6773 -0.6706 0.3025
vn 0.3664 -0.3708 0.8534
vn -0.6221 0.6188 -0.4796
vn 0.3355 0.8782 -0.3409
vn 0.7052 0.2421 0.6664
vn -0.2901 -0.9064 0.3070
vn 0.2197 0.5621 -0.7973
vn 0.6726 -0.6485 -0.3564
vn -0.2541 -0.4255 0.8686
vn -0.7691 -0.4054 -0.4941
vn 0.3645 0.6082 -0.7052
vn 0.4758 0.8396 -0.2622
vn -0.6586 0.4760 0.5828
vn -0.4588 -0.8254 0.3291
vn -0.6724 0.6629 -0.3292
vn 0.5441 0.5515 0.6324
vn 0.6297 -0.6172 0.4717
vn 0.8121 -0.3741 -0.4479
vn 0.1075 -0.0911 0.9900
vn -0.2483 0.2957 -0.9224
vn -0.1302 -0.1504 0.9800
vn -0.7084 0.2416 0.6632
vn -0.6935 0.2118 -0.6886
vn -0.2863 -0.9192 -0.2703
vn 0.3268 0.8926 0.3104
vn 0.8428 0.3821 0.3791
vn 0.3253 -0.6477 0.6889
vn -0.8367 -0.4515 -0.3100
vn 0.3401 -0.6774 -0.6523
vn 0.0239 0.6980 -0.7157
vn -0.8939 -0.3003 -0.3327
vn -0.7634 -0.5279 -0.3722
vn 0.3640 -0.6849 -0.6312
vn 0.8131 0.5129 0.2754
vn 0.8837 0.2778 0.3766
vn -0.7716 -0.5113 0.3784
vn 0.3491 -0.6565 0.6687
vn 0.8194 0.5005 -0.2796
vn 0.0084 0.7289 0.6845
vn 0.8920 0.2608 -0.3692
vn -0.9011 -0.2863 0.3258
vn 0.4718 -0.0465 0.8805
vn -0.8505 0.3920 -0.3506
vn -0.6215 -0.7833 -0.0122
vn 0.1014 0.9413 0.3219
vn 0.4890 -0.3589 0.7951
vn -0.4554 0.5655 -0.6876
vn -0.7083 -0.2493 0.6604
vn 0.9712 0.2310 -0.0584
vn 0.5754 0.7848 0.2301
vn 0.7784 -0.5073 0.3699
vn -0.7321 0.3306 -0.5956
vn 0.0109 0.9919 -0.1268
vn -0.1206 -0.6068 -0.7857
vn 0.7188 0.5282 -0.4521
vn 0.3510 0.8724 -0.3402
vn 0.9095 -0.1267 -0.3960
vn -0.7355 -0.2474 -0.6308
vn 0.8690 0.3593 0.3403
vn -0.5968 0.3082 0.7409
vn -0.7644 0.5170 0.3852
vn 0.2588 -0.0210 -0.9657
vn 0.7795 -0.0869 0.6204
vn 0.5657 0.3492 0.7470
vn 0.6279 0.5186 -0.5804
vn -0.8627 0.4337 0.2600
vn -0.5215 -0.3048 -0.7970
vn -0.7007 0.4863 0.5220
vn 0.5074 0.2542 0.8233
vn 0.4852 -0.2594 0.8351
vn -0.7237 -0.4659 0.5092
vn -0.4389 0.0669 -0.8960
vn -0.4597 -0.1344 -0.8778
vn 0.0957 -0.8577 -0.5052
vn -0.8420 0.3886 -0.3741
vn 0.0277 0.8159 -0.5775
vn 0.8436 -0.3824 0.3770
vn 0.2856 -0.8964 -0.3388
vn -0.3672 -0.7215 -0.5870
vn 0.6754 0.7303 0.1025
vn 0.0775 0.9424 -0.3255
vn -0.1456 0.4628 -0.8744
vn 0.5544 -0.0033 0.8322
vn -0.8346 -0.2241 0.5032
vn 0.3697 -0.8759 -0.3101
vn -0.0108 0.8979 -0.4400
vn 0.7314 0.2323 0.6412
vn -0.2995 0.9256 0.2313
vn -0.0232 0.9920 0.1242
vn -0.4903 -0.6315 0.6007
vn 0.2307 -0.5481 -0.8040
vn -0.7538 0.0439 -0.6556
vn -0.3521 0.4786 0.8043
vn -0.3166 0.6966 0.6438
vn -0.3020 0.6673 -0.6808
vn -0.3166 -0.6675 0.6740
vn -0.3020 -0.6968 -0.6506
vn -0.8171 0.1020 0.5674
vn 0.6812 -0.2547 0.6864
vn 0.6770 0.6837 0.2724
vn -0.6221 -0.6394 -0.4518
vn -0.2927 -0.3286 -0.8979
vn -0.4534 0.7466 -0.4868
vn 0.3664 0.4082 0.8361
vn 0.6708 0.5705 -0.4738
vn 0.0477 -0.9291 -0.3666
vn -0.8391 -0.1538 -0.5219
vn -0.5390 0.6433 0.5438
vn 0.6304 -0.2810 0.7236
vn 0.6643 -0.6317 0.3995
vn -0.4637 -0.7469 0.4767
vn -0.3126 0.3285 0.8913
vn -0.2365 -0.4626 -0.8545
vn 0.3849 -0.4080 -0.8279
vn 0.7197 0.2127 -0.6609
vn 0.2017 0.5979 0.7758
vn -0.8043 -0.1026 -0.5852
vn 0.6832 -0.6832 -0.2576
vn -0.6322 0.6391 0.4381
vn -0.7828 -0.3310 -0.5269
vn -0.0297 0.8966 0.4418
vn -0.2336 0.9162 -0.3257
vn 0.3661 -0.8382 0.4041
vn 0.7454 0.2042 -0.6346
vn 0.0540 0.9860 -0.1576
vn -0.4477 -0.6470 -0.6172
vn 0.1620 -0.6226 0.7656
vn -0.7681 0.0724 0.6363
vn -0.3408 0.4618 -0.8189
vn 0.7276 -0.1895 -0.6593
vn 0.6496 0.5517 0.5231
vn 0.0579 -0.2911 0.9549
vn -0.0075 0.7098 0.7044
vn 0.1197 0.5156 -0.8485
vn -0.4624 0.7421 0.4852
vn 0.3967 0.3828 -0.8343
vn -0.8044 0.0764 -0.5892
vn -0.3110 -0.3025 0.9010
vn 0.6835 0.6709 -0.2876
vn -0.6324 -0.6190 0.4658
vn 0.3640 0.6563 -0.6609
vn 0.3497 0.6851 0.6390
vn -0.7717 0.5276 0.3552
vn 0.8130 -0.5003 0.2978
vn 0.0239 -0.7289 -0.6842
vn -0.7634 0.5110 -0.3951
vn 0.8836 -0.2602 0.3892
vn 0.0084 -0.6980 0.7161
vn -0.8936 0.2862 -0.3458
vn 0.8921 -0.2768 -0.3572
vn -0.9011 0.3004 0.3128
vn 0.8192 -0.5126 -0.2573
vn -0.4509 -0.6594 0.6015
vn -0.1123 0.7543 0.6468
vn -0.4406 0.2881 -0.8502
vn 0.7180 0.5835 -0.3794
vn 0.4039 -0.3433 0.8480
vn 0.5032 -0.7438 -0.4399
vn 0.2018 -0.0519 0.9781
vn -0.6425 0.1752 -0.7460
vn 0.8284 0.2546 0.4990
vn 0.5688 -0.5680 -0.5949
vn 0.0327 0.0320 -0.9990
vn -0.4482 -0.4449 0.7754
vn 0.3490 -0.6216 0.7013
vn -0.7807 0.3714 0.5027
vn -0.1085 0.1714 -0.9792
vn -0.6454 -0.4764 -0.5970
vn -0.7362 -0.3693 -0.5671
vn 0.4390 0.6149 -0.6551
vn -0.6210 0.7357 0.2703
vn 0.6168 -0.7219 -0.3136
vn -0.4591 0.3252 0.8267
vn -0.1864 -0.8072 0.5600
vn 0.4222 -0.3802 -0.8229
vn 0.8603 -0.1036 0.4992
vn 0.1701 -0.2139 -0.9619
vn -0.4697 0.5566 0.6853
vn -0.4219 -0.7080 0.5663
vn -0.9051 0.2719 -0.3268
vn 0.0610 0.8167 0.5738
vn 0.9007 -0.2280 0.3697
vn 0.7695 0.4587 -0.4444
vn 0.5299 -0.7097 -0.4641
vn 0.2247 -0.0573 0.9727
vn -0.6589 0.1476 -0.7376
vn -0.0551 -0.6449 -0.7623
vn -0.4379 -0.8861 -0.1520
vn 0.6842 0.6549 0.3210
vn 0.3691 -0.7683 0.5230
vn -0.3523 0.3472 0.8691
vn 0.2549 0.6147 -0.7465
vn 0.0373 -0.9114 0.4097
vn -0.8512 -0.1311 0.5081
vn 0.6460 -0.3124 -0.6965
vn -0.5267 0.6182 -0.5835
vn -0.4120 -0.7312 -0.5438
vn -0.9126 0.2850 0.2933
vn -0.6738 0.1793 0.7168
vn 0.5195 -0.6884 0.5062
vn 0.2458 -0.1017 -0.9640
vn 0.9081 -0.2447 -0.3397
vn 0.7598 0.4782 0.4405
vn 0.0741 0.7906 -0.6078
vn -0.5644 0.4644 0.6824
vn -0.5491 0.4336 -0.7145
vn 0.6782 0.6974 0.2315
vn 0.4929 -0.5195 0.6979
vn -0.6804 -0.7029 -0.2073
vn 0.5079 -0.5497 -0.6632
vn -0.6851 -0.6934 0.2231
vn 0.6835 0.6869 -0.2471
vn -0.7487 0.3690 0.5507
vn 0.4250 -0.6147 0.6645
vn -0.6145 -0.7361 -0.2838
vn 0.6095 0.7222 0.3271
vn -0.4403 -0.3253 -0.8368
vn -0.1744 0.8072 -0.5640
vn 0.4039 0.3806 0.8319
vn 0.8710 0.1041 -0.4802
vn 0.1488 0.2139 0.9655
vn -0.4542 -0.5568 -0.6955
vn 0.3258 0.7473 0.5791
vn 0.4439 -0.6358 0.6314
vn -0.3647 -0.7642 -0.5320
vn -0.2058 -0.0939 0.9741
vn 0.6552 0.3344 -0.6774
vn 0.7365 -0.1830 -0.6512
vn -0.4741 0.6507 -0.5931
vn -0.3309 0.1246 0.9354
vn 0.5754 -0.7736 0.2654
vn -0.7537 -0.3167 -0.5758
vn 0.7619 -0.1767 -0.6231
vn 0.8314 -0.4111 -0.3738
vn -0.3211 -0.3403 0.8838
vn 0.3478 -0.8444 -0.4073
vn 0.3072 -0.2850 0.9080
vn -0.2876 0.5654 -0.7730
vn -0.7363 0.3439 -0.5828
vn -0.6210 -0.7229 0.3030
vn 0.4380 -0.6437 -0.6275
vn 0.6166 0.7074 -0.3455
vn 0.8603 0.1256 0.4941
vn 0.1701 0.1711 -0.9705
vn -0.4696 -0.5257 0.7093
vn -0.3439 -0.2007 0.9173
vn -0.1864 0.8312 0.5237
vn 0.4594 0.3859 -0.8000
vn -0.0830 -0.7451 0.6618
vn -0.0687 -0.7736 -0.6299
vn -0.9204 -0.0089 -0.3908
vn 0.9647 -0.0058 -0.2634
vn 0.9587 0.0062 0.2842
vn 0.4120 0.5938 0.6911
vn -0.9289 0.0082 0.3702
vn 0.4274 0.5629 -0.7074
vn -0.3684 0.6222 0.6908
vn 0.3841 -0.5692 0.7270
vn -0.9126 -0.2717 0.3056
vn -0.3527 0.5908 -0.7256
vn -0.9052 -0.2862 -0.3142
vn 0.3997 -0.6006 -0.6925
vn 0.9009 0.2442 0.3587
vn 0.9083 0.2299 -0.3494
vn 0.9385 0.2533 -0.2345
vn 0.7205 0.1838 0.6687
vn 0.6414 -0.3335 0.6909
vn 0.8509 -0.4832 -0.2059
vn -0.1823 0.0922 -0.9789
vn 0.6706 -0.6832 -0.2890
vn -0.3654 0.3567 -0.8598
vn 0.5052 -0.5055 0.6995
vn 0.4794 -0.8600 -0.1750
vn -0.7031 -0.6998 -0.1260
vn -0.9169 0.3939 -0.0649
vn -0.0896 -0.0971 -0.9912
vn -0.8622 -0.3752 -0.3403
vn -0.4836 0.3109 0.8183
vn 0.3706 -0.8873 -0.2746
vn 0.8854 -0.3658 -0.2866
vn 0.8856 0.3528 -0.3021
vn 0.3743 0.8771 -0.3012
vn -0.6624 0.6560 -0.3617
vn -0.9418 0.2593 -0.2138
vn -0.6290 0.7415 -0.2337
vn -0.7741 0.5293 -0.3473
vn -0.6587 0.2077 0.7231
vn -0.9333 0.2877 -0.2149
vn 0.2233 -0.0950 -0.9701
vn -0.9417 -0.0074 -0.3363
vn 0.5508 -0.0189 -0.8344
vn -0.5506 0.0184 0.8346
vn -0.6587 -0.1755 0.7316
vn -0.9333 -0.2969 -0.2019
vn 0.2232 0.0520 -0.9734
vn -0.4016 -0.8603 -0.3140
vn 0.4330 0.1988 0.8792
vn 0.9157 -0.3781 -0.1365
vn -0.2290 -0.2009 -0.9525
vn 0.7104 -0.1519 0.6872
vn 0.9433 -0.2635 -0.2019
vn -0.2915 0.0839 -0.9529
vn 0.9339 -0.0079 -0.3573
vn -0.5939 -0.0177 -0.8043
vn 0.6435 0.0172 0.7653
vn -0.3107 -0.1251 -0.9422
vn -0.3683 -0.5910 0.7177
vn -0.3527 -0.6224 -0.6988
vn -0.6150 0.7221 -0.3168
vn 0.6092 -0.7075 0.3582
vn 0.3840 0.6008 0.7011
vn 0.3997 0.5694 -0.7184
vn 0.4274 -0.5937 -0.6818
vn -0.0686 0.7452 -0.6633
vn 0.4120 -0.5627 0.7167
vn -0.0829 0.7736 0.6282
vn -0.0384 -0.7466 0.6642
vn -0.4715 0.6462 0.6001
vn -0.5319 -0.0187 -0.8466
vn 0.2889 0.8321 -0.4734
vn 0.5325 0.0187 0.8462
vn 0.8143 -0.4025 -0.4183
vn 0.2018 0.0951 0.9748
vn -0.6426 -0.2079 -0.7375
vn -0.7487 -0.3443 0.5665
vn -0.1744 -0.8313 -0.5278
vn 0.4234 0.6443 0.6369
vn 0.8710 -0.1252 -0.4751
vn 0.1489 -0.1710 0.9740
vn -0.4543 0.5255 -0.7194
vn -0.4388 0.6588 -0.6111
vn -0.0980 -0.7546 -0.6488
vn 0.7097 -0.5832 0.3952
vn 0.4930 0.7440 0.4510
vn 0.6725 0.3038 0.6748
vn 0.6835 -0.6971 -0.2165
vn -0.2921 -0.6707 0.6817
vn -0.6852 0.7025 0.1923
vn 0.5197 -0.5357 -0.6655
vn -0.8071 -0.2449 -0.5373
vn -0.3849 0.3943 0.8345
vn 0.1534 0.8220 -0.5484
vn -0.1299 0.2145 0.9680
vn 0.3640 -0.6519 -0.6653
vn 0.3304 -0.7196 0.6108
vn 0.4380 0.6652 0.6047
vn 0.8328 -0.5039 -0.2291
vn -0.9328 -0.2409 0.2679
vn -0.8283 0.4720 0.3020
vn 0.9299 0.2882 -0.2287
vn 0.7348 0.1535 -0.6607
vn -0.4737 -0.6762 -0.5643
vn -0.3310 -0.0861 0.9397
vn -0.3652 0.7408 -0.5638
vn -0.2049 0.1357 0.9693
vn 0.6559 -0.3644 -0.6611
vn -0.0389 0.7742 0.6318
vn -0.4712 -0.6193 0.6280
vn 0.8143 0.3837 -0.4357
vn 0.2888 -0.8523 -0.4362
vn -0.4573 -0.6464 -0.6108
vn 0.2790 -0.8317 0.4800
vn 0.8047 0.4029 0.4361
vn -0.0238 0.7458 -0.6658
vn 0.3435 0.7196 -0.6035
vn 0.4437 -0.6552 -0.6114
vn -0.5099 0.6753 0.5328
vn -0.4448 -0.7220 0.5300
vn 0.6978 -0.2574 0.6685
vn 0.7122 -0.2864 -0.6409
vn -0.6549 -0.4401 -0.6144
vn -0.6685 -0.4129 0.6187
vn 0.4408 -0.8516 0.2836
vn 0.7122 0.6706 0.2076
vn -0.9005 -0.4270 0.0822
vn -0.7268 0.6704 0.1498
vn 0.5567 0.0193 0.8305
vn -0.2062 -0.0219 -0.9783
vn 0.4047 0.5350 -0.7416
vn -0.5341 -0.7250 -0.4349
vn 0.9683 0.2162 0.1250
vn -0.0533 0.4728 0.8796
vn 0.7121 0.2579 -0.6530
vn -0.6546 0.4127 -0.6334
vn 0.6977 0.2869 0.6565
vn -0.6684 0.4399 0.5997
vn -0.7108 0.3745 -0.5953
vn 0.6105 0.1435 -0.7789
vn -0.2693 0.5631 -0.7813
vn 0.2674 0.5793 0.7700
vn 0.6567 -0.2602 0.7078
vn -0.4880 0.6053 0.6288
vn -0.4738 0.5766 -0.6656
vn 0.6720 -0.2910 -0.6810
vn 0.7115 -0.6603 0.2404
vn -0.7175 -0.6629 0.2142
vn -0.4616 -0.4834 -0.7438
vn -0.6998 -0.6871 0.1953
vn 0.0425 0.0761 0.9962
vn 0.4750 -0.8512 0.2233
vn 0.6638 -0.6694 0.3335
vn 0.8459 -0.4733 0.2457
vn 0.9332 0.2639 0.2438
vn 0.9259 0.0083 0.3778
vn -0.6114 0.0175 0.7911
vn 0.6601 -0.0169 -0.7510
vn 0.9332 -0.2529 0.2552
vn 0.8459 0.4837 0.2247
vn 0.6638 0.6836 0.3036
vn -0.3839 -0.3567 0.8517
vn 0.5204 0.5056 -0.6881
vn 0.4751 0.8652 0.1602
vn 0.3193 0.9415 0.1075
vn 0.9587 0.0523 0.2795
vn 0.3679 -0.8768 0.3095
vn -0.6699 -0.6563 0.3470
vn -0.6583 -0.1792 -0.7311
vn -0.9462 -0.2598 0.1930
vn 0.2236 0.1011 0.9694
vn -0.6336 -0.7418 0.2198
vn -0.7813 -0.5296 0.3302
vn -0.9377 -0.2882 0.1943
vn -0.9489 0.0070 0.3154
vn -0.9377 0.2967 0.1809
vn -0.7813 0.5437 0.3064
vn -0.6336 0.7508 0.1868
vn -0.9462 0.2680 0.1814
vn -0.6699 0.6710 0.3177
vn 0.3680 0.8897 0.2703
vn 0.8809 0.3654 0.3008
vn -0.6935 -0.2419 -0.6786
vn -0.7084 -0.2120 0.6732
vn 0.3400 0.6480 -0.6816
vn 0.3251 0.6777 0.6596
vn 0.0710 0.9559 0.2850
vn -0.3282 0.2211 0.9184
vn 0.7686 -0.6355 -0.0727
vn 0.1447 -0.8598 0.4897
vn 0.0106 -0.7132 0.7009
vn 0.4196 0.6729 0.6092
vn 0.4332 0.6455 -0.6290
vn 0.0256 -0.7435 -0.6682
vn -0.6609 -0.6748 -0.3286
vn -0.9418 -0.2685 -0.2022
vn -0.6743 -0.1474 0.7236
vn 0.2454 0.0584 -0.9677
vn 0.3509 -0.9282 -0.1236
vn 0.9024 0.3539 -0.2458
vn 0.3488 0.6440 0.6809
vn 0.4790 0.8553 -0.1976
vn -0.1083 -0.2011 -0.9736
vn 0.6724 0.6771 -0.2988
vn -0.3605 -0.3843 -0.8499
vn -0.0865 0.9794 -0.1826
vn 0.4998 0.5277 0.6869
vn -0.9376 -0.2195 -0.2696
vn -0.6290 -0.7511 -0.2007
vn 0.2896 0.8900 0.3523
vn -0.4642 0.6850 0.5616
vn 0.6779 -0.7299 -0.0879
vn 0.1828 -0.9719 0.1483
vn 0.0702 -0.9422 0.3276
vn 0.7803 0.4887 -0.3902
vn -0.2159 -0.3269 0.9201
vn 0.5595 -0.0579 -0.8268
vn 0.7090 -0.5278 0.4677
vn -0.3042 0.5989 0.7408
vn -0.6079 -0.7113 -0.3529
vn 0.8933 0.1394 0.4273
vn -0.6495 -0.3727 -0.6628
vn -0.7664 -0.2909 0.5727
vn 0.0769 -0.9558 -0.2839
vn -0.3940 -0.1852 -0.9003
vn 0.8915 -0.3180 -0.3227
vn -0.4580 -0.8251 0.3309
vn 0.7664 0.6361 0.0888
vn 0.1556 0.8520 -0.4998
vn 0.4065 -0.9122 0.0509
vn -0.5427 0.3062 0.7821
vn 0.4365 -0.6790 -0.5903
vn -0.8525 -0.4550 -0.2572
vn 0.8139 -0.3093 0.4918
vn -0.7800 -0.3726 0.5029
vn -0.6797 0.6767 0.2829
vn 0.5629 0.5306 -0.6337
vn 0.6399 -0.6376 -0.4290
vn -0.6457 0.4489 -0.6177
vn -0.4520 -0.8393 -0.3022
vn 0.4702 0.8507 0.2349
vn 0.6492 0.1820 -0.7385
vn 0.7524 0.1550 0.6402
vn 0.0250 -0.9706 -0.2394
vn -0.9787 0.2041 0.0215
vn -0.8158 -0.5332 -0.2240
vn -0.3753 0.8891 0.2621
vn -0.6282 0.7637 0.1489
vn -0.3004 -0.8602 -0.4122
vn -0.4738 -0.6055 -0.6395
vn -0.4880 -0.5769 0.6550
vn 0.6567 0.2913 0.6957
vn 0.6720 0.2607 -0.6932
vn 0.4963 0.4931 0.7145
vn -0.5042 0.7399 -0.4453
vn -0.9775 -0.2038 0.0549
vn 0.2349 -0.1830 -0.9546
vn -0.5261 0.2031 -0.8258
vn -0.7224 -0.3664 -0.5864
vn -0.1300 -0.9203 -0.3689
vn 0.4021 0.5517 -0.7307
vn -0.6244 0.7560 -0.1963
vn -0.6206 0.3743 0.6891
vn -0.6997 -0.4372 -0.5650
vn -0.5401 -0.8179 0.1983
vn 0.7555 -0.6550 -0.0120
vn -0.2231 -0.9647 0.1402
vn 0.1706 -0.5627 0.8089
vn 0.7972 0.1260 -0.5904
vn 0.7939 -0.4547 -0.4036
vn 0.0174 0.8651 -0.5012
vn -0.0804 -0.7065 0.7031
vn -0.6988 0.3485 0.6247
vn -0.6589 -0.4492 0.6033
vn 0.5553 -0.5408 0.6318
vn -0.7692 0.3484 -0.5356
vn 0.8393 0.2327 -0.4913
vn -0.3234 0.8783 -0.3521
vn -0.5815 0.7492 -0.3170
vn 0.7540 0.2530 -0.6061
vn -0.3493 -0.8392 0.4168
vn -0.8423 -0.1647 -0.5132
vn -0.2788 -0.6527 0.7045
vn 0.2577 0.8019 -0.5390
vn 0.6797 0.2787 0.6784
vn 0.0611 -0.7905 0.6093
vn 0.7696 -0.4778 -0.4236
vn -0.4237 0.7319 0.5337
vn 0.5305 0.6887 -0.4942
vn 0.0165 -0.7072 -0.7068
vn 0.3740 0.6483 -0.6632
vn -0.2608 0.8261 0.4995
vn -0.7433 -0.4718 0.4742
vn -0.6282 -0.7563 0.1825
vn -0.6051 -0.3745 -0.7026
vn -0.7120 0.4369 0.5497
vn -0.5360 0.8176 -0.2102
vn -0.3031 0.5100 -0.8050
vn 0.8839 -0.3305 0.3309
vn 0.7548 0.6553 0.0287
vn -0.0104 0.9783 -0.2068
vn 0.5572 0.4108 -0.7216
vn 0.7522 -0.1266 0.6466
vn 0.6873 -0.3035 -0.6599
vn -0.2774 0.6706 -0.6880
vn -0.8191 0.2445 0.5190
vn 0.1417 -0.8216 0.5522
vn 0.3746 -0.6770 -0.6335
vn -0.2613 -0.8027 0.5361
vn 0.0208 0.6728 -0.7395
vn -0.9276 -0.2524 -0.2752
vn -0.7434 0.4923 0.4529
vn 0.9248 0.2983 0.2359
vn 0.5200 0.7103 0.4744
vn 0.7598 -0.4583 0.4612
vn -0.4116 0.7074 -0.5746
vn 0.0741 -0.8167 -0.5723
vn -0.0238 -0.7745 -0.6321
vn -0.4572 0.6188 -0.6389
vn 0.8047 -0.3832 0.4534
vn 0.2784 0.8527 0.4421
vn -0.2922 0.7002 0.6514
vn -0.8071 0.2201 -0.5478
vn 0.6725 -0.2744 0.6874
vn 0.1533 -0.8455 -0.5115
vn -0.8415 0.1426 -0.5211
vn 0.2584 -0.8252 -0.5022
vn -0.2764 0.6862 0.6728
vn 0.6798 -0.2485 0.6901
vn 0.4930 -0.7234 0.4834
vn -0.4388 -0.6852 -0.5813
vn 0.7098 0.6001 0.3690
vn -0.0980 0.7252 -0.6815
vn 0.0044 -0.6727 0.7399
vn 0.3596 0.6771 0.6420
vn -0.7331 -0.4925 -0.4690
vn -0.2490 0.8030 -0.5416
vn 0.4335 -0.6729 -0.5993
vn 0.4196 -0.6453 0.6383
vn 0.0106 0.7435 0.6686
vn 0.0256 0.7132 -0.7005
vn -0.2774 -0.7004 -0.6577
vn -0.8189 -0.2207 0.5297
vn -0.6804 0.6930 -0.2382
vn 0.6873 0.2746 -0.6725
vn 0.6782 -0.6865 0.2621
vn 0.1417 0.8456 0.5147
vn -0.8527 -0.1431 0.5025
vn 0.2466 0.8254 0.5079
vn 0.8288 -0.4927 0.2654
vn -0.2613 -0.6870 -0.6780
vn -0.8206 0.4583 -0.3415
vn 0.6946 0.2488 -0.6750
vn -0.4521 0.6855 0.5707
vn -0.1123 -0.7250 0.6795
vn 0.5032 0.7236 -0.4724
vn 0.7177 -0.5999 -0.3537
vn 0.0008 0.7071 0.7071
vn 0.3601 -0.6481 0.6710
vn -0.2488 -0.8261 -0.5056
vn -0.7329 0.4710 -0.4909
vn 0.4706 -0.8823 -0.0023
vn -0.6408 0.1137 -0.7593
vn 0.5825 0.4532 -0.6747
vn 0.9789 -0.1749 0.1055
vn -0.9109 -0.4112 0.0334
vn 0.3602 0.3800 0.8520
vn 0.9807 -0.1798 -0.0764
vn 0.3696 0.3414 -0.8642
vn -0.1650 -0.3269 -0.9306
vn 0.4221 0.7176 -0.5539
vn -0.6375 -0.4181 0.6471
vn -0.6780 0.1390 0.7218
vn 0.7940 0.4376 -0.4220
vn 0.0174 -0.8864 -0.4626
vn -0.6989 -0.3206 0.6394
vn -0.0804 0.7369 0.6712
vn -0.9414 -0.3302 0.0694
vn -0.0596 -0.9398 0.3365
vn 0.9677 0.2263 0.1109
vn -0.0308 0.9263 -0.3755
vn 0.9061 -0.2190 -0.3619
vn 0.6000 0.5080 0.6180
vn -0.7047 -0.6883 0.1722
vn -0.8830 0.3284 0.3355
vn -0.9439 0.2243 0.2424
vn -0.8647 -0.3132 -0.3928
vn 0.5621 0.6736 -0.4799
vn -0.5337 -0.5066 -0.6771
vn -0.5487 -0.4765 0.6870
vn 0.4719 0.5314 -0.7035
vn 0.4566 0.5621 0.6896
vn 0.0749 -0.7347 0.6742
vn 0.0894 -0.7638 -0.6393
vn -0.3585 0.6017 -0.7137
vn -0.3738 0.6325 0.6784
vn 0.6014 -0.5234 0.6036
vn -0.0149 0.7601 0.6496
vn -0.4378 0.8823 0.1730
vn 0.6413 -0.7673 0.0040
vn -0.8720 0.0920 0.4808
vn -0.2589 0.6415 -0.7221
vn 0.2356 -0.8190 0.5232
vn 0.6946 -0.2785 -0.6633
vn 0.4730 0.8800 -0.0424
vn -0.6457 -0.1443 -0.7498
vn -0.6736 -0.6732 -0.3050
vn 0.9788 0.1803 0.0977
vn 0.0050 -0.7026 0.7116
vn 0.0202 -0.7334 -0.6795
vn 0.1157 0.6958 -0.7089
vn 0.1005 0.7265 0.6798
vn -0.5487 0.5063 0.6652
vn -0.5336 0.4762 -0.6989
vn 0.4565 -0.5312 0.7138
vn 0.4720 -0.5619 -0.6793
vn -0.5644 -0.4339 0.7023
vn -0.5491 -0.4647 -0.6946
vn 0.5079 0.5198 -0.6869
vn 0.4929 0.5499 0.6743
vn 0.7849 -0.4362 0.4401
vn 0.0067 0.8865 0.4628
vn -0.6845 0.3205 -0.6547
vn -0.0653 -0.7369 -0.6728
vn 0.7129 0.2065 0.6702
vn -0.7457 0.1201 0.6554
vn 0.7271 0.1778 -0.6631
vn -0.7310 0.0908 -0.6764
vn -0.5671 0.5592 -0.6048
vn -0.5572 -0.5801 -0.5942
vn 0.3386 -0.8132 0.4733
vn 0.2912 0.8495 0.4399
vn 0.6720 -0.2509 -0.6967
vn -0.8997 0.4348 0.0386
vn -0.3731 -0.9234 0.0899
vn 0.8535 -0.4050 0.3277
vn 0.2131 0.1804 0.9602
vn 0.2504 -0.1167 -0.9611
vn -0.5441 -0.2032 0.8140
vn -0.8186 0.4611 0.3424
vn 0.5416 0.2370 0.8065
vn -0.5140 -0.7399 0.4340
vn -0.3639 0.5117 -0.7783
vn -0.0639 0.3324 0.9410
vn -0.3848 -0.9221 -0.0415
vn -0.3568 0.8967 0.2620
vn 0.6573 -0.2195 0.7209
vn 0.8603 -0.4188 -0.2907
vn -0.4694 -0.7516 -0.4634
vn 0.4065 -0.0136 0.9136
vn -0.1762 -0.3411 -0.9234
vn 0.2877 -0.9501 -0.1208
vn 0.8935 0.2086 0.3977
vn 0.5944 -0.5092 -0.6224
vn -0.7008 0.6882 -0.1876
vn -0.8751 -0.3289 -0.3550
vn -0.1900 -0.7530 -0.6300
vn -0.2040 -0.7245 0.6584
vn -0.2040 0.7529 0.6258
vn -0.1899 0.7244 -0.6627
vn 0.3797 -0.8112 -0.4447
vn 0.7224 -0.0146 -0.6914
vn -0.5638 -0.5487 0.6173
vn -0.5799 0.5851 0.5669
vn 0.2593 0.8183 -0.5129
vn 0.3436 -0.7456 -0.5709
vn -0.4882 -0.6501 0.5822
vn 0.4578 0.6352 -0.6220
vn -0.3767 0.7640 0.5238
vn 0.8603 0.4054 -0.3090
vn -0.6977 0.7123 0.0764
vn -0.2672 -0.2509 0.9304
vn -0.8985 -0.4351 -0.0584
vn 0.0068 -0.8651 0.5016
vn -0.6841 -0.3490 -0.6405
vn 0.7845 0.4551 0.4212
vn -0.0653 0.7064 -0.7048
vn 0.9180 0.2473 0.3101
vn 0.5498 -0.1698 0.8178
vn -0.5520 0.7863 -0.2776
vn -0.3618 0.9285 0.0834
vn -0.1188 0.1603 -0.9799
vn -0.5787 0.7852 0.2204
vn 0.9243 0.2347 -0.3010
vn -0.3594 0.9238 -0.1323
vn 0.8633 0.1642 0.4772
vn 0.3469 0.8773 0.3315
vn -0.8649 -0.3833 0.3240
vn -0.4124 -0.8063 0.4240
vn 0.6776 0.2195 -0.7019
vn -0.8998 -0.4326 0.0578
vn 0.8535 0.4192 0.3096
vn -0.6954 0.7079 -0.1232
vn -0.5591 0.8257 -0.0743
vn -0.8578 -0.3975 -0.3257
vn 0.8920 0.0362 -0.4506
vn -0.3641 -0.8318 -0.4190
vn -0.9978 -0.0598 0.0288
vn 0.4000 0.8901 -0.2185
vn -0.7402 -0.1280 -0.6601
vn 0.3495 0.1589 -0.9234
vn 0.5781 -0.6299 0.5187
vn -0.3035 0.8168 0.4906
vn 0.5332 0.6613 -0.5276
vn -0.8825 -0.0760 0.4641
vn 0.8412 0.1560 -0.5178
vn 0.3305 0.0187 -0.9436
vn -0.5068 -0.7883 -0.3489
vn -0.2489 -0.1156 0.9616
vn 0.1843 0.2584 -0.9483
vn -0.9268 -0.0991 -0.3623
vn -0.2335 -0.1410 0.9621
vn -0.4802 -0.7362 0.4769
vn 0.9530 -0.2607 0.1544
vn 0.5741 -0.0183 -0.8186
vn 0.4972 -0.3772 -0.7813
vn 0.7975 -0.5771 0.1759
vn -0.1457 0.1006 0.9842
vn 0.4661 -0.8704 0.1587
vn -0.3388 -0.3093 0.8886
vn -0.8767 -0.4474 0.1765
vn 0.2218 -0.5923 -0.7746
vn -0.7683 0.6028 0.2152
vn 0.2715 0.9429 0.1928
vn 0.6112 -0.1454 0.7780
vn 0.2551 0.4242 -0.8689
vn 0.1687 0.4692 0.8668
vn 0.6418 0.5773 -0.5048
vn 0.7799 -0.5062 0.3682
vn -0.0410 0.3321 0.9424
vn 0.0871 -0.8833 -0.4607
vn 0.1383 -0.2504 -0.9582
vn -0.8050 -0.3045 -0.5092
vn -0.1683 0.8420 0.5126
vn 0.7473 -0.4809 -0.4586
vn -0.6737 0.5340 0.5109
vn -0.2808 0.1858 0.9416
vn 0.0907 -0.9262 0.3660
vn 0.1638 -0.2350 -0.9581
vn 0.5508 0.7834 -0.2881
vn 0.9499 0.1496 -0.2745
vn 0.5494 0.1008 0.8295
vn -0.2541 -0.3903 -0.8849
vn -0.4441 -0.0847 -0.8920
vn 0.3134 0.4738 0.8229
vn -0.0864 0.5894 0.8032
vn -0.1245 0.9497 -0.2873
vn 0.0688 -0.4520 -0.8894
vn -0.7505 0.5910 -0.2959
vn 0.3722 -0.3006 -0.8781
vn -0.4403 0.3542 0.8250
vn -0.5510 0.4000 0.7324
vn -0.7930 0.5727 -0.2076
vn 0.1412 -0.1088 -0.9840
vn -0.9296 0.2973 -0.2179
vn -0.0637 -0.7007 -0.7106
vn -0.2686 -0.9397 -0.2116
vn -0.5097 0.0443 0.8592
vn -0.6325 0.3200 -0.7054
vn -0.2484 -0.3930 0.8854
vn 0.4197 -0.3305 0.8453
vn 0.7613 -0.5988 -0.2488
vn -0.3406 0.2824 -0.8968
vn 0.3109 -0.4748 0.8234
vn 0.5289 -0.8418 -0.1076
vn 0.0189 -0.0534 -0.9984
vn -0.4800 -0.2867 0.8291
vn -0.8415 -0.5322 -0.0932
vn -0.0444 -0.0470 -0.9979
vn -0.5281 0.8406 -0.1202
vn -0.0225 0.0246 -0.9994
vn -0.5008 0.8171 -0.2857
vn -0.3041 0.4953 0.8138
vn 0.2768 -0.4241 -0.8623
vn -0.8025 -0.5098 -0.3100
vn -0.2199 0.3359 0.9159
vn 0.4369 0.2654 -0.8594
vn -0.3406 -0.1999 0.9187
vn 0.0778 -0.5499 0.8316
vn 0.1488 -0.9568 -0.2498
vn -0.0612 0.4279 -0.9018
vn 0.7690 -0.5800 -0.2688
vn -0.3598 0.2670 -0.8940
vn 0.4409 -0.3283 0.8354
vn -0.8580 -0.2596 -0.4432
vn -0.7117 0.6995 -0.0651
vn -0.3301 0.3702 0.8683
vn 0.3291 0.4409 -0.8350
vn -0.0921 -0.0237 -0.9955
vn -0.2043 -0.3665 0.9077
vn 0.2643 -0.4631 0.8460
vn 0.4778 -0.8254 -0.3006
vn -0.2457 0.4311 -0.8682
vn 0.9521 -0.0039 -0.3058
vn -0.5011 -0.0109 -0.8653
vn 0.4778 0.8177 -0.3211
vn 0.5377 0.0107 0.8431
vn -0.2454 -0.4524 -0.8574
vn -0.6817 0.6896 -0.2446
vn 0.2641 0.4848 0.8338
vn 0.2402 -0.5132 -0.8239
vn -0.1746 -0.9573 -0.2306
vn -0.2400 0.3687 0.8980
vn 0.0529 0.0817 -0.9953
vn 0.4621 0.1092 0.8801
vn 0.2687 -0.4751 0.8379
vn 0.4986 -0.8625 -0.0867
vn 0.0289 -0.0386 -0.9988
vn -0.4957 -0.8621 -0.1052
vn -0.0025 -0.0360 -0.9993
vn -0.2909 -0.4777 0.8289
vn -0.5687 0.0082 0.8225
vn -0.9935 -0.0010 -0.1139
vn -0.0207 -0.0099 -0.9997
vn 0.0130 -0.9673 -0.2534
vn 0.8389 0.4754 -0.2650
vn -0.4561 0.0835 -0.8860
vn 0.0426 -0.0838 0.9956
vn -0.0605 0.1111 0.9920
vn -0.1473 0.2642 -0.9532
vn -0.1791 0.3161 -0.9317
vn -0.9405 -0.0610 0.3343
vn 0.1885 -0.3323 0.9241
vn -0.4148 0.8489 0.3276
vn 0.3873 0.0117 0.9219
vn -0.3682 -0.0118 -0.9297
vn -0.6493 0.3701 0.6644
vn -0.6344 0.3531 -0.6877
vn -0.4698 -0.7482 -0.4686
vn 0.5216 0.6747 0.5223
vn 0.8296 0.1693 0.5321
vn 0.0197 -0.7277 0.6857
vn -0.8721 -0.0879 -0.4814
vn 0.0346 -0.7448 -0.6664
vn -0.3249 0.6132 0.7200
vn 0.4885 -0.5193 0.7013
vn -0.4279 -0.7451 0.5116
vn 0.4132 0.6997 -0.5828
vn -0.3088 0.5946 -0.7423
vn -0.4529 -0.7592 0.4674
vn 0.4004 0.7144 0.5739
vn -0.4427 -0.7709 -0.4579
vn -0.4167 -0.7579 -0.5019
vn 0.5036 -0.5366 -0.6770
vn 0.9818 0.1155 0.1509
vn 0.9849 0.1119 -0.1321
vn -0.0408 -0.7696 0.6372
vn 0.3235 0.7126 0.6226
vn 0.9171 0.1429 -0.3722
vn -0.7625 0.5750 0.2965
vn -0.9409 -0.1477 0.3048
vn 0.7426 -0.5605 -0.3666
vn 0.4590 -0.3491 -0.8169
vn -0.8050 -0.4015 -0.4368
vn -0.3797 0.2893 0.8787
vn -0.5307 0.7196 -0.4478
vn -0.4636 -0.0622 0.8838
vn 0.5680 0.0801 -0.8192
vn 0.1957 -0.7165 -0.6696
vn -0.8296 -0.1692 -0.5321
vn -0.8412 -0.1560 0.5178
vn 0.1807 -0.6993 0.6916
vn 0.8825 0.0760 -0.4641
vn 0.8721 0.0880 0.4813
vn 0.4843 0.5515 0.6792
vn 0.4993 0.5343 -0.6821
vn 0.7369 -0.4689 0.4869
vn -0.6622 0.5207 -0.5389
vn -0.4924 -0.8601 0.1332
vn -0.2814 -0.5117 -0.8117
vn 0.3328 -0.4667 -0.8194
vn 0.5844 -0.8030 0.1170
vn 0.0205 -0.0301 0.9993
vn 0.5384 0.1650 -0.8264
vn 0.9416 0.3136 0.1230
vn 0.0566 0.0235 0.9981
vn 0.9452 0.2948 0.1400
vn 0.0885 -0.6054 0.7910
vn 0.2229 -0.9555 0.1931
vn 0.4486 -0.0405 -0.8928
vn 0.6733 0.2962 0.6774
vn 0.2309 -0.2843 -0.9305
vn -0.3438 -0.1280 -0.9303
vn -0.9238 -0.2965 0.2422
vn 0.3699 0.1556 0.9159
vn -0.5877 0.7788 0.2194
vn 0.2396 -0.3065 0.9212
vn -0.2108 0.2849 -0.9351
vn 0.2096 0.3496 -0.9132
vn 0.4661 0.8539 0.2316
vn -0.2072 -0.3278 0.9217
vn 0.9502 -0.2514 0.1840
vn -0.2916 -0.6262 0.7231
vn 0.3118 -0.2527 -0.9159
vn 0.0316 -0.4285 -0.9030
vn -0.3159 -0.9350 0.1611
vn 0.6558 -0.0900 0.7496
vn -0.0091 -0.0033 1.0000
vn 0.8291 -0.4884 -0.2722
vn -0.4148 -0.8404 0.3490
vn -0.9411 0.0721 0.3303
vn 0.1887 0.3560 0.9152
vn -0.0133 0.9529 -0.3031
vn -0.1788 -0.3390 -0.9236
vn -0.0288 -0.0136 0.9995
vn -0.2688 -0.4964 -0.8254
vn -0.5576 -0.6024 -0.5712
vn -0.9310 -0.0616 0.3599
vn -0.3902 -0.2831 0.8761
vn 0.2969 -0.7818 0.5483
vn 0.4378 -0.6602 -0.6103
vn 0.8112 0.3153 0.4924
vn 0.6641 0.1442 -0.7337
vn 0.0645 0.7730 -0.6311
vn -0.0726 0.5550 0.8287
vn 0.9696 0.0010 -0.2445
vn -0.5319 0.7822 0.3245
vn 0.6203 -0.7661 -0.1682
vn -0.3669 -0.7364 -0.5684
vn -0.8324 -0.2574 0.4908
vn -0.3640 -0.1044 0.9255
vn 0.6014 -0.7159 0.3546
vn 0.3902 0.1324 -0.9112
vn -0.2312 0.3084 0.9227
vn 0.9043 0.2190 0.3665
vn 0.2598 -0.3296 -0.9077
vn 0.1555 0.8149 -0.5584
vn 0.5567 -0.7506 -0.3560
vn -0.5264 0.6970 0.4869
vn 0.8973 0.2633 -0.3544
vn 0.7760 -0.4985 0.3864
vn -0.6247 -0.6666 0.4067
vn -0.4775 0.7644 0.4333
vn 0.6558 0.5425 -0.5250
vn 0.4147 -0.6775 -0.6075
vn -0.8251 0.1607 -0.5417
vn 0.5032 -0.8018 -0.3223
vn -0.4706 0.7432 0.4755
vn -0.9400 0.1761 0.2920
vn -0.0020 0.8238 -0.5669
vn 0.8109 0.3135 0.4941
vn 0.0784 -0.0018 -0.9969
vn -0.7228 -0.2612 -0.6399
vn 0.5201 0.1861 0.8336
vn 0.4288 -0.0178 0.9032
vn -0.0423 -0.8703 0.4908
vn 0.1058 -0.6251 -0.7733
vn 0.8594 -0.2799 -0.4279
vn -0.1849 -0.9682 -0.1685
vn 0.7812 0.3628 0.5080
vn -0.7510 -0.2163 0.6238
vn -0.1853 -0.8864 -0.4242
vn -0.4220 0.3330 -0.8432
vn 0.7409 -0.5849 0.3300
vn 0.3527 -0.2782 0.8934
vn -0.7180 0.5668 -0.4039
vn -0.1191 0.9158 -0.3836
vn 0.5805 0.5153 0.6305
vn 0.1227 -0.9362 0.3293
vn -0.0685 0.5690 -0.8195
vn 0.8427 -0.3383 -0.4189
vn 0.0491 -0.4293 0.9018
vn 0.6245 -0.6574 -0.4217
vn -0.6796 0.4141 -0.6056
vn 0.8566 0.5071 -0.0952
vn -0.0971 -0.8412 0.5320
vn 0.2103 -0.2606 0.9423
vn 0.7618 0.3823 0.5230
vn 0.6881 0.2792 -0.6698
vn 0.1009 0.9252 0.3658
vn 0.6252 0.3975 0.6717
vn 0.9616 0.0011 -0.2745
vn 0.5807 -0.7881 -0.2043
vn 0.1066 -0.6899 0.7160
vn -0.9107 -0.0002 0.4130
vn -0.8600 -0.4099 -0.3041
vn -0.2295 -0.3236 0.9179
vn 0.3224 -0.6229 -0.7128
vn 0.5985 0.1916 -0.7779
vn -0.1898 0.9051 -0.3804
vn -0.0221 0.5068 0.8618
vn -0.5299 0.7753 0.3436
vn 0.7770 0.2105 0.5933
vn 0.0372 0.9134 -0.4055
vn -0.2407 0.9222 0.3027
vn 0.8764 -0.2851 -0.3882
vn 0.7574 -0.5341 -0.3756
vn -0.1948 -0.7870 0.5854
vn -0.7283 0.5412 0.4204
vn -0.9215 -0.0355 -0.3867
vn -0.5702 -0.5879 0.5737
vn -0.9228 -0.0708 -0.3786
vn -0.5244 0.7736 -0.3557
vn 0.0508 0.7887 0.6127
vn 0.9640 0.0075 0.2657
vn -0.0542 0.5338 -0.8439
vn 0.8219 0.3031 -0.4822
vn 0.6478 0.1629 0.7442
vn -0.3709 -0.3053 -0.8771
vn 0.3087 -0.7953 -0.5217
vn 0.4241 -0.6444 0.6363
vn 0.6163 -0.7614 0.2011
vn -0.0197 0.7276 -0.6857
vn -0.5216 -0.6747 -0.5223
vn 0.6493 -0.3701 -0.6644
vn 0.4698 0.7482 0.4686
vn 0.6344 -0.3530 0.6877
vn 0.4801 0.7362 -0.4769
vn -0.5332 -0.6614 0.5276
vn -0.0346 0.7448 0.6664
vn -0.7830 0.5233 0.3363
vn 0.4743 -0.7564 0.4505
vn -0.6361 -0.5721 -0.5177
vn -0.4181 0.6616 -0.6225
vn -0.7564 -0.4681 0.4568
vn 0.3513 -0.7886 -0.5047
vn 0.6548 0.4007 -0.6408
vn 0.9217 0.1498 0.3579
vn -0.5825 0.7728 -0.2519
vn -0.9184 -0.3028 -0.2548
vn 0.2269 -0.9600 -0.1640
vn 0.9482 0.2914 -0.1266
vn 0.9441 0.3106 -0.1102
vn 0.5866 -0.8055 -0.0837
vn 0.0425 -0.0553 -0.9976
vn -0.4896 -0.8634 -0.1221
vn 0.3146 -0.4457 0.8381
vn 0.0130 -0.0286 -0.9995
vn -0.3125 -0.9389 -0.1443
vn -0.2993 -0.4911 0.8181
vn 0.6721 -0.1088 -0.7324
vn 0.9540 -0.2556 -0.1569
vn 0.0117 -0.4056 0.9140
vn -0.2758 -0.6443 -0.7133
vn 0.2914 -0.2293 0.9287
vn 0.1895 0.3726 0.9084
vn 0.4713 0.8479 -0.2427
vn -0.1871 -0.3512 -0.9174
vn 0.4187 0.5684 0.7082
vn -0.1860 -0.6733 0.7156
vn 0.4343 0.5505 -0.7130
vn -0.1705 -0.6911 -0.7024
vn -0.7673 -0.2923 0.5708
vn -0.7547 -0.3070 -0.5798
vn -0.4599 0.7308 -0.5044
vn 0.4957 -0.7933 0.3535
vn 0.7190 -0.0573 0.6927
vn -0.4676 0.7530 -0.4629
vn 0.7341 -0.0746 -0.6750
vn 0.4010 -0.6618 0.6334
vn -0.6207 0.4241 0.6594
vn -0.6055 0.4069 -0.6840
vn 0.5327 0.7539 -0.3846
vn -0.5397 -0.7835 -0.3080
vn -0.5466 -0.7756 0.3158
vn 0.0994 -0.7239 0.6827
vn 0.5244 0.7634 0.3771
vn -0.9340 -0.1556 -0.3216
vn 0.9087 0.1525 0.3887
vn 0.1143 -0.7408 -0.6619
vn 0.7306 -0.3519 -0.5851
vn 0.1307 -0.9103 0.3927
vn 0.7225 0.5492 0.4200
vn -0.2734 0.8627 0.4256
vn -0.7759 0.2371 -0.5846
vn 0.8162 0.4895 -0.3069
vn -0.7527 -0.4491 0.4815
vn -0.1325 0.9326 -0.3356
vn -0.0261 0.9379 -0.3458
vn -0.8176 0.1579 0.5536
vn 0.8692 -0.0202 -0.4941
vn 0.2305 -0.8585 0.4581
vn -0.0426 -0.7667 -0.6406
vn 0.6391 0.4142 -0.6480
vn -0.4575 0.7946 -0.3991
vn 0.9526 0.0038 0.3042
vn 0.4747 -0.8240 0.3094
vn -0.9191 -0.0050 -0.3940
vn -0.9272 0.0048 0.3745
vn -0.0569 -0.7503 0.6587
vn 0.9589 -0.0036 -0.2836
vn 0.6249 0.4306 0.6512
vn 0.4812 -0.8315 -0.2775
vn -0.4659 0.8043 0.3688
vn 0.2403 -0.8697 -0.4311
vn -0.8052 0.1436 -0.5753
vn 0.8580 -0.0075 0.5135
vn -0.0334 0.9464 0.3213
vn 0.8987 0.0319 0.4375
vn -0.0629 -0.8120 0.5803
vn -0.7633 0.5545 0.3316
vn 0.2558 0.7260 -0.6383
vn 0.7449 -0.5365 -0.3966
vn -0.8019 -0.2996 -0.5169
vn 0.1529 -0.9830 -0.1019
vn -0.8031 0.4305 0.4119
vn 0.6666 0.2464 -0.7035
vn -0.0631 0.9105 -0.4088
vn -0.3754 -0.6190 -0.6898
vn 0.8358 -0.4453 0.3212
vn -0.3907 -0.6015 0.6969
vn 0.7280 -0.5907 -0.3479
vn 0.6510 0.2643 0.7116
vn -0.7219 0.5679 0.3953
vn 0.8427 -0.4529 -0.2911
vn -0.0717 0.9206 0.3840
vn -0.6080 -0.5272 -0.5937
vn -0.9051 -0.1485 0.3983
vn -0.3898 -0.3231 0.8624
vn 0.3611 -0.8386 0.4078
vn 0.2305 -0.5572 -0.7977
vn -0.4254 0.3472 0.8358
vn 0.8787 0.2808 0.3861
vn 0.3080 -0.2315 -0.9228
vn 0.0450 0.7929 -0.6077
vn 0.6206 -0.7132 -0.3258
vn 0.8881 -0.1623 0.4301
vn -0.1106 -0.9206 0.3746
vn 0.6283 -0.1649 -0.7603
vn 0.4006 0.7036 -0.5869
vn 0.2362 0.4462 0.8632
vn -0.7494 -0.1950 -0.6327
vn -0.8409 -0.4485 0.3030
vn 0.2046 -0.5725 0.7940
vn 0.5922 -0.7379 0.3238
vn 0.1878 -0.7472 -0.6375
vn -0.8903 -0.0981 -0.4447
vn 0.7096 0.3479 -0.6127
vn -0.7190 0.5301 -0.4494
vn -0.2052 0.9239 0.3229
vn 0.7486 -0.5246 0.4054
vn -0.1240 0.0758 -0.9894
vn 0.4796 -0.3573 0.8015
vn -0.3193 -0.3318 -0.8877
vn 0.8330 -0.3278 0.4457
vn -0.1948 -0.8754 0.4424
vn 0.5944 0.4994 -0.6303
vn 0.1295 -0.9443 -0.3026
vn -0.7373 -0.2321 -0.6345
vn -0.1274 0.9252 0.3575
vn 0.7478 -0.5929 -0.2988
vn -0.7266 0.5766 0.3736
vn -0.7154 -0.1799 0.6752
vn -0.7004 -0.1969 -0.6861
vn -0.1568 0.8287 -0.5373
vn 0.0767 -0.8713 0.4847
vn 0.5354 -0.4831 0.6928
vn 0.5504 -0.5004 -0.6683
vn 0.4436 -0.6388 0.6286
vn 0.9275 -0.0047 -0.3737
vn 0.5564 -0.0105 -0.8308
vn -0.3273 -0.8331 -0.4458
vn -0.5202 0.0108 0.8540
vn 0.2401 0.3458 -0.9071
vn -0.8777 0.1200 -0.4640
vn -0.2402 -0.4923 0.8366
vn -0.3416 0.7211 0.6027
vn -0.4812 -0.8242 0.2987
vn 0.4659 0.7948 -0.3889
vn -0.9591 0.0036 0.2831
vn -0.4572 -0.6389 0.6187
vn 0.3280 0.7212 0.6102
vn -0.2644 0.4632 -0.8459
vn 0.8876 0.1203 -0.4445
vn 0.2457 -0.4310 0.8683
vn -0.5379 -0.0107 -0.8429
vn 0.3373 -0.8330 -0.4386
vn 0.5011 0.0109 0.8653
vn 0.3907 0.5924 0.7046
vn 0.4062 0.5745 -0.7106
vn -0.2334 0.9143 -0.3310
vn -0.5904 -0.3671 0.7188
vn 0.8676 -0.2747 0.4145
vn -0.5745 -0.3854 -0.7221
vn -0.7249 -0.0962 -0.6821
vn 0.1391 -0.9199 -0.3666
vn 0.4461 0.5875 -0.6751
vn -0.1395 0.9408 0.3089
vn 0.7345 -0.5508 0.3964
vn 0.4312 0.6047 0.6697
vn -0.7557 0.5671 -0.3276
vn -0.7398 -0.0790 0.6682
vn 0.3221 -0.7638 -0.5594
vn 0.6622 -0.5207 0.5389
vn 0.6338 0.5206 -0.5721
vn -0.5455 0.8301 0.1159
vn -0.2277 -0.1400 -0.9636
vn 0.3096 0.0426 0.9499
vn 0.2598 -0.1618 0.9520
vn -0.8647 -0.4854 0.1290
vn -0.1426 0.2106 -0.9671
vn -0.7369 0.4689 -0.4869
vn -0.2924 0.8041 -0.5176
vn 0.1635 0.2824 0.9453
vn -0.9346 -0.0902 0.3442
vn -0.2123 -0.1654 -0.9631
vn -0.5146 -0.7793 0.3575
vn 0.5892 -0.6425 -0.4899
vn -0.5781 0.6299 -0.5187
vn 0.5069 0.7883 0.3489
vn -0.3304 -0.0186 0.9436
vn 0.2489 0.1157 -0.9616
vn 0.3035 -0.8168 -0.4907
vn -0.1843 -0.2584 0.9483
vn 0.9268 0.0992 0.3622
vn 0.2334 0.1410 -0.9621
vn 0.7287 0.0359 0.6839
vn -0.3691 -0.6334 0.6801
vn 0.7437 0.0187 -0.6683
vn -0.3542 -0.6504 -0.6719
vn 0.6817 0.6955 0.2270
vn -0.4778 0.8254 0.3007
vn 0.1747 -0.9511 0.2547
vn -0.4986 -0.8600 0.1086
vn 0.2909 -0.4985 -0.8166
vn 0.4957 -0.8592 0.1269
vn 0.0021 -0.0101 0.9999
vn 0.9926 0.0015 0.1215
vn 0.0152 0.0127 0.9998
vn 0.4961 0.8634 0.0923
vn 0.5727 -0.0104 -0.8197
vn 0.0026 0.0451 0.9990
vn 0.4862 0.8708 0.0727
vn 0.2908 0.4697 -0.8336
vn 0.8238 -0.4858 0.2921
vn -0.2957 0.5069 0.8097
vn 0.2036 -0.3467 -0.9156
vn -0.2644 -0.4845 -0.8339
vn -0.4778 -0.8176 0.3214
vn 0.2458 0.4530 0.8570
vn -0.9521 0.0039 0.3058
vn 0.5298 0.7740 -0.3467
vn -0.1996 0.3396 0.9192
vn 0.1790 0.3395 0.9234
vn -0.5237 0.7734 -0.3571
vn -0.1887 -0.3560 -0.9152
vn -0.8397 -0.4607 0.2875
vn 0.0294 0.0189 -0.9994
vn 0.8295 -0.4689 0.3034
vn 0.2686 0.4915 0.8284
vn 0.2090 -0.3560 -0.9108
vn -0.2844 -0.8514 0.4407
vn -0.8978 0.1272 0.4216
vn 0.5424 -0.5724 -0.6149
vn -0.2687 0.7197 -0.6401
vn -0.5453 0.6957 -0.4676
vn 0.5553 0.6958 -0.4555
vn 0.7785 -0.0588 0.6249
vn -0.4812 0.8315 0.2777
vn -0.7920 -0.0592 0.6077
vn 0.4658 -0.8043 -0.3690
vn 0.4747 0.8316 0.2881
vn -0.4574 -0.8045 -0.3789
vn 0.4061 -0.8414 0.3566
vn 0.9336 0.0723 0.3509
vn 0.1994 -0.3394 -0.9193
vn -0.4078 0.0116 0.9130
vn -0.2091 0.3563 0.9107
vn -0.8109 -0.4996 -0.3048
vn 0.3881 -0.0117 -0.9215
vn 0.0255 0.9491 -0.3140
vn 0.1601 0.6828 0.7128
vn -0.4461 -0.5423 0.7120
vn -0.4304 -0.5603 -0.7077
vn -0.8999 -0.0871 0.4273
vn 0.1759 0.6646 -0.7262
vn 0.5990 -0.7457 -0.2919
vn 0.4148 0.8404 -0.3488
vn 0.9412 -0.0721 -0.3302
vn -0.3873 -0.0116 -0.9219
vn -0.8291 0.4884 0.2721
vn 0.3682 0.0118 0.9297
vn 0.0129 -0.9528 0.3032
vn -0.9738 -0.1558 -0.1657
vn -0.5821 -0.7986 -0.1532
vn 0.1555 -0.9775 -0.1428
vn -0.1172 0.2261 -0.9670
vn 0.7982 -0.5857 -0.1407
vn 0.0202 -0.3080 0.9512
vn 0.9772 0.1518 -0.1481
vn 0.5856 0.7946 -0.1606
vn -0.1520 0.9735 -0.1710
vn -0.7948 0.5817 -0.1730
vn 0.9738 0.1558 0.1657
vn 0.2807 -0.1858 -0.9417
vn 0.7948 -0.5817 0.1731
vn -0.1638 0.2350 0.9581
vn 0.1520 -0.9735 0.1709
vn -0.1384 0.2504 0.9582
vn 0.0410 -0.3320 -0.9424
vn -0.1634 -0.2823 -0.9453
vn -0.5855 -0.7946 0.1605
vn 0.2122 0.1653 0.9631
vn -0.9773 -0.1518 0.1481
vn 0.2277 0.1400 0.9636
vn -0.3096 -0.0426 -0.9499
vn -0.2598 0.1618 -0.9520
vn -0.7982 0.5857 0.1408
vn 0.1426 -0.2106 0.9671
vn -0.0201 0.3080 -0.9512
vn -0.1554 0.9775 0.1428
vn 0.1172 -0.2262 0.9670
vn 0.5821 0.7986 0.1532
vn -0.5312 0.7821 0.3258
vn 0.1994 0.3161 -0.9275
vn 0.5211 0.7830 0.3397
vn 0.8333 -0.4868 -0.2622
vn -0.8335 -0.4724 -0.2866
vn -0.2089 -0.3328 0.9196
vn -0.8397 0.4609 0.2871
vn 0.8331 0.4611 0.3056
vn 0.1788 -0.3156 0.9319
vn -0.5236 -0.7823 -0.3375
vn -0.1887 0.3328 -0.9239
vn 0.5313 -0.7821 -0.3257
vn 0.2089 0.3328 -0.9196
vn -0.1993 -0.3159 0.9276
vn -0.1980 0.9154 -0.3504
vn -0.8341 -0.4562 -0.3100
vn 0.6956 0.3644 0.6191
vn 0.1735 -0.7308 0.6602
vn -0.6926 0.4291 0.5798
vn -0.8215 -0.2700 -0.5023
vn 0.1091 0.9157 -0.3868
vn 0.7731 0.3691 -0.5157
vn 0.6151 -0.6463 0.4516
vn 0.8544 0.5096 0.1010
vn -0.0856 -0.8544 -0.5125
vn 0.8893 0.2725 0.3672
vn 0.5981 -0.6395 0.4830
vn -0.2927 0.7516 0.5912
vn 0.4262 0.7670 -0.4796
vn -0.5834 -0.8019 0.1289
vn 0.8628 -0.0070 -0.5055
vn -0.4225 -0.7573 -0.4980
vn -0.9267 0.0309 -0.3746
vn -0.4426 -0.8158 0.3723
vn 0.7896 0.1962 -0.5814
vn -0.1831 -0.8013 -0.5695
vn 0.5558 0.0028 0.8313
vn 0.0289 0.9232 0.3832
vn 0.1882 0.4469 -0.8746
vn -0.9298 -0.0259 0.3671
vn -0.0256 0.9567 0.2899
vn 0.8108 -0.4918 0.3174
vn -0.9336 0.0633 -0.3527
vn -0.4062 -0.8501 -0.3353
vn 0.4078 -0.0116 -0.9130
vn -0.3881 0.0117 0.9215
vn 0.8171 0.4960 0.2938
vn -0.4061 0.8414 -0.3566
vn -0.9332 -0.0709 -0.3523
vn -0.0103 -0.9538 0.3001
vn 0.2637 -0.7596 0.5946
vn 0.2765 -0.7742 -0.5694
vn -0.7419 -0.4614 -0.4865
vn 0.8094 0.4973 0.3123
vn 0.5810 0.5679 0.5830
vn 0.5938 0.5532 -0.5843
vn 0.0129 0.9602 0.2790
vn 0.9411 0.0637 -0.3320
vn -0.8291 -0.4814 0.2843
vn 0.4148 -0.8489 -0.3275
vn 0.1663 -0.7452 0.6457
vn 0.1802 -0.7614 -0.6228
vn 0.5745 0.5195 0.6325
vn 0.5884 0.5033 -0.6329
vn 0.5485 -0.7411 0.3871
vn -0.5154 0.6843 -0.5158
vn -0.1512 -0.6963 -0.7017
vn 0.4761 0.5723 -0.6677
vn 0.7358 -0.5261 0.4263
vn -0.1667 -0.6784 0.7156
vn -0.7556 0.5458 -0.3622
vn 0.4614 0.5891 0.6633
vn 0.4839 -0.8396 0.2468
vn 0.9704 0.0030 0.2415
vn 0.4839 0.8456 0.2255
vn -0.4890 0.8454 0.2147
vn -0.9755 0.0028 0.2200
vn -0.4890 -0.8397 0.2361
vn 0.9630 0.2662 -0.0411
vn 0.4989 0.8608 -0.1007
vn 0.2164 0.8687 -0.4456
vn -0.5564 0.0105 0.8309
vn -0.9451 -0.0041 -0.3267
vn 0.5202 -0.0108 -0.8540
vn -0.2552 -0.9417 -0.2192
vn 0.9176 0.3208 -0.2346
vn 0.4890 0.8397 -0.2361
vn 0.9755 -0.0028 -0.2200
vn 0.4890 -0.8454 -0.2148
vn -0.4839 -0.8456 -0.2255
vn -0.9704 -0.0030 -0.2415
vn -0.4839 0.8396 -0.2468
vn 0.5147 0.7793 -0.3575
vn 0.9346 0.0903 -0.3442
vn 0.2924 -0.8040 0.5178
vn -0.5892 0.6427 0.4897
vn 0.3279 -0.7056 0.6282
vn 0.8876 -0.1314 -0.4414
vn -0.4573 0.6543 0.6023
vn 0.3374 0.8216 -0.4595
vn 0.4572 -0.6543 -0.6023
vn 0.9187 0.0050 0.3948
vn 0.4573 0.8042 0.3796
vn -0.3279 0.7055 -0.6283
vn -0.4747 -0.8316 -0.2883
vn -0.9527 -0.0039 -0.3039
vn -0.8873 0.1317 0.4420
vn -0.3374 -0.8216 0.4595
vn 0.2447 0.6553 -0.7146
vn 0.4838 -0.7674 -0.4206
vn 0.2291 0.6732 0.7030
vn 0.7236 -0.5590 0.4049
vn -0.4970 -0.5857 0.6403
vn -0.7496 0.5689 -0.3385
vn 0.7323 -0.5687 -0.3746
vn -0.4830 -0.6018 -0.6361
vn -0.7564 0.5772 0.3076
vn -0.4315 0.6769 0.5963
vn -0.7920 0.0745 0.6060
vn 0.7784 0.0748 0.6233
vn 0.5553 -0.7071 -0.4378
vn -0.5453 -0.7073 -0.4498
vn 0.7920 0.0591 -0.6076
vn 0.5446 -0.6959 0.4682
vn -0.7785 0.0588 -0.6249
vn -0.5553 -0.6958 0.4554
vn 0.4572 0.6389 -0.6187
vn -0.3373 0.8330 0.4386
vn -0.8876 -0.1202 0.4446
vn -0.3280 -0.7212 -0.6101
vn -0.4747 0.8239 -0.3096
vn 0.4574 -0.7946 0.3992
vn 0.0255 -0.9567 -0.2898
vn 0.9336 -0.0634 0.3526
vn -0.8108 0.4918 -0.3174
vn 0.4062 0.8501 0.3352
vn 0.3415 0.7057 -0.6208
vn 0.8777 0.1317 0.4608
vn -0.4438 -0.6544 -0.6122
vn 0.3274 -0.8215 0.4669
vn 0.7920 -0.0744 -0.6060
vn 0.5453 0.7073 0.4499
vn -0.5553 0.7071 0.4378
vn -0.7784 -0.0746 -0.6233
vn 0.4812 0.8242 -0.2986
vn -0.4658 -0.7946 0.3893
vn 0.8777 -0.1200 0.4640
vn 0.3274 0.8331 0.4459
vn -0.4438 0.6387 -0.6286
vn 0.3416 -0.7212 -0.6027
vn -0.3274 0.8215 -0.4669
vn -0.8777 -0.1316 -0.4608
vn 0.4436 0.6544 0.6123
vn -0.3415 -0.7056 0.6208
vn 0.8160 0.2917 -0.4990
vn -0.0985 0.9351 0.3404
vn -0.7877 0.5151 0.3381
vn -0.6308 -0.5901 -0.5039
vn -0.0767 0.8713 -0.4847
vn 0.1567 -0.8288 0.5372
vn -0.7149 -0.1400 -0.6851
vn 0.6082 -0.4382 -0.6619
vn -0.7298 -0.1227 0.6726
vn 0.5933 -0.4212 0.6860
vn 0.8619 0.4886 0.1359
vn -0.3094 0.7493 -0.5855
vn -0.6212 -0.5350 -0.5726
vn 0.5426 -0.8267 0.1488
vn 0.8299 0.5425 -0.1302
vn -0.4854 0.8616 -0.1486
vn 0.1683 -0.8420 -0.5125
vn 0.5214 -0.6201 0.5862
vn -0.0872 0.8832 0.4607
vn -0.7629 -0.3086 0.5680
vn -0.5425 0.8268 -0.1488
vn 0.6212 0.5350 0.5726
vn 0.6737 -0.5339 -0.5109
vn 0.3095 -0.7493 0.5855
vn -0.7474 0.4808 0.4586
vn -0.8619 -0.4887 -0.1356
vn -0.2825 0.7356 0.6157
vn -0.8883 0.1163 -0.4442
vn 0.3316 0.4530 -0.8275
vn -0.2734 -0.3676 0.8889
vn 0.5286 -0.5564 0.6411
vn -0.2748 -0.8624 -0.4251
vn -0.2163 0.8797 0.4235
vn -0.9634 0.2672 0.0224
vn 0.9451 0.0041 0.3267
vn 0.0075 -0.9573 0.2891
vn -0.9981 0.0149 0.0593
vn -0.0907 0.9262 -0.3660
vn -0.7799 0.5061 -0.3683
vn 0.8050 0.3045 0.5092
vn -0.6419 -0.5775 0.5044
vn -0.7504 -0.3231 -0.5767
vn 0.5340 -0.6346 -0.5587
vn 0.8270 0.5458 0.1346
vn -0.4883 0.8649 0.1162
vn 0.6894 0.0800 0.7199
vn 0.7051 0.0621 -0.7064
vn -0.6990 0.0405 0.7140
vn -0.4510 0.6166 -0.6453
vn -0.6831 0.0222 -0.7300
vn 0.5239 -0.6855 0.5057
vn -0.4649 0.6326 0.6194
vn 0.5346 -0.6979 -0.4766
vn 0.7685 0.0019 0.6398
vn -0.7060 0.3422 0.6201
vn 0.4286 -0.8006 -0.4187
vn -0.7157 -0.5475 -0.4337
vn -0.0980 -0.6907 0.7164
vn 0.5045 0.5184 0.6905
vn 0.5197 0.5010 -0.6921
vn -0.0824 -0.7087 -0.7007
vn -0.8299 -0.5425 0.1303
vn -0.5214 0.6201 -0.5862
vn 0.4854 -0.8615 0.1487
vn 0.7630 0.3086 -0.5679
vn 0.2760 0.9378 -0.2107
vn 0.9561 -0.2643 -0.1268
vn -0.7632 0.5970 -0.2472
vn -0.8728 -0.4519 -0.1844
vn 0.4692 -0.8740 -0.1264
vn 0.8011 -0.5811 -0.1436
vn -0.1219 0.7202 -0.6830
vn -0.4446 -0.5957 -0.6689
vn -0.1367 0.7375 0.6613
vn -0.4596 -0.5790 0.6734
vn 0.3375 0.6966 -0.6331
vn -0.5402 0.7306 0.4177
vn -0.8145 -0.3907 0.4290
vn -0.0271 -0.7855 -0.6182
vn -0.6920 0.3261 -0.6441
vn -0.7251 -0.5366 0.4316
vn 0.4191 -0.7896 0.4481
vn 0.7825 -0.0139 -0.6225
vn -0.2735 -0.9342 0.2293
vn 0.7555 -0.5921 0.2805
vn 0.4381 -0.3516 -0.8273
vn -0.6476 0.3372 0.6832
vn -0.3601 0.3049 0.8817
vn -0.2290 -0.4150 -0.8805
vn -0.4906 0.0224 -0.8711
vn -0.9341 0.3025 0.1898
vn -0.0795 -0.6824 0.7266
vn -0.5347 0.3813 -0.7541
vn -0.7972 0.5776 0.1756
vn 0.1195 -0.0838 0.9893
vn -0.7567 0.5981 0.2641
vn -0.1305 0.9566 0.2605
vn 0.5444 0.7905 0.2804
vn 0.9437 0.1568 0.2914
vn 0.7628 -0.5729 0.2999
vn 0.0959 -0.5707 -0.8155
vn 0.1431 -0.9502 0.2769
vn -0.0809 0.4506 0.8891
vn -0.8093 -0.5019 0.3050
vn 0.4180 0.2872 0.8619
vn -0.3204 -0.2232 -0.9206
vn -0.1996 0.3125 -0.9287
vn -0.5067 0.8239 0.2537
vn 0.2577 -0.4019 0.8787
vn -0.2860 0.4745 -0.8325
vn -0.5304 0.8432 0.0874
vn -0.0445 0.0498 0.9978
vn -0.4618 -0.3077 -0.8319
vn -0.8435 -0.5299 0.0882
vn -0.0664 -0.0219 0.9976
vn 0.5262 -0.8387 0.1400
vn -0.0030 -0.0285 0.9996
vn 0.3287 -0.4951 -0.8043
vn -0.8159 -0.2917 0.4993
vn 0.6310 0.5902 0.5034
vn 0.7876 -0.5151 -0.3381
vn 0.0985 -0.9351 -0.3404
vn 0.5830 0.3782 0.7191
vn -0.5291 -0.4806 0.6994
vn 0.5987 0.3601 -0.7154
vn -0.7938 0.4197 -0.4402
vn -0.5136 -0.4984 -0.6984
vn 0.1504 -0.9800 0.1302
vn -0.1060 0.9195 0.3785
vn 0.7645 0.3270 -0.5556
vn -0.8303 -0.3931 0.3950
vn 0.0047 -0.8142 -0.5806
vn 0.7504 0.3230 0.5766
vn -0.5339 0.6346 0.5588
vn 0.4883 -0.8649 -0.1162
vn -0.8270 -0.5458 -0.1347
vn 0.6619 -0.3199 -0.6779
vn 0.6468 -0.3025 0.7001
vn -0.2988 0.7003 0.6483
vn -0.2841 0.6838 -0.6721
vn -0.3221 0.7638 0.5593
vn -0.6338 -0.5206 0.5721
vn 0.8647 0.4853 -0.1291
vn 0.5455 -0.8301 -0.1158
vn 0.8498 -0.2688 0.4534
vn -0.0142 0.8378 0.5459
vn 0.8217 0.3010 -0.4840
vn -0.1888 -0.9637 0.1888
vn -0.7370 -0.2451 0.6299
vn 0.7923 0.3501 -0.4997
vn -0.0317 -0.8824 -0.4695
vn -0.9333 0.1683 -0.3172
vn 0.9736 0.1806 -0.1397
vn 0.5378 -0.8364 -0.1056
vn 0.3067 -0.6046 0.7351
vn -0.0027 0.4851 -0.8745
vn -0.2099 -0.3468 -0.9142
vn -0.2406 0.9367 -0.2545
vn 0.5813 0.2116 0.7857
vn -0.8296 -0.4901 -0.2676
vn -0.6888 -0.2075 0.6946
vn 0.4448 0.5848 0.6784
vn -0.7731 0.6212 -0.1282
vn -0.6734 -0.2252 -0.7041
vn -0.0383 -0.8898 0.4548
vn -0.7755 0.6241 0.0955
vn -0.0285 -0.9010 -0.4329
vn 0.4597 0.5677 -0.6829
vn 0.7521 0.3411 0.5639
vn -0.0083 -0.7993 0.6008
vn -0.8216 -0.4032 -0.4031
vn -0.0972 0.9093 -0.4046
vn -0.8367 0.1741 0.5192
vn -0.6158 -0.6769 -0.4033
vn 0.6442 0.5558 0.5254
vn 0.7842 -0.5080 -0.3564
vn -0.6568 -0.4025 0.6377
vn -0.6427 -0.4186 -0.6416
vn 0.6696 -0.3413 0.6596
vn -0.4345 -0.8250 -0.3613
vn 0.4158 0.7790 0.4693
vn 0.6839 -0.3577 -0.6359
vn 0.4906 -0.7276 0.4795
vn 0.8254 0.2665 0.4976
vn -0.6822 -0.6569 -0.3210
vn -0.1309 0.9502 -0.2829
vn 0.1677 0.8869 0.4305
vn -0.7338 0.3818 0.5619
vn -0.6664 -0.5398 -0.5143
vn 0.7427 0.2373 -0.6262
vn 0.6092 -0.7245 -0.3226
vn 0.9122 0.2099 -0.3519
vn -0.3794 -0.7219 0.5787
vn 0.1434 0.8288 0.5409
vn -0.2794 0.7363 -0.6163
vn -0.9347 0.0401 0.3532
vn -0.4336 -0.7446 0.5075
vn 0.6083 -0.6514 -0.4534
vn -0.5806 -0.8051 -0.1213
vn 0.8515 0.0061 0.5244
vn -0.4535 -0.5896 -0.6684
vn -0.4683 -0.5726 0.6729
vn 0.7250 0.0722 0.6850
vn 0.7397 0.0558 -0.6706
vn -0.8353 -0.4836 0.2614
vn 0.5352 -0.8333 0.1384
vn -0.2459 0.9428 0.2253
vn 0.9704 0.1843 0.1564
vn -0.6429 -0.4751 0.6007
vn 0.0298 0.7894 0.6132
vn 0.8234 0.3808 -0.4207
vn 0.2773 -0.8672 -0.4136
vn -0.4727 -0.5174 0.7133
vn 0.1735 0.6896 0.7031
vn 0.9553 0.0087 0.2955
vn -0.9016 -0.0107 -0.4325
vn -0.4570 -0.5354 -0.7103
vn 0.5760 -0.7824 0.2367
vn 0.1892 0.6716 -0.7164
vn -0.5218 0.7663 -0.3748
vn -0.8498 0.4347 0.2983
vn 0.8084 0.4973 0.3150
vn -0.5233 -0.7046 -0.4793
vn 0.5826 -0.6602 -0.4740
vn 0.8152 0.4895 -0.3096
vn 0.5718 -0.6479 0.5032
vn -0.5339 -0.6925 0.4852
vn -0.8428 0.4268 -0.3279
vn 0.3542 0.6504 0.6719
vn -0.7437 -0.0188 0.6683
vn -0.7288 -0.0359 -0.6838
vn 0.3690 0.6334 -0.6802
vn 0.7281 0.2539 0.6368
vn 0.1774 0.8758 -0.4490
vn -0.6777 -0.5268 0.5130
vn -0.7208 0.3681 -0.5873
vn -0.1980 0.9147 0.3523
vn 0.6395 0.3807 -0.6679
vn -0.8665 -0.4022 0.2955
vn 0.1222 -0.7078 -0.6958
vn -0.8132 -0.2867 0.5065
vn -0.0503 -0.8264 -0.5608
vn 0.2419 0.7420 0.6253
vn 0.9081 0.0210 -0.4183
vn -0.1958 0.7165 0.6696
vn -0.1807 0.6993 -0.6916
vn -0.4993 -0.5343 0.6820
vn -0.4843 -0.5515 -0.6792
vn 0.7154 0.1798 -0.6752
vn 0.7004 0.1969 0.6861
vn -0.5504 0.5003 0.6684
vn -0.5354 0.4832 -0.6928
vn -0.5609 0.3571 -0.7470
vn 0.4902 -0.5560 -0.6713
vn -0.5761 0.3758 0.7259
vn 0.4751 -0.5388 0.6957
vn -0.6894 -0.6488 0.3222
vn 0.5011 -0.7392 -0.4499
vn 0.8362 0.2541 -0.4860
vn -0.1367 0.9570 0.2559
vn 0.2678 -0.8564 0.4415
vn -0.6297 -0.4903 -0.6025
vn 0.8141 0.3916 0.4289
vn 0.0435 0.7737 -0.6320
vn 0.1241 -0.9247 0.3599
vn -0.7827 -0.3353 -0.5243
vn 0.5271 0.7769 0.3445
vn -0.5516 0.6425 -0.5319
vn -0.7887 0.2518 0.5609
vn 0.7174 -0.3367 0.6099
vn -0.2637 0.8515 -0.4532
vn 0.7317 0.5387 -0.4176
vn 0.3874 0.7183 0.5779
vn 0.8972 -0.1726 -0.4066
vn -0.1022 -0.9297 -0.3540
vn -0.7631 -0.1794 0.6208
vn 0.2290 -0.6701 0.7060
vn -0.6452 0.3844 0.6602
vn 0.2443 -0.6877 -0.6836
vn -0.6304 0.3674 -0.6838
vn 0.7889 0.2055 0.5791
vn 0.5519 -0.7668 -0.3278
vn -0.4739 -0.8117 -0.3413
vn -0.8170 0.1144 0.5651
vn -0.8331 0.4533 -0.3171
vn 0.8396 0.4538 -0.2987
vn 0.5238 -0.7734 0.3570
vn -0.5313 -0.7736 0.3454
vn -0.1247 -0.8446 -0.5206
vn 0.6505 -0.6218 0.4361
vn 0.8627 0.2640 0.4314
vn 0.2689 0.8020 -0.5334
vn 0.8720 0.2533 -0.4189
vn 0.6597 -0.6325 -0.4059
vn -0.1365 -0.8312 0.5389
vn 0.2574 0.8152 0.5188
vn -0.6475 -0.5589 0.5181
vn 0.3399 -0.7757 0.5318
vn -0.7464 -0.4797 -0.4613
vn 0.6407 0.4169 0.6448
vn -0.7752 0.5145 -0.3666
vn 0.9294 0.1408 -0.3411
vn 0.7550 0.1247 -0.6437
vn -0.5420 0.5584 -0.6280
vn 0.7407 0.1411 0.6569
vn -0.5556 0.5739 0.6016
vn -0.2493 -0.6542 -0.7140
vn 0.1755 0.6686 -0.7226
vn 0.1597 0.6867 0.7092
vn -0.2653 -0.6359 0.7247
vn -0.6391 -0.4142 0.6480
vn 0.0425 0.7667 0.6406
vn -0.6249 -0.4306 -0.6512
vn 0.0569 0.7503 -0.6587
vn 0.5443 -0.7581 0.3592
vn -0.4816 -0.8030 0.3512
vn 0.8016 0.1910 -0.5666
vn -0.8043 0.0999 -0.5858
vn 0.6843 -0.2019 0.7007
vn 0.6995 -0.2194 -0.6802
vn -0.7295 0.0959 0.6772
vn -0.7144 0.0786 -0.6953
vn -0.6391 0.4305 0.6373
vn 0.0426 -0.7503 0.6597
vn 0.0569 -0.7667 -0.6395
vn -0.6249 0.4140 -0.6619
vn -0.0427 0.7502 -0.6599
vn 0.6392 -0.4304 -0.6373
vn 0.6249 -0.4140 0.6619
vn -0.0569 0.7667 0.6394
vn 0.7296 0.2556 0.6343
vn 0.1604 0.8818 -0.4435
vn -0.5835 -0.5140 0.6287
vn -0.8423 0.2997 -0.4480
vn -0.6746 0.3278 -0.6614
vn 0.6889 0.3280 -0.6464
vn 0.6746 0.3445 0.6529
vn -0.6889 0.3443 0.6378
vn -0.8519 0.3107 0.4216
vn 0.1516 0.8929 0.4239
vn -0.5697 -0.5299 -0.6282
vn 0.7435 0.2397 -0.6243
vn -0.6746 -0.3444 -0.6529
vn 0.6889 -0.3443 -0.6379
vn -0.6889 -0.3280 0.6464
vn 0.6746 -0.3280 0.6613
vn -0.2365 -0.6802 0.6939
vn -0.2214 -0.6976 -0.6814
vn 0.1013 0.7239 0.6825
vn 0.1166 0.7064 -0.6982
vn -0.7941 -0.3222 0.5153
vn -0.5630 0.6556 0.5032
vn 0.5348 0.7680 -0.3523
vn 0.1318 -0.9335 -0.3336
vn -0.6248 -0.4201 -0.6582
vn 0.4661 -0.7980 -0.3820
vn 0.9274 0.0019 -0.3740
vn 0.0565 0.7611 -0.6462
vn -0.9591 -0.0012 0.2829
vn -0.4814 0.8266 0.2917
vn 0.9190 -0.0012 0.3944
vn 0.0424 0.7561 0.6531
vn -0.9526 0.0009 -0.3041
vn -0.6390 -0.4250 0.6411
vn -0.4750 0.8289 -0.2954
vn 0.4576 -0.8008 0.3864
vn -0.5890 -0.6385 0.4953
vn 0.5149 -0.7823 -0.3506
vn -0.3096 0.0340 -0.9503
vn 0.8721 -0.0834 0.4821
vn 0.2277 -0.1314 0.9648
vn 0.2922 0.8086 0.5107
vn -0.8297 0.1643 -0.5335
vn 0.4700 -0.7438 0.4753
vn -0.5218 0.6698 -0.5282
vn -0.1635 0.2740 -0.9477
vn 0.9346 -0.0931 -0.3433
vn 0.2123 -0.1568 0.9646
vn 0.6213 -0.5297 0.5774
vn 0.3092 0.7546 0.5787
vn 0.6735 0.5296 -0.5156
vn -0.8825 0.0800 0.4634
vn -0.5424 -0.8281 -0.1416
vn 0.8413 -0.1603 -0.5163
vn -0.2489 0.1241 0.9605
vn 0.3305 -0.0269 -0.9434
vn 0.2806 0.1775 -0.9433
vn -0.8620 0.4872 -0.1401
vn -0.1637 -0.2265 0.9602
vn -0.7472 -0.4769 0.4628
vn 0.6311 -0.5855 0.5088
vn 0.7875 0.5123 -0.3427
vn -0.0200 -0.3165 -0.9484
vn 0.0764 0.8756 0.4770
vn 0.1172 0.2347 0.9650
vn -0.8162 0.2960 0.4962
vn -0.1565 -0.8335 -0.5299
vn 0.7368 0.4734 0.4827
vn -0.6620 -0.5256 -0.5343
vn -0.2599 -0.1704 -0.9505
vn 0.0982 0.9321 -0.3487
vn 0.1426 0.2192 0.9652
vn -0.0826 0.7024 -0.7070
vn -0.8963 0.1547 -0.4156
vn -0.7128 -0.5617 -0.4200
vn 0.5197 -0.5070 -0.6877
vn 0.7201 0.5849 0.3734
vn 0.6131 0.7078 0.3510
vn 0.5046 -0.5121 0.6951
vn 0.7279 0.5877 -0.3533
vn -0.0982 0.6971 0.7103
vn -0.7219 -0.5646 0.4001
vn 0.6206 0.7103 -0.3320
vn -0.9052 0.1517 0.3970
vn 0.1955 0.7106 -0.6759
vn 0.1806 0.7054 0.6854
vn -0.8412 0.1604 0.5164
vn 0.4995 -0.5402 -0.6773
vn 0.4845 -0.5453 0.6840
vn 0.7472 0.4770 -0.4628
vn -0.6736 -0.5296 0.5156
vn 0.8825 -0.0799 -0.4634
vn -0.0982 -0.9321 0.3487
vn -0.7875 -0.5123 0.3427
vn 0.0200 0.3165 0.9484
vn -0.1425 -0.2193 -0.9652
vn 0.8160 -0.2958 -0.4966
vn 0.2599 0.1703 0.9505
vn -0.7368 -0.4734 -0.4827
vn -0.6310 0.5854 -0.5091
vn 0.6620 0.5256 0.5342
vn -0.0764 -0.8756 -0.4770
vn 0.1565 0.8335 0.5298
vn -0.1172 -0.2347 -0.9650
vn 0.8107 0.4947 0.3131
vn -0.5727 -0.0032 0.8197
vn -0.3887 -0.0036 0.9214
vn -0.4064 0.8469 -0.3428
vn 0.4077 0.0035 -0.9131
vn -0.1996 0.3244 0.9246
vn -0.9336 -0.0668 -0.3520
vn 0.2090 -0.3409 -0.9166
vn -0.0253 -0.9541 0.2983
vn -0.0027 0.0362 -0.9993
vn -0.2909 0.4770 0.8293
vn -0.0158 0.0038 -0.9999
vn 0.4689 0.8730 -0.1342
vn 0.8009 0.5800 -0.1488
vn 0.4797 0.3647 0.7980
vn -0.3194 0.3238 -0.8906
vn -0.1240 -0.0842 -0.9887
vn -0.8729 0.4500 -0.1884
vn 0.2044 0.5795 0.7889
vn 0.2305 0.5501 -0.8027
vn -0.3899 0.3306 0.8595
vn -0.4254 -0.3395 0.8389
vn -0.7630 -0.5993 -0.2420
vn 0.3074 0.2235 -0.9250
vn 0.2762 -0.9396 -0.2023
vn 0.6282 0.1581 -0.7619
vn 0.2363 -0.4382 0.8673
vn 0.5560 0.0047 0.8312
vn 0.9560 0.2634 -0.1291
vn 0.1883 -0.4548 -0.8704
vn -0.7397 0.0848 0.6676
vn 0.1304 0.9138 0.3847
vn 0.7343 0.5546 0.3914
vn 0.4315 -0.5985 0.6750
vn -0.7555 -0.5702 -0.3227
vn -0.1322 -0.9356 -0.3273
vn 0.7426 0.5574 -0.3712
vn 0.4462 -0.5935 -0.6699
vn -0.7625 -0.5726 0.3014
vn -0.7249 0.0900 -0.6829
vn -0.1393 -0.9381 0.3172
vn 0.1388 0.9167 -0.3747
vn -0.8344 0.4722 -0.2842
vn 0.5121 0.8571 -0.0563
vn 0.3058 -0.0060 0.9521
vn 0.5823 0.0032 -0.8129
vn -0.0972 0.0067 -0.9952
vn -0.0072 -0.9598 -0.2806
vn -0.3970 -0.0036 0.9178
vn 0.2956 0.4997 -0.8142
vn -0.2035 -0.3386 0.9187
vn 0.1455 0.2715 0.9514
vn 0.9984 0.0152 -0.0541
vn -0.0406 -0.0913 -0.9950
vn -0.6735 0.2188 -0.7061
vn 0.4599 -0.5735 -0.6779
vn 0.7322 0.5655 -0.3796
vn -0.7752 -0.6236 0.1008
vn -0.0287 0.8972 -0.4407
vn -0.0386 0.8937 0.4469
vn -0.6889 0.2134 0.6927
vn -0.7729 -0.6226 -0.1228
vn 0.7236 0.5626 0.4000
vn 0.4449 -0.5787 0.6835
vn -0.7492 -0.5722 -0.3337
vn -0.7563 -0.5747 0.3127
vn 0.8085 -0.4943 0.3194
vn -0.2995 0.4982 0.8137
vn -0.4532 0.7632 0.4606
vn 0.5824 0.6561 -0.4799
vn 0.4134 -0.7048 -0.5765
vn 0.5236 0.6901 0.4996
vn -0.5235 0.7002 -0.4855
vn -0.4508 -0.6224 -0.6398
vn -0.8497 -0.4322 0.3022
vn 0.0424 0.0466 -0.9980
vn 0.3143 0.4531 0.8342
vn 0.0129 0.0198 -0.9997
vn -0.5703 0.5928 0.5686
vn -0.9229 0.0672 -0.3792
vn -0.3709 0.2973 -0.8798
vn 0.3085 0.7907 -0.5287
vn 0.4239 0.6502 0.6306
vn 0.8220 -0.3071 -0.4796
vn 0.6479 -0.1560 0.7456
vn 0.0511 -0.7832 0.6197
vn -0.0541 -0.5413 -0.8391
vn 0.9640 -0.0048 0.2657
vn -0.5242 -0.7769 -0.3488
vn 0.6160 0.7634 0.1944
vn -0.3798 0.7269 0.5722
vn -0.8216 0.2653 -0.5047
vn -0.3438 0.1196 -0.9314
vn 0.6089 0.7218 -0.3290
vn 0.3699 -0.1474 0.9173
vn -0.2107 -0.2934 -0.9325
vn 0.9123 -0.2127 -0.3500
vn 0.2395 0.3147 0.9185
vn 0.1433 -0.8244 0.5476
vn 0.5484 0.7446 0.3805
vn -0.5153 -0.6891 -0.5095
vn 0.8894 -0.2689 0.3696
vn 0.7646 -0.3317 -0.5527
vn 0.4741 0.7604 0.4438
vn 0.0045 0.8091 -0.5877
vn -0.4179 -0.6671 -0.6167
vn 0.4196 0.3381 0.8424
vn -0.8305 0.3964 0.3914
vn -0.3404 -0.2905 -0.8943
vn -0.1056 -0.9159 0.3873
vn 0.0189 0.0445 -0.9988
vn 0.3109 0.4816 0.8194
vn 0.6343 0.3593 0.6845
vn -0.0344 -0.7388 0.6730
vn 0.4804 -0.7403 -0.4703
vn -0.5334 0.6658 0.5217
vn 0.6492 0.3644 -0.6676
vn -0.0195 -0.7337 -0.6792
vn 0.9704 -0.1827 0.1581
vn 0.5349 0.8347 0.1311
vn 0.3223 0.6167 -0.7182
vn -0.0217 -0.4994 0.8661
vn -0.2298 0.3319 0.9149
vn -0.2457 -0.9407 0.2338
vn 0.5986 -0.1986 -0.7761
vn -0.8355 0.4857 0.2571
vn 0.6400 -0.3862 -0.6643
vn 0.9553 -0.0055 0.2955
vn 0.5756 0.7848 0.2298
vn 0.1216 0.7014 -0.7023
vn -0.9015 0.0069 -0.4326
vn -0.8667 0.4048 0.2914
vn -0.2096 0.3387 -0.9172
vn 0.3063 0.6113 0.7297
vn 0.5814 -0.2045 0.7875
vn -0.1978 -0.9116 0.3604
vn -0.0026 -0.4928 -0.8701
vn -0.5218 -0.7696 -0.3679
vn -0.6794 -0.4197 -0.6019
vn -0.8325 0.2616 0.4884
vn -0.3642 0.1126 0.9245
vn 0.1012 -0.9219 0.3741
vn 0.3901 -0.1406 -0.9100
vn 0.7618 -0.3774 0.5265
vn 0.6882 -0.2849 -0.6672
vn 0.6245 0.6536 -0.4275
vn 0.2102 0.2690 0.9399
vn 0.8567 -0.5078 -0.0905
vn -0.0973 0.8459 0.5245
vn 0.8974 -0.2662 -0.3520
vn 0.7767 -0.2055 0.5954
vn -0.1951 0.7921 0.5783
vn 0.7573 0.5309 -0.3803
vn -0.2401 -0.9196 0.3108
vn -0.7281 -0.5377 0.4251
vn 0.8764 0.2816 -0.3907
vn 0.5740 0.0110 -0.8188
vn 0.0378 -0.9168 -0.3975
vn 0.1691 -0.4611 0.8711
vn -0.9213 0.0318 -0.3875
vn -0.1467 -0.0913 0.9850
vn 0.4965 0.3713 -0.7846
vn -0.5577 0.5972 -0.5765
vn -0.9310 0.0644 0.3593
vn -0.5317 -0.7794 0.3313
vn 0.0648 -0.7785 -0.6242
vn 0.9697 -0.0029 -0.2444
vn -0.0725 -0.5476 0.8336
vn 0.8113 -0.3107 0.4952
vn 0.6641 -0.1505 -0.7324
vn -0.3903 0.2907 0.8736
vn 0.2967 0.7867 0.5414
vn 0.4376 0.6549 -0.6161
vn 0.6201 0.7648 -0.1749
vn 0.8017 -0.1958 -0.5648
vn 0.4160 -0.7747 0.4762
vn 0.1897 -0.3645 0.9117
vn 0.5441 0.7614 0.3524
vn -0.1872 0.3429 -0.9205
vn -0.2311 -0.3005 0.9254
vn -0.4819 0.8059 0.3439
vn 0.2597 0.3216 -0.9106
vn -0.8043 -0.1053 -0.5848
vn 0.5565 0.7475 -0.3627
vn -0.5262 -0.6928 0.4932
vn -0.4347 0.8217 -0.3685
vn -0.8297 0.4876 -0.2718
vn 0.5377 0.8355 -0.1130
vn -0.2404 -0.9389 -0.2462
vn 0.9737 -0.1815 -0.1380
vn 0.2769 0.8636 -0.4213
vn -0.6430 0.4803 0.5965
vn -0.7555 -0.5491 -0.3574
vn 0.1195 0.0927 0.9885
vn 0.7357 0.5301 0.4216
vn -0.5345 -0.3881 -0.7508
vn -0.4220 -0.3408 -0.8401
vn 0.8236 -0.3844 -0.4171
vn 0.3528 0.2864 0.8908
vn 0.0301 -0.7840 0.6201
vn 0.7408 0.5881 0.3247
vn -0.7178 -0.5705 -0.3990
vn 0.6995 0.2138 -0.6819
vn 0.6842 0.2086 0.6988
vn -0.7567 0.4720 0.4524
vn 0.6408 -0.4110 0.6485
vn -0.7465 0.4754 -0.4656
vn 0.4837 0.7637 -0.4275
vn -0.7142 -0.0854 -0.6948
vn -0.4313 -0.6718 0.6023
vn -0.7293 -0.0905 0.6782
vn 0.6550 -0.4061 -0.6372
vn -0.5452 -0.8292 0.1233
vn 0.3096 -0.0340 0.9503
vn 0.8297 -0.1643 0.5335
vn 0.6339 -0.5254 -0.5675
vn -0.8721 0.0835 -0.4821
vn -0.2278 0.1314 -0.9648
vn 0.3218 0.7590 -0.5661
vn -0.8649 0.4862 0.1248
vn -0.7759 -0.2427 -0.5823
vn 0.7305 0.3468 -0.5883
vn 0.8163 -0.4920 -0.3025
vn -0.7527 0.4532 0.4775
vn -0.3406 0.2080 0.9169
vn -0.2731 -0.8589 0.4333
vn 0.4370 -0.2729 -0.8570
vn 0.7227 -0.5453 0.4248
vn -0.0610 -0.4359 -0.8979
vn 0.0776 0.5573 0.8267
vn -0.0332 -0.9435 0.3298
vn -0.8052 -0.1490 -0.5740
vn 0.0115 0.4137 0.9104
vn 0.8580 0.0123 0.5134
vn 0.6721 0.1024 -0.7334
vn 0.2400 0.8660 -0.4387
vn 0.9849 -0.1129 -0.1311
vn -0.4281 0.7495 0.5050
vn -0.7005 0.1906 -0.6877
vn -0.7156 0.1854 0.6735
vn -0.1680 -0.8375 0.5200
vn 0.5502 0.4946 -0.6728
vn -0.4804 0.7403 0.4704
vn 0.5352 0.4894 0.6885
vn 0.5334 -0.6658 -0.5217
vn -0.4700 0.7439 -0.4752
vn 0.5218 -0.6698 0.5283
vn 0.0868 0.8791 -0.4686
vn 0.1800 0.7556 -0.6298
vn 0.1661 0.7510 0.6391
vn 0.5885 -0.5088 -0.6283
vn 0.5746 -0.5136 0.6372
vn 0.8110 -0.4967 0.3092
vn -0.2908 -0.4913 0.8210
vn -0.0259 0.9518 0.3055
vn -0.0021 -0.0189 -0.9998
vn -0.1992 -0.3311 0.9223
vn -0.9336 0.0688 -0.3516
vn 0.2088 0.3479 -0.9140
vn -0.4060 -0.8445 -0.3492
vn 0.2302 0.8626 0.4504
vn -0.8176 -0.1532 0.5550
vn -0.4429 0.7667 -0.4647
vn 0.9818 -0.1139 0.1519
vn 0.4007 -0.7091 0.5802
vn -0.4170 0.7533 -0.5086
vn 0.0315 0.4205 -0.9067
vn 0.8691 0.0161 -0.4943
vn 0.6558 0.0968 0.7487
vn -0.0258 -0.9410 -0.3375
vn -0.0091 0.0122 0.9999
vn -0.2816 0.5044 -0.8163
vn 0.9081 -0.0244 -0.4181
vn -0.0505 0.8214 -0.5681
vn -0.4905 -0.0303 -0.8709
vn -0.0797 0.6888 0.7205
vn 0.2421 -0.7364 0.6318
vn -0.8133 0.2909 0.5039
vn 0.1501 0.9812 0.1214
vn -0.7936 -0.4239 -0.4364
vn 0.3693 -0.6392 -0.6745
vn 0.1681 0.8375 -0.5200
vn -0.7287 0.0296 -0.6841
vn -0.0869 -0.8792 0.4685
vn -0.7437 0.0244 0.6681
vn 0.3544 -0.6443 0.6777
vn 0.5517 0.7640 -0.3347
vn -0.4742 0.8085 -0.3485
vn -0.2073 0.3360 0.9188
vn 0.7890 -0.2002 0.5809
vn 0.2096 -0.3576 -0.9100
vn -0.4428 0.8189 0.3652
vn -0.8170 -0.1097 0.5662
vn 0.4265 -0.7712 -0.4727
vn -0.6215 0.5168 0.5887
vn -0.3709 0.3372 -0.8653
vn 0.3695 0.8453 -0.3859
vn 0.2126 0.5441 0.8116
vn -0.4068 -0.3335 -0.8505
vn 0.8871 -0.2742 -0.3712
vn 0.2874 0.2164 0.9330
vn 0.0320 -0.8027 0.5955
vn 0.8971 0.1697 -0.4079
vn -0.1028 0.9266 -0.3617
vn 0.6115 0.1525 0.7764
vn 0.3877 -0.7134 0.5838
vn 0.2554 -0.4320 -0.8650
vn 0.8359 0.4484 0.3167
vn -0.0629 -0.9142 -0.4004
vn -0.7633 0.1845 0.6192
vn -0.8342 0.4533 -0.3141
vn 0.2217 0.5855 -0.7798
vn 0.5988 0.7432 -0.2986
vn 0.1733 0.7366 0.6537
vn -0.8999 0.0905 0.4265
vn 0.6958 -0.3587 0.6223
vn -0.1975 -0.9183 -0.3430
vn -0.3389 0.3171 0.8858
vn -0.6058 -0.4134 -0.6798
vn -0.6206 -0.4184 0.6632
vn 0.5246 -0.7600 0.3838
vn -0.5468 0.7782 0.3089
vn -0.5400 0.7805 -0.3149
vn 0.1140 0.7350 -0.6684
vn 0.5330 -0.7570 -0.3779
vn -0.9409 0.1501 0.3035
vn 0.9171 -0.1459 -0.3710
vn 0.9087 -0.1488 0.3900
vn 0.0993 0.7300 0.6762
vn -0.9342 0.1525 -0.3225
vn -0.4438 0.6489 -0.6180
vn -0.9275 -0.0016 0.3739
vn -0.4656 -0.8012 0.3759
vn 0.3418 -0.7110 -0.6145
vn 0.4809 0.8291 -0.2853
vn 0.9591 0.0013 -0.2830
vn 0.8777 -0.1273 0.4620
vn 0.3271 0.8257 0.4595
vn 0.9268 -0.0957 0.3631
vn 0.5071 -0.7850 0.3559
vn -0.3304 0.0269 0.9435
vn 0.2335 -0.1495 -0.9608
vn 0.2489 -0.1241 -0.9605
vn 0.3033 0.8124 -0.4980
vn -0.1844 0.2668 0.9460
vn -0.5779 -0.6347 -0.5130
vn 0.4706 0.8205 0.3246
vn -0.4780 0.8203 0.3141
vn -0.2646 0.4771 -0.8381
vn -0.2648 -0.4457 0.8551
vn 0.2459 -0.4453 0.8609
vn 0.9451 -0.0010 0.3267
vn 0.2827 0.4772 -0.8321
vn -0.5199 -0.0034 0.8542
vn -0.2161 -0.8759 0.4314
vn 0.5562 0.0033 -0.8310
vn -0.2404 0.4996 0.8322
vn 0.2401 -0.3538 -0.9040
vn -0.4620 -0.0949 -0.8818
vn -0.9630 -0.2672 0.0367
vn -0.0528 -0.0981 0.9938
vn -0.2686 -0.4827 -0.8336
vn -0.4986 -0.8617 0.0943
vn -0.0292 -0.0299 0.9991
vn 0.4968 -0.8615 0.1051
vn 0.0072 -0.0299 0.9995
vn 0.9620 -0.2667 0.0579
vn 0.2871 -0.4825 -0.8275
vn 0.0310 -0.0980 0.9947
vn 0.2070 -0.8759 0.4359
vn 0.4814 -0.0946 -0.8714
vn 0.2217 0.4998 0.8373
vn -0.2200 -0.3539 -0.9090
vn -0.5374 0.0030 -0.8433
vn -0.9521 -0.0014 0.3058
vn 0.5014 -0.0031 0.8652
vn -0.4989 0.8608 0.1009
vn 0.4961 0.8610 0.1118
vn 0.2868 0.4889 -0.8238
vn -0.0289 0.0222 0.9993
vn 0.0069 0.0222 0.9997
vn 0.1744 0.9534 0.2463
vn -0.2688 0.4887 -0.8300
vn 0.6819 -0.6933 0.2332
vn -0.6865 -0.6936 0.2182
vn -0.1803 0.9533 0.2423
vn 0.4064 -0.5807 -0.7054
vn 0.3908 -0.5860 0.7098
vn 0.8675 0.2786 0.4120
vn -0.2331 -0.9173 -0.3229
vn -0.5746 0.3789 -0.7255
vn -0.5905 0.3733 0.7155
vn -0.7190 -0.5342 -0.4446
vn 0.7484 0.5280 0.4014
vn 0.8272 -0.5443 0.1394
vn -0.4881 -0.8640 0.1238
vn 0.5338 0.6298 -0.5643
vn -0.7505 0.3177 -0.5795
vn -0.0271 0.7799 -0.6253
vn 0.3376 -0.7022 -0.6269
vn 0.4409 0.3359 0.8323
vn -0.8146 0.3943 0.4255
vn -0.3599 -0.2751 -0.8915
vn -0.5399 -0.7269 0.4243
vn -0.4449 0.0768 -0.8923
vn 0.5500 -0.0935 0.8299
vn 0.2293 -0.6669 0.7090
vn 0.2450 -0.6616 -0.7088
vn -0.4831 0.5960 -0.6414
vn -0.4972 0.5912 0.6351
vn -0.3087 -0.6013 -0.7370
vn 0.5035 0.5308 -0.6818
vn -0.3248 -0.6068 0.7254
vn 0.4883 0.5255 0.6967
vn -0.8341 -0.4705 -0.2879
vn 0.5108 -0.8563 -0.0759
vn 0.2661 -0.4871 0.8318
vn 0.4994 -0.8611 -0.0954
vn 0.0323 -0.0243 -0.9992
vn -0.4954 -0.8604 -0.1193
vn -0.9926 0.0002 -0.1215
vn -0.4963 0.8624 -0.0999
vn -0.4864 0.8700 -0.0804
vn -0.8236 -0.4887 -0.2878
vn 0.2645 -0.4770 0.8381
vn 0.4780 -0.8203 -0.3141
vn -0.2460 0.4455 -0.8608
vn 0.5381 -0.0030 0.8428
vn 0.9521 0.0014 -0.3059
vn -0.5011 0.0031 -0.8654
vn 0.4775 0.8229 -0.3080
vn -0.2457 -0.4391 -0.8642
vn 0.2642 0.4707 0.8418
vn -0.2830 0.4707 0.8357
vn -0.4711 0.8226 -0.3184
vn 0.2648 -0.4389 -0.8586
vn 0.7052 -0.0679 -0.7058
vn 0.6894 -0.0735 0.7206
vn -0.6830 -0.0290 -0.7298
vn -0.4648 -0.6272 0.6250
vn -0.6989 -0.0345 0.7144
vn 0.5344 0.6938 -0.4827
vn 0.4154 0.8453 -0.3361
vn 0.9405 -0.0637 -0.3337
vn 0.1790 0.3245 0.9288
vn -0.3871 0.0033 -0.9220
vn -0.8466 0.4696 0.2504
vn 0.3686 -0.0034 0.9296
vn -0.0167 -0.9670 0.2541
vn -0.1886 -0.3410 -0.9210
vn 0.9773 -0.1529 -0.1467
vn 0.7981 0.5846 -0.1459
vn 0.1551 0.9762 -0.1515
vn -0.5823 0.7970 -0.1603
vn -0.9738 0.1541 -0.1670
vn -0.2806 -0.1775 0.9433
vn -0.7946 -0.5835 -0.1678
vn 0.1637 0.2265 -0.9601
vn -0.1517 -0.9750 -0.1623
vn 0.1383 0.2419 -0.9604
vn -0.0409 -0.3236 0.9453
vn 0.1634 -0.2737 0.9478
vn 0.5858 -0.7958 -0.1533
vn -0.2123 0.1568 -0.9646
vn 0.7434 -0.2451 -0.6223
vn 0.1520 -0.8892 0.4316
vn -0.5699 0.5241 -0.6329
vn -0.8517 -0.3073 0.4244
vn 0.1762 -0.6710 -0.7203
vn -0.4305 0.5539 -0.7126
vn 0.5920 0.7408 0.3173
vn -0.4461 0.5485 0.7072
vn -0.8903 0.0939 -0.4455
vn 0.1603 -0.6763 0.7189
vn 0.8292 -0.4837 -0.2801
vn -0.3683 0.0034 -0.9297
vn -0.4145 -0.8461 0.3351
vn 0.3878 -0.0034 0.9218
vn -0.9412 0.0664 0.3314
vn 0.1886 0.3410 0.9210
vn -0.0132 0.9577 -0.2875
vn -0.1787 -0.3239 -0.9291
vn 0.0196 -0.9555 -0.2943
vn 0.9336 -0.0689 0.3515
vn 0.1990 0.3308 -0.9225
vn -0.2090 -0.3483 0.9138
vn -0.8229 0.4858 -0.2947
vn 0.3886 0.0036 -0.9214
vn 0.4070 0.8435 0.3505
vn -0.4079 -0.0035 0.9130
vn -0.8330 -0.4563 -0.3131
vn 0.8399 -0.4558 -0.2947
vn -0.5314 0.7765 0.3386
vn 0.5236 0.7767 0.3502
vn 0.1891 -0.3483 0.9181
vn -0.1792 0.3313 -0.9264
vn -0.2051 -0.9213 0.3304
vn -0.8409 0.4509 0.2991
vn 0.7098 -0.3529 -0.6096
vn 0.1876 0.7416 -0.6441
vn 0.7896 -0.2011 -0.5797
vn 0.0294 -0.9200 0.3908
vn -0.1822 0.7971 -0.5757
vn -0.9300 0.0288 0.3664
vn -0.2921 -0.7464 0.5979
vn -0.9266 -0.0345 -0.3743
vn -0.4227 0.7528 -0.5046
vn -0.2917 0.6324 0.7176
vn 0.5978 0.6440 0.4774
vn 0.3117 0.2446 -0.9182
vn -0.5836 0.8029 0.1218
vn 0.8628 0.0027 -0.5055
vn 0.6149 0.6504 0.4460
vn -0.6925 -0.4242 0.5835
vn 0.8546 -0.5085 0.1055
vn -0.0858 0.8498 -0.5201
vn 0.2308 0.2760 -0.9330
vn 0.7732 -0.3735 -0.5125
vn 0.6734 -0.2900 0.6800
vn 0.1094 -0.9191 -0.3786
vn 0.9336 0.0669 0.3520
vn 0.1995 -0.3242 -0.9247
vn 0.4075 -0.8458 0.3442
vn -0.8226 -0.4841 -0.2983
vn 0.0191 0.9577 -0.2872
vn -0.2090 0.3409 0.9166
vn 0.8290 0.4862 -0.2765
vn -0.0127 -0.9555 -0.2948
vn -0.9411 -0.0693 0.3309
vn -0.4150 0.8433 0.3415
vn 0.2763 0.7692 -0.5761
vn 0.2635 0.7648 0.5879
vn 0.8095 -0.4943 0.3167
vn 0.5940 -0.5582 -0.5792
vn -0.7421 0.4568 -0.4905
vn 0.4955 0.7965 0.3464
vn -0.4597 -0.7354 -0.4979
vn -0.4704 -0.7390 0.4823
vn 0.5812 -0.5625 0.5880
vn 0.5033 0.7990 -0.3291
vn -0.8332 -0.4846 0.2665
vn 0.8336 -0.4696 0.2908
vn 0.5311 0.7793 -0.3326
vn -0.5213 0.7798 -0.3467
vn 0.6250 -0.4245 0.6551
vn -0.0570 0.7561 0.6520
vn -0.0427 0.7610 -0.6473
vn 0.9528 -0.0006 0.3037
vn 0.6393 -0.4198 -0.6443
vn -0.9190 0.0012 -0.3942
vn 0.4745 0.8268 0.3021
vn -0.4571 -0.7982 -0.3922
vn -0.5857 0.7958 0.1536
vn 0.0409 0.3234 -0.9454
vn 0.1517 0.9750 0.1622
vn -0.1384 -0.2420 0.9604
vn 0.7946 0.5835 0.1679
vn 0.9738 -0.1541 0.1671
vn 0.5823 -0.7970 0.1606
vn -0.2335 0.1496 0.9608
vn 0.1844 -0.2669 -0.9459
vn -0.1552 -0.9762 0.1515
vn -0.7981 -0.5846 0.1460
vn -0.9773 0.1529 0.1467
vn -0.6362 0.5673 -0.5229
vn 0.3512 0.7843 -0.5115
vn -0.7827 -0.5207 0.3410
vn 0.9219 -0.1464 0.3587
vn -0.0445 0.0383 -0.9983
vn -0.4801 0.2940 0.8265
vn 0.5239 -0.7791 0.3443
vn -0.5310 -0.7793 0.3327
vn -0.8332 0.4582 -0.3096
vn 0.8396 0.4586 -0.2913
vn 0.7840 0.5050 -0.3610
vn -0.6159 0.6731 -0.4094
vn -0.1996 -0.3208 -0.9259
vn -0.0445 -0.0410 0.9982
vn 0.2575 0.4099 0.8750
vn -0.2858 -0.4820 -0.8282
vn -0.4674 -0.7572 -0.4563
vn 0.6444 -0.5509 0.5303
vn 0.4008 0.6675 0.6275
vn -0.8367 -0.1698 0.5207
vn 0.3413 0.7159 -0.6091
vn 0.8776 0.1243 0.4630
vn 0.4815 -0.8266 -0.2913
vn -0.4435 -0.6444 -0.6229
vn -0.4661 0.7979 0.3822
vn 0.3276 -0.8289 0.4533
vn -0.3092 -0.7545 -0.5789
vn -0.6214 0.5297 -0.5773
vn 0.8620 -0.4873 0.1400
vn 0.5424 0.8281 0.1416
vn 0.4842 -0.8434 0.2329
vn 0.9704 -0.0006 0.2415
vn 0.4837 0.8419 0.2393
vn -0.4893 0.8416 0.2286
vn -0.1888 0.3478 -0.9184
vn -0.9755 -0.0011 0.2201
vn 0.1792 -0.3314 0.9263
vn -0.4888 -0.8436 0.2222
vn 0.5455 -0.7031 0.4561
vn -0.5550 -0.7033 0.4442
vn 0.7919 0.0694 -0.6066
vn -0.4745 -0.8269 -0.3016
vn -0.7785 0.0689 -0.6239
vn 0.4570 0.7980 0.3928
vn -0.7784 -0.0647 -0.6244
vn 0.7920 -0.0643 -0.6072
vn 0.5451 0.6999 0.4615
vn -0.5555 0.6996 0.4494
vn -0.3371 -0.8291 0.4460
vn -0.8877 0.1239 0.4435
vn 0.4573 -0.6443 -0.6130
vn -0.3282 0.7157 -0.6165
vn 0.4570 0.6491 -0.6081
vn -0.3376 0.8255 0.4523
vn -0.8876 -0.1277 0.4426
vn -0.3278 -0.7112 -0.6219
vn 0.7784 0.0646 0.6244
vn 0.4656 0.8012 -0.3759
vn 0.5555 -0.6997 -0.4494
vn -0.5451 -0.6999 -0.4615
vn -0.7920 0.0642 0.6071
vn 0.4750 -0.8289 0.2955
vn -0.4575 0.8007 -0.3867
vn -0.4809 -0.8291 0.2853
vn -0.3413 -0.7159 0.6091
vn 0.4436 0.6450 0.6223
vn -0.8776 -0.1243 -0.4629
vn -0.3277 0.8290 -0.4533
vn 0.7785 -0.0689 0.6239
vn 0.5551 0.7033 -0.4441
vn -0.7919 -0.0694 0.6067
vn -0.5455 0.7030 -0.4562
vn 0.4888 0.8436 -0.2223
vn 0.9755 0.0011 -0.2201
vn 0.4892 -0.8416 -0.2287
vn -0.4837 -0.8419 -0.2393
vn -0.9704 0.0006 -0.2415
vn -0.4842 0.8434 -0.2330
vn -0.7059 -0.3368 0.6231
vn -0.1190 -0.9192 -0.3755
vn -0.0683 -0.5761 -0.8145
vn -0.7156 0.5435 -0.4387
vn 0.0491 0.4377 0.8978
vn 0.3317 -0.4601 -0.8236
vn 0.4285 0.7970 -0.4256
vn -0.2734 0.3752 0.8857
vn 0.7686 0.0039 0.6397
vn 0.1223 0.9393 0.3207
vn -0.7674 0.2973 0.5681
vn -0.7547 0.3016 -0.5826
vn 0.7340 0.0688 -0.6756
vn -0.4773 -0.7607 0.4400
vn 0.7190 0.0637 0.6921
vn 0.4144 0.6722 -0.6135
vn 0.4444 -0.6481 0.6184
vn -0.3271 -0.8257 -0.4595
vn -0.8777 0.1274 -0.4619
vn -0.3417 0.7110 0.6146
vn 0.8876 0.1278 -0.4425
vn 0.3375 -0.8256 -0.4523
vn -0.4577 -0.6490 0.6078
vn 0.3278 0.7112 0.6219
vn 0.8649 -0.4862 -0.1247
vn -0.3218 -0.7589 0.5661
vn -0.6340 0.5254 0.5675
vn 0.5453 0.8291 -0.1234
vn 0.3237 -0.7069 0.6289
vn 0.5676 -0.0870 -0.8187
vn -0.5304 -0.7238 -0.4413
vn -0.4642 0.0700 0.8830
vn 0.4589 0.3420 -0.8200
vn -0.8050 0.3976 -0.4403
vn -0.3792 -0.2817 0.8814
vn -0.0411 0.7753 0.6303
vn 0.5989 -0.3664 -0.7121
vn -0.5138 0.4920 -0.7029
vn 0.5830 -0.3718 0.7224
vn 0.7448 0.5332 -0.4012
vn -0.7631 -0.5518 0.3365
vn -0.8030 -0.4272 0.4155
vn -0.5292 0.4866 0.6951
vn 0.1527 0.9821 -0.1104
vn -0.5213 -0.6255 -0.5805
vn 0.7630 -0.3134 -0.5653
vn 0.4851 0.8630 0.1411
vn -0.8301 0.5433 0.1252
vn -0.3033 -0.8124 0.4979
vn -0.9268 0.0957 -0.3631
vn -0.5071 0.7850 -0.3559
vn 0.5779 0.6347 0.5130
vn -0.8051 0.2997 -0.5119
vn 0.6421 -0.5817 -0.4993
vn 0.7797 0.5096 0.3637
vn 0.0904 0.9294 0.3579
vn 0.3282 -0.7157 0.6165
vn 0.8877 -0.1239 -0.4434
vn -0.4578 0.6443 0.6127
vn 0.3371 0.8292 -0.4459
vn -0.2684 -0.7254 -0.6338
vn -0.8978 -0.1237 0.4227
vn 0.3137 -0.4665 0.8270
vn -0.2542 0.3824 -0.8883
vn 0.5423 0.5669 -0.6201
vn -0.2847 0.8552 0.4331
vn -0.7631 0.3134 0.5652
vn 0.5212 0.6255 0.5806
vn 0.8301 -0.5433 -0.1253
vn -0.4853 -0.8629 -0.1411
vn 0.8050 -0.2997 0.5120
vn -0.0904 -0.9294 -0.3578
vn -0.7797 -0.5096 -0.3638
vn -0.6421 0.5816 0.4995
vn -0.8271 0.5444 -0.1395
vn -0.5338 -0.6298 0.5643
vn 0.4882 0.8639 -0.1240
vn 0.7504 -0.3177 0.5797
vn -0.1366 -0.7314 0.6681
vn -0.4597 0.5849 0.6682
vn -0.1217 -0.7263 -0.6765
vn -0.4449 0.5899 -0.6738
vn -0.7298 0.1284 0.6715
vn 0.5931 0.4276 0.6822
vn 0.1292 0.9416 -0.3109
vn -0.1272 -0.9218 0.3661
vn -0.7149 0.1336 -0.6863
vn 0.6080 0.4327 -0.6657
vn -0.8769 0.4487 0.1724
vn -0.7681 -0.6011 0.2205
vn 0.4658 0.8719 0.1510
vn 0.7974 0.5788 0.1707
vn 0.9529 0.2623 0.1521
vn 0.2717 -0.9411 0.2013
vn -0.2751 0.8585 -0.4327
vn -0.8883 -0.1204 -0.4432
vn 0.5285 0.5622 0.6361
vn -0.2823 -0.7302 0.6221
vn -0.8026 0.5067 -0.3146
vn 0.1486 0.9546 -0.2581
vn -0.2199 -0.3277 0.9188
vn -0.5005 -0.8197 -0.2784
vn 0.2767 0.4165 -0.8660
vn -0.3039 -0.4881 0.8182
vn -0.5279 -0.8418 -0.1128
vn -0.0225 -0.0334 -0.9992
vn -0.8416 0.5312 -0.0981
vn 0.5287 0.8411 -0.1146
vn 0.7611 0.5968 -0.2541
vn -0.2687 0.9378 -0.2199
vn -0.6322 -0.3260 -0.7029
vn -0.2486 0.4005 0.8819
vn -0.5098 -0.0368 0.8595
vn -0.9295 -0.2994 -0.2152
vn -0.0639 0.6946 -0.7166
vn -0.5508 -0.3939 0.7358
vn -0.7928 -0.5748 -0.2026
vn 0.1410 0.1000 -0.9849
vn -0.7503 -0.5938 -0.2906
vn 0.3720 0.2929 -0.8808
vn -0.4402 -0.3470 0.8281
vn -0.0862 -0.5823 0.8084
vn -0.1242 -0.9523 -0.2789
vn 0.0687 0.4441 -0.8933
vn 0.5509 -0.7857 -0.2813
vn 0.9499 -0.1518 -0.2731
vn 0.7688 0.5778 -0.2740
vn -0.3544 0.6444 -0.6776
vn 0.7437 -0.0244 -0.6681
vn 0.7288 -0.0295 0.6840
vn -0.3693 0.6393 0.6745
vn 0.7823 0.0088 -0.6228
vn -0.6920 -0.3321 -0.6410
vn 0.4190 0.7937 0.4409
vn -0.7251 0.5403 0.4270
vn -0.4536 0.5835 -0.6736
vn -0.4687 0.5787 0.6674
vn -0.7264 -0.5734 0.3788
vn 0.7399 -0.0609 -0.6699
vn 0.7249 -0.0660 0.6857
vn 0.7476 0.5905 -0.3038
vn 0.7626 0.5757 0.2951
vn 0.1427 0.9526 0.2685
vn 0.0957 0.5635 -0.8206
vn -0.0808 -0.4427 0.8930
vn 0.9437 -0.1539 0.2928
vn 0.5445 -0.7878 0.2878
vn -0.1302 -0.9543 0.2689
vn -0.7564 -0.5959 0.2696
vn -0.7971 -0.5762 0.1806
vn -0.9340 -0.3010 0.1924
vn -0.2737 0.9361 0.2209
vn -0.6476 -0.3313 0.6862
vn -0.2292 0.4072 -0.8841
vn 0.4380 0.3444 -0.8304
vn 0.7553 0.5948 0.2752
vn -0.3600 -0.2971 0.8844
vn 0.3288 0.4881 -0.8085
vn 0.5259 0.8401 0.1327
vn -0.0031 0.0372 0.9993
vn -0.4618 0.3002 -0.8346
vn -0.8436 0.5305 0.0835
vn -0.0665 0.0308 0.9973
vn -0.5301 -0.8426 0.0948
vn -0.5065 -0.8218 0.2611
vn -0.8095 0.5043 0.3006
vn 0.4179 -0.2793 0.8645
vn -0.3204 0.2150 -0.9226
vn 0.2227 0.9573 0.1846
vn -0.9240 0.2982 0.2395
vn 0.4486 0.0327 -0.8931
vn 0.9453 -0.2933 0.1425
vn 0.0883 0.6125 0.7855
vn 0.5385 -0.1723 -0.8248
vn 0.9416 -0.3122 0.1258
vn 0.0564 -0.0146 0.9983
vn 0.5842 0.8041 0.1098
vn 0.0205 0.0390 0.9990
vn -0.4926 0.8611 0.1255
vn 0.3326 0.4594 -0.8236
vn -0.3161 0.9363 0.1528
vn 0.9502 0.2532 0.1819
vn 0.4663 -0.8517 0.2391
vn -0.5874 -0.7770 0.2264
vn -0.8256 -0.1657 -0.5394
vn -0.6249 0.6701 0.4007
vn 0.6559 -0.5470 -0.5202
vn 0.7758 0.5022 0.3820
vn -0.6344 -0.3592 -0.6845
vn -0.6492 -0.3644 0.6677
vn 0.0345 0.7388 -0.6730
vn 0.0195 0.7337 0.6791
vn 0.6618 0.3140 -0.6807
vn 0.6466 0.3089 0.6975
vn -0.2839 -0.6897 -0.6661
vn -0.2985 -0.6947 0.6544
vn -0.4898 0.8621 -0.1297
vn 0.5864 0.8049 -0.0909
vn 0.5202 -0.1784 0.8352
vn 0.9442 -0.3114 -0.1074
vn 0.0786 -0.0071 -0.9969
vn 0.9483 -0.2923 -0.1240
vn 0.1056 0.6183 -0.7788
vn 0.2266 0.9586 -0.1725
vn 0.4289 0.0259 0.9030
vn -0.9184 0.3002 -0.2575
vn -0.5822 -0.7752 -0.2451
vn 0.4716 -0.8499 -0.2352
vn 0.9539 0.2544 -0.1591
vn -0.2759 0.6379 -0.7190
vn 0.2914 0.2377 0.9266
vn -0.3128 0.9375 -0.1526
vn -0.2922 -0.8087 -0.5105
vn 0.5890 0.6385 -0.4954
vn -0.5148 0.7823 0.3506
vn -0.9346 0.0930 0.3433
vn -0.8428 -0.4298 -0.3241
vn 0.8154 -0.4919 -0.3052
vn -0.5341 0.6966 0.4791
vn 0.5716 0.6524 0.4976
vn 0.5009 0.7354 -0.4563
vn 0.8363 -0.2581 -0.4837
vn -0.7231 0.2553 -0.6418
vn -0.6895 0.6514 0.3166
vn 0.8110 -0.3086 0.4970
vn -0.1364 -0.9546 0.2648
vn 0.1776 -0.8798 -0.4410
vn -0.7207 -0.3735 -0.5840
vn -0.6775 0.5314 0.5085
vn 0.7282 -0.2481 0.6389
vn 0.6081 0.6475 -0.4593
vn -0.2793 -0.7418 -0.6097
vn -0.5808 0.8038 -0.1285
vn 0.8515 -0.0011 0.5244
vn -0.4337 0.7490 0.5009
vn -0.9346 -0.0372 0.3536
vn 0.6015 0.7192 0.3478
vn 0.9043 -0.2155 0.3684
vn -0.3671 0.7312 -0.5750
vn 0.1558 -0.8199 -0.5510
vn -0.0971 -0.9132 -0.3957
vn 0.7523 -0.3359 0.5668
vn -0.8216 0.3994 -0.4067
vn -0.0085 0.8046 0.5938
vn 0.8595 0.2759 -0.4303
vn -0.0018 -0.8287 -0.5596
vn -0.1850 0.9666 -0.1773
vn 0.7812 -0.3581 0.5113
vn -0.0425 0.8746 0.4831
vn -0.9398 -0.1738 0.2941
vn -0.1805 -0.7055 -0.6854
vn -0.1955 -0.7106 0.6759
vn -0.4845 0.5453 -0.6840
vn -0.4995 0.5402 0.6773
vn 0.0091 0.9579 0.2871
vn 0.9411 0.0694 -0.3309
vn -0.8366 -0.4786 0.2664
vn 0.4159 -0.8425 -0.3424
vn -0.1671 0.6846 0.7095
vn 0.4616 -0.5832 0.6684
vn -0.1514 0.6900 -0.7078
vn 0.4763 -0.5780 -0.6626
vn -0.9333 -0.1714 -0.3155
vn -0.0139 -0.8329 0.5532
vn 0.8217 -0.3049 -0.4815
vn -0.7370 0.2506 0.6277
vn -0.0319 0.8781 -0.4774
vn 0.8496 0.2730 0.4512
vn -0.1891 0.9653 0.1803
vn 0.7924 -0.3542 -0.4966
vn -0.7374 0.2263 -0.6364
vn -0.1950 0.8793 0.4346
vn 0.5946 -0.5048 -0.6258
vn 0.8328 0.3321 0.4429
vn 0.7420 -0.2432 -0.6247
vn 0.1679 -0.8830 0.4383
vn -0.6666 0.5350 -0.5191
vn -0.7334 -0.3778 0.5651
vn -0.1898 -0.9088 -0.3715
vn 0.6252 -0.3913 0.6753
vn 0.9616 -0.0034 -0.2744
vn -0.5297 -0.7723 0.3505
vn -0.8601 0.4071 -0.3074
vn 0.5805 0.7864 -0.2112
vn 0.1061 0.6961 0.7100
vn -0.9108 0.0037 0.4128
vn 0.1315 0.9305 -0.3419
vn -0.7942 0.3265 0.5124
vn 0.5349 -0.7711 -0.3454
vn -0.5628 -0.6514 0.5089
vn 0.8627 -0.2600 0.4338
vn 0.6503 0.6259 0.4306
vn -0.1250 0.8399 -0.5282
vn 0.2691 -0.8066 -0.5263
vn 0.2441 0.6817 -0.6897
vn -0.6304 -0.3736 -0.6805
vn 0.2288 0.6765 0.7000
vn -0.6451 -0.3786 0.6637
vn -0.6298 0.4848 -0.6069
vn 0.0439 -0.7793 -0.6252
vn 0.8142 -0.3875 0.4323
vn 0.2676 0.8603 0.4340
vn -0.6085 0.5214 -0.5983
vn 0.0456 -0.7981 -0.6008
vn 0.8790 -0.2771 0.3881
vn 0.3607 0.8422 0.4007
vn -0.6826 0.6538 -0.3265
vn 0.4907 0.7319 0.4729
vn 0.8255 -0.2618 0.5000
vn -0.1306 -0.9527 -0.2745
vn 0.7005 -0.1906 0.6878
vn 0.7155 -0.1855 -0.6736
vn -0.5353 -0.4895 -0.6884
vn -0.5502 -0.4946 0.6728
vn -0.5769 -0.3696 0.7284
vn 0.4749 0.5451 0.6909
vn -0.5608 -0.3635 -0.7438
vn 0.4900 0.5503 -0.6761
vn 0.4010 -0.7085 -0.5807
vn -0.0714 -0.9171 0.3922
vn 0.8880 0.1664 0.4287
vn -0.1104 0.9238 0.3665
vn -0.7493 0.1894 -0.6346
vn 0.8425 0.4505 -0.2953
vn 0.7173 0.3423 0.6069
vn 0.7319 -0.5421 -0.4129
vn -0.2636 -0.8553 -0.4461
vn -0.7886 -0.2470 0.5631
vn 0.8423 0.3354 -0.4220
vn -0.1855 0.8825 -0.4322
vn 0.5807 -0.5097 0.6348
vn -0.7511 0.2215 0.6219
vn -0.6427 0.4126 -0.6455
vn -0.6569 0.4080 0.6340
vn 0.6838 0.3522 -0.6390
vn 0.6696 0.3473 0.6565
vn -0.8023 0.2943 -0.5194
vn -0.0633 0.8173 0.5728
vn 0.2557 -0.7318 -0.6317
vn 0.8985 -0.0278 0.4380
vn 0.0573 -0.7560 -0.6521
vn -0.6250 0.4246 -0.6550
vn -0.6393 0.4198 0.6443
vn 0.0428 -0.7610 0.6474
vn -0.4571 0.5290 -0.7150
vn 0.1893 -0.6779 -0.7104
vn -0.4728 0.5236 0.7088
vn 0.1736 -0.6833 0.7092
vn -0.1367 0.8359 0.5315
vn 0.6595 0.6290 -0.4115
vn 0.8721 -0.2568 -0.4166
vn 0.2576 -0.8105 0.5260
vn 0.7407 -0.1351 0.6581
vn -0.5554 -0.5687 0.6067
vn 0.7551 -0.1302 -0.6426
vn -0.5418 -0.5641 -0.6231
vn -0.2654 0.6423 0.7190
vn 0.1599 -0.6803 0.7153
vn 0.1757 -0.6749 -0.7167
vn -0.2495 0.6478 -0.7198
vn -0.2367 0.6863 0.6877
vn -0.2215 0.6914 -0.6876
vn 0.1168 -0.7126 -0.6918
vn 0.1015 -0.7178 0.6888
vn -0.7751 -0.5180 -0.3619
vn -0.6476 0.5634 0.5130
vn 0.3397 0.7804 0.5249
vn 0.9295 -0.1436 -0.3397
vn 0.4345 -0.5566 -0.7081
vn -0.1708 0.6848 -0.7084
vn 0.4188 -0.5620 0.7133
vn -0.1863 0.6795 0.7096
vn 0.6747 -0.3384 0.6559
vn -0.6888 -0.3389 0.6408
vn 0.6890 -0.3336 -0.6434
vn -0.6745 -0.3338 -0.6585
vn 0.5315 -0.7765 -0.3385
vn -0.5234 -0.7768 -0.3502
vn 0.8329 0.4563 0.3131
vn -0.8398 0.4559 0.2946
vn -0.8422 -0.3040 -0.4454
vn 0.1614 -0.8859 -0.4349
vn -0.5838 0.5195 0.6240
vn 0.7297 -0.2497 0.6366
vn -0.0567 -0.7610 0.6462
vn 0.6248 0.4201 0.6581
vn 0.6391 0.4249 -0.6411
vn -0.0425 -0.7560 -0.6532
vn -0.6890 0.3335 0.6434
vn 0.6745 0.3340 0.6584
vn -0.6746 0.3385 -0.6560
vn 0.6888 0.3388 -0.6409
vn 0.6511 -0.2577 0.7139
vn -0.3908 0.6076 0.6914
vn -0.3756 0.6129 -0.6952
vn 0.6665 -0.2526 -0.7014
vn -0.7828 0.3304 -0.5273
vn -0.5514 -0.6473 -0.5263
vn 0.5273 -0.7736 0.3514
vn 0.1239 0.9279 0.3517
vn 0.9448 0.0570 0.3228
vn 0.5926 -0.2386 -0.7693
vn 0.0313 0.7365 0.6757
vn -0.8669 -0.4946 0.0617
vt 0.000000 0.000000
s 1
f 1287/1/1 105/1/2 107/1/3
f 1287/1/1 106/1/4 1288/1/5
f 1289/1/6 105/1/2 1288/1/5
f 1288/1/5 78/1/7 1289/1/6
f 1290/1/8 77/1/9 1289/1/6
f 1290/1/8 78/1/7 82/1/10
f 1290/1/8 331/1/11 81/1/12
f 1290/1/8 332/1/13 1291/1/14
f 1292/1/15 331/1/11 1291/1/14
f 1292/1/15 332/1/13 334/1/16
f 1287/1/1 333/1/17 1292/1/15
f 1287/1/1 334/1/16 108/1/18
f 1294/1/19 7/1/20 1293/1/21
f 1294/1/19 8/1/22 48/1/23
f 1294/1/19 45/1/24 47/1/25
f 1294/1/19 46/1/26 1295/1/27
f 1296/1/28 45/1/24 1295/1/27
f 1296/1/28 46/1/26 4/1/29
f 1296/1/28 7/1/20 3/1/30
f 1296/1/28 8/1/22 1293/1/21
f 1298/1/31 121/1/32 1297/1/33
f 1298/1/31 122/1/34 124/1/35
f 1298/1/31 73/1/36 123/1/37
f 1298/1/31 74/1/38 1299/1/39
f 1300/1/40 73/1/36 1299/1/39
f 1300/1/40 74/1/38 70/1/41
f 1300/1/40 121/1/32 69/1/42
f 1300/1/40 122/1/34 1297/1/33
f 1301/1/43 9/1/44 49/1/45
f 1301/1/43 10/1/46 1302/1/47
f 1303/1/48 9/1/44 1302/1/47
f 1303/1/48 10/1/46 52/1/49
f 1301/1/43 51/1/50 1303/1/48
f 1303/1/48 50/1/51 1301/1/43
f 1304/1/52 49/1/45 9/1/44
f 1304/1/52 50/1/51 1305/1/53
f 1305/1/53 15/1/54 49/1/45
f 1305/1/53 16/1/55 1306/1/56
f 1304/1/52 15/1/54 1306/1/56
f 1304/1/52 16/1/55 10/1/46
f 1308/1/57 53/1/58 1307/1/59
f 1308/1/57 54/1/60 14/1/61
f 1308/1/57 11/1/62 13/1/63
f 1308/1/57 12/1/64 1309/1/65
f 1307/1/59 11/1/62 1309/1/65
f 1307/1/59 12/1/64 54/1/60
f 1311/1/66 13/1/63 1310/1/67
f 1311/1/66 14/1/61 54/1/60
f 1311/1/66 55/1/68 53/1/58
f 1312/1/69 54/1/60 56/1/70
f 1312/1/69 13/1/63 55/1/68
f 1312/1/69 14/1/61 1310/1/67
f 1314/1/71 25/1/72 1313/1/73
f 1313/1/73 28/1/74 1314/1/71
f 1314/1/71 21/1/75 27/1/76
f 1315/1/77 28/1/74 22/1/78
f 1316/1/79 21/1/75 1315/1/77
f 1315/1/77 20/1/80 1316/1/79
f 1313/1/73 19/1/81 1316/1/79
f 1316/1/79 26/1/82 1313/1/73
f 1318/1/83 9/1/44 1317/1/84
f 1318/1/83 10/1/46 16/1/55
f 1319/1/85 15/1/54 1318/1/83
f 1318/1/83 12/1/64 1319/1/85
f 1319/1/85 13/1/63 11/1/62
f 1319/1/85 14/1/61 1320/1/86
f 1317/1/84 13/1/63 1320/1/86
f 1320/1/86 10/1/46 1317/1/84
f 1321/1/87 351/1/88 339/1/89
f 1322/1/90 340/1/91 352/1/92
f 1322/1/90 339/1/89 341/1/93
f 1323/1/94 342/1/95 340/1/91
f 1323/1/94 341/1/93 353/1/96
f 1324/1/97 354/1/98 342/1/95
f 1321/1/87 1324/1/97 353/1/96
f 1324/1/97 1321/1/87 352/1/92
f 1325/1/99 395/1/100 95/1/101
f 1326/1/102 96/1/103 396/1/104
f 1326/1/102 391/1/105 395/1/100
f 1327/1/106 396/1/104 392/1/107
f 1328/1/108 391/1/105 1327/1/106
f 1327/1/106 92/1/109 1328/1/108
f 1328/1/108 95/1/101 91/1/110
f 1325/1/99 92/1/109 96/1/103
f 1330/1/111 1329/1/112 381/1/113
f 1329/1/112 1330/1/111 372/1/114
f 1331/1/115 1330/1/111 371/1/116
f 1330/1/111 1331/1/115 370/1/117
f 1331/1/115 369/1/118 379/1/119
f 1331/1/115 1332/1/120 380/1/121
f 1332/1/120 379/1/119 381/1/113
f 1329/1/112 382/1/122 380/1/121
f 1334/1/123 97/1/124 1333/1/125
f 1334/1/123 98/1/126 20/1/80
f 1335/1/127 19/1/81 1334/1/123
f 1334/1/123 24/1/128 1335/1/127
f 1335/1/127 99/1/129 23/1/130
f 1335/1/127 100/1/131 1336/1/132
f 1336/1/132 97/1/124 99/1/129
f 1336/1/132 98/1/126 1333/1/125
f 1338/1/133 51/1/50 1337/1/134
f 1338/1/133 52/1/49 10/1/46
f 1339/1/135 9/1/44 1338/1/133
f 1339/1/135 10/1/46 14/1/61
f 1339/1/135 39/1/136 13/1/63
f 1339/1/135 40/1/137 1340/1/138
f 1341/1/139 39/1/136 1340/1/138
f 1340/1/138 80/1/140 1341/1/139
f 1342/1/141 79/1/142 1341/1/139
f 1342/1/141 80/1/140 86/1/143
f 1342/1/141 95/1/101 85/1/144
f 1342/1/141 96/1/103 1343/1/145
f 1344/1/146 95/1/101 1343/1/145
f 1343/1/145 92/1/109 1344/1/146
f 1345/1/147 91/1/110 1344/1/146
f 1345/1/147 92/1/109 82/1/10
f 1345/1/147 87/1/148 81/1/12
f 1345/1/147 88/1/149 1346/1/150
f 1346/1/150 93/1/151 87/1/148
f 1346/1/150 94/1/152 1347/1/153
f 1347/1/153 89/1/154 93/1/151
f 1347/1/153 90/1/155 1348/1/156
f 1348/1/156 51/1/50 89/1/154
f 1337/1/134 90/1/155 52/1/49
f 1350/1/157 105/1/2 1349/1/158
f 1350/1/157 106/1/4 108/1/18
f 1351/1/159 107/1/3 1350/1/157
f 1351/1/159 108/1/18 36/1/160
f 1351/1/159 33/1/161 35/1/162
f 1352/1/163 36/1/160 34/1/164
f 1352/1/163 105/1/2 33/1/161
f 1352/1/163 106/1/4 1349/1/158
f 1354/1/165 129/1/166 1353/1/167
f 1354/1/165 130/1/168 132/1/169
f 1355/1/170 131/1/171 1354/1/165
f 1354/1/165 386/1/172 1355/1/170
f 1356/1/173 385/1/174 1355/1/170
f 1356/1/173 386/1/172 316/1/175
f 1356/1/173 129/1/166 315/1/176
f 1353/1/167 316/1/175 130/1/168
f 1357/1/177 127/1/178 123/1/37
f 1358/1/179 124/1/35 128/1/180
f 1358/1/179 67/1/181 127/1/178
f 1358/1/179 68/1/182 1359/1/183
f 1360/1/184 67/1/181 1359/1/183
f 1360/1/184 68/1/182 74/1/38
f 1357/1/177 73/1/36 1360/1/184
f 1357/1/177 74/1/38 124/1/35
f 1362/1/185 37/1/186 1361/1/187
f 1362/1/185 38/1/188 78/1/7
f 1362/1/185 105/1/2 77/1/9
f 1363/1/189 78/1/7 106/1/4
f 1364/1/190 105/1/2 1363/1/189
f 1364/1/190 106/1/4 34/1/164
f 1361/1/187 33/1/161 1364/1/190
f 1364/1/190 38/1/188 1361/1/187
f 1366/1/191 109/1/192 1365/1/193
f 1366/1/191 110/1/194 32/1/195
f 1367/1/196 31/1/197 1366/1/191
f 1366/1/191 30/1/198 1367/1/196
f 1367/1/196 111/1/199 29/1/200
f 1367/1/196 112/1/201 1368/1/202
f 1368/1/202 109/1/192 111/1/199
f 1368/1/202 110/1/194 1365/1/193
f 1370/1/203 97/1/124 1369/1/204
f 1369/1/204 58/1/205 1370/1/203
f 1370/1/203 25/1/72 57/1/206
f 1370/1/203 26/1/82 1371/1/207
f 1371/1/207 19/1/81 25/1/72
f 1372/1/208 26/1/82 20/1/80
f 1372/1/208 97/1/124 19/1/81
f 1372/1/208 98/1/126 1369/1/204
f 1373/1/209 381/1/113 361/1/210
f 1374/1/211 362/1/212 382/1/122
f 1374/1/211 361/1/210 349/1/213
f 1375/1/214 350/1/215 362/1/212
f 1376/1/216 1375/1/214 349/1/213
f 1375/1/214 1376/1/216 372/1/114
f 1373/1/209 1376/1/216 371/1/116
f 1376/1/216 1373/1/209 382/1/122
f 1377/1/217 101/1/218 59/1/219
f 1378/1/220 60/1/221 102/1/222
f 1379/1/223 101/1/218 1378/1/220
f 1379/1/223 102/1/222 22/1/78
f 1380/1/224 21/1/75 1379/1/223
f 1379/1/223 28/1/74 1380/1/224
f 1377/1/217 27/1/76 1380/1/224
f 1377/1/217 28/1/74 60/1/221
f 1382/1/225 403/1/226 1381/1/227
f 1381/1/227 72/1/228 1382/1/225
f 1383/1/229 71/1/230 1382/1/225
f 1383/1/229 72/1/228 62/1/231
f 1383/1/229 335/1/232 61/1/233
f 1384/1/234 62/1/231 336/1/235
f 1384/1/234 403/1/226 335/1/232
f 1384/1/234 404/1/236 1381/1/227
f 1386/1/237 125/1/238 1385/1/239
f 1386/1/237 126/1/240 64/1/241
f 1386/1/237 67/1/181 63/1/242
f 1386/1/237 68/1/182 1387/1/243
f 1388/1/244 67/1/181 1387/1/243
f 1388/1/244 68/1/182 128/1/180
f 1388/1/244 125/1/238 127/1/178
f 1388/1/244 126/1/240 1385/1/239
f 1389/1/245 545/1/246 543/1/247
f 1390/1/248 544/1/249 546/1/250
f 1390/1/248 543/1/247 599/1/251
f 1390/1/248 1391/1/252 600/1/253
f 1392/1/254 1391/1/252 599/1/251
f 1392/1/254 602/1/255 600/1/253
f 1389/1/245 1392/1/254 601/1/256
f 1389/1/245 546/1/250 602/1/255
f 1394/1/257 93/1/151 1393/1/258
f 1394/1/257 94/1/152 130/1/168
f 1394/1/257 89/1/154 129/1/166
f 1395/1/259 130/1/168 90/1/155
f 1395/1/259 93/1/151 89/1/154
f 1395/1/259 94/1/152 1393/1/258
f 1397/1/260 129/1/166 1396/1/261
f 1397/1/260 130/1/168 94/1/152
f 1397/1/260 131/1/171 93/1/151
f 1397/1/260 132/1/169 1398/1/262
f 1396/1/261 131/1/171 1398/1/262
f 1396/1/261 132/1/169 130/1/168
f 1399/1/263 133/1/264 87/1/148
f 1399/1/263 134/1/265 1400/1/266
f 1400/1/266 135/1/267 133/1/264
f 1400/1/266 136/1/268 1401/1/269
f 1399/1/263 135/1/267 1401/1/269
f 1399/1/263 136/1/268 88/1/149
f 1402/1/270 87/1/148 133/1/264
f 1402/1/270 88/1/149 1403/1/271
f 1404/1/272 87/1/148 1403/1/271
f 1404/1/272 88/1/149 84/1/273
f 1402/1/270 83/1/274 1404/1/272
f 1404/1/272 134/1/265 1402/1/270
f 1405/1/275 47/1/25 45/1/24
f 1405/1/275 48/1/23 1406/1/276
f 1406/1/276 63/1/242 47/1/25
f 1406/1/276 64/1/241 1407/1/277
f 1408/1/278 63/1/242 1407/1/277
f 1408/1/278 64/1/241 126/1/240
f 1408/1/278 45/1/24 125/1/238
f 1408/1/278 46/1/26 1405/1/275
f 1410/1/279 399/1/280 1409/1/281
f 1409/1/281 76/1/282 1410/1/279
f 1411/1/283 75/1/284 1410/1/279
f 1410/1/279 72/1/228 1411/1/283
f 1411/1/283 403/1/226 71/1/230
f 1412/1/285 72/1/228 404/1/236
f 1409/1/281 403/1/226 1412/1/285
f 1412/1/285 400/1/286 1409/1/281
f 1414/1/287 41/1/288 1413/1/289
f 1414/1/287 42/1/290 122/1/34
f 1414/1/287 69/1/42 121/1/32
f 1414/1/287 70/1/41 1415/1/291
f 1416/1/292 69/1/42 1415/1/291
f 1416/1/292 70/1/41 44/1/293
f 1413/1/289 43/1/294 1416/1/292
f 1413/1/289 44/1/293 42/1/290
f 1418/1/295 63/1/242 1417/1/296
f 1418/1/295 64/1/241 48/1/23
f 1418/1/295 57/1/206 47/1/25
f 1418/1/295 58/1/205 1419/1/297
f 1419/1/297 61/1/233 57/1/206
f 1419/1/297 62/1/231 1420/1/298
f 1420/1/298 71/1/230 61/1/233
f 1420/1/298 72/1/228 1421/1/299
f 1421/1/299 75/1/284 71/1/230
f 1421/1/299 76/1/282 1422/1/300
f 1423/1/301 75/1/284 1422/1/300
f 1423/1/301 76/1/282 66/1/302
f 1423/1/301 73/1/36 65/1/303
f 1423/1/301 74/1/38 1424/1/304
f 1424/1/304 67/1/181 73/1/36
f 1424/1/304 68/1/182 1425/1/305
f 1425/1/305 63/1/242 67/1/181
f 1425/1/305 64/1/241 1417/1/296
f 1426/1/306 147/1/307 155/1/308
f 1426/1/306 1427/1/309 156/1/310
f 1427/1/309 155/1/308 175/1/311
f 1427/1/309 1428/1/312 176/1/313
f 1428/1/312 175/1/311 171/1/314
f 1428/1/312 1429/1/315 172/1/316
f 1430/1/317 1429/1/315 171/1/314
f 1430/1/317 170/1/318 172/1/316
f 1426/1/306 1430/1/317 169/1/319
f 1426/1/306 148/1/320 170/1/318
f 1431/1/321 49/1/45 15/1/54
f 1431/1/321 50/1/51 1432/1/322
f 1433/1/323 49/1/45 1432/1/322
f 1432/1/322 142/1/324 1433/1/323
f 1434/1/325 141/1/326 1433/1/323
f 1434/1/325 142/1/324 118/1/327
f 1434/1/325 15/1/54 117/1/328
f 1431/1/321 118/1/327 16/1/55
f 1436/1/329 17/1/330 1435/1/331
f 1436/1/329 18/1/332 24/1/128
f 1436/1/329 19/1/81 23/1/130
f 1437/1/333 24/1/128 20/1/80
f 1438/1/334 19/1/81 1437/1/333
f 1438/1/334 20/1/80 22/1/78
f 1435/1/331 21/1/75 1438/1/334
f 1438/1/334 18/1/332 1435/1/331
f 1439/1/335 75/1/284 65/1/303
f 1439/1/335 76/1/282 1440/1/336
f 1440/1/336 399/1/280 75/1/284
f 1441/1/337 76/1/282 400/1/286
f 1442/1/338 399/1/280 1441/1/337
f 1442/1/338 400/1/286 328/1/339
f 1439/1/335 327/1/340 1442/1/338
f 1442/1/338 66/1/302 1439/1/335
f 1444/1/341 1443/1/342 177/1/343
f 1444/1/341 160/1/344 178/1/345
f 1444/1/341 159/1/346 149/1/347
f 1444/1/341 1445/1/348 150/1/349
f 1445/1/348 149/1/347 173/1/350
f 1446/1/351 174/1/352 150/1/349
f 1446/1/351 173/1/350 177/1/343
f 1446/1/351 1443/1/342 178/1/345
f 1447/1/353 277/1/354 375/1/355
f 1447/1/353 1448/1/356 376/1/357
f 1448/1/356 375/1/355 373/1/358
f 1448/1/356 1449/1/359 374/1/360
f 1450/1/361 1449/1/359 373/1/358
f 1450/1/361 274/1/362 374/1/360
f 1450/1/361 273/1/363 277/1/354
f 1450/1/361 1447/1/353 278/1/364
f 1452/1/365 1451/1/366 149/1/347
f 1451/1/366 1452/1/365 154/1/367
f 1452/1/365 153/1/368 145/1/369
f 1453/1/370 146/1/371 154/1/367
f 1454/1/372 1453/1/370 145/1/369
f 1453/1/370 1454/1/372 148/1/320
f 1451/1/366 1454/1/372 147/1/307
f 1454/1/372 1451/1/366 150/1/349
f 1455/1/373 255/1/374 207/1/375
f 1456/1/376 208/1/377 256/1/378
f 1456/1/376 207/1/375 219/1/379
f 1457/1/380 220/1/381 208/1/377
f 1458/1/382 1457/1/380 219/1/379
f 1457/1/380 1458/1/382 268/1/383
f 1458/1/382 267/1/384 255/1/374
f 1458/1/382 1455/1/373 256/1/378
f 1459/1/385 7/1/20 1/1/386
f 1460/1/387 2/1/388 8/1/22
f 1461/1/389 7/1/20 1460/1/387
f 1461/1/389 8/1/22 4/1/29
f 1461/1/389 5/1/390 3/1/30
f 1461/1/389 6/1/391 1462/1/392
f 1462/1/392 1/1/386 5/1/390
f 1462/1/392 2/1/388 1459/1/385
f 1463/1/393 53/1/58 143/1/394
f 1464/1/395 144/1/396 54/1/60
f 1465/1/397 53/1/58 1464/1/395
f 1465/1/397 54/1/60 12/1/64
f 1466/1/398 11/1/62 1465/1/397
f 1465/1/397 120/1/399 1466/1/398
f 1466/1/398 143/1/394 119/1/400
f 1466/1/398 144/1/396 1463/1/393
f 1468/1/401 101/1/218 1467/1/402
f 1468/1/401 102/1/222 104/1/403
f 1469/1/404 103/1/405 1468/1/401
f 1469/1/404 104/1/403 18/1/332
f 1469/1/404 21/1/75 17/1/330
f 1470/1/406 18/1/332 22/1/78
f 1470/1/406 101/1/218 21/1/75
f 1470/1/406 102/1/222 1467/1/402
f 1472/1/407 117/1/328 1471/1/408
f 1471/1/408 120/1/399 1472/1/407
f 1472/1/407 11/1/62 119/1/400
f 1473/1/409 120/1/399 12/1/64
f 1474/1/410 11/1/62 1473/1/409
f 1474/1/410 12/1/64 16/1/55
f 1471/1/408 15/1/54 1474/1/410
f 1474/1/410 118/1/327 1471/1/408
f 1475/1/411 183/1/412 189/1/413
f 1476/1/414 190/1/415 184/1/416
f 1477/1/417 1476/1/414 189/1/413
f 1477/1/417 152/1/418 190/1/415
f 1478/1/419 1477/1/417 151/1/420
f 1478/1/419 146/1/371 152/1/418
f 1478/1/419 145/1/369 183/1/412
f 1478/1/419 1475/1/411 184/1/416
f 1480/1/421 133/1/264 1479/1/422
f 1480/1/421 134/1/265 54/1/60
f 1481/1/423 53/1/58 1480/1/421
f 1480/1/421 144/1/396 1481/1/423
f 1482/1/424 143/1/394 1481/1/423
f 1482/1/424 144/1/396 320/1/425
f 1482/1/424 133/1/264 319/1/426
f 1479/1/422 320/1/425 134/1/265
f 1483/1/427 163/1/428 175/1/311
f 1483/1/427 1484/1/429 176/1/313
f 1484/1/429 175/1/311 155/1/308
f 1485/1/430 156/1/310 176/1/313
f 1483/1/427 1485/1/430 155/1/308
f 1483/1/427 164/1/431 156/1/310
f 1486/1/432 175/1/311 163/1/428
f 1486/1/432 1487/1/433 164/1/431
f 1487/1/433 163/1/428 179/1/434
f 1487/1/433 1488/1/435 180/1/436
f 1486/1/432 1488/1/435 179/1/434
f 1486/1/432 176/1/313 180/1/436
f 1490/1/437 1489/1/438 147/1/307
f 1490/1/437 146/1/371 148/1/320
f 1490/1/437 145/1/369 151/1/420
f 1490/1/437 1491/1/439 152/1/418
f 1492/1/440 1491/1/439 151/1/420
f 1491/1/439 1492/1/440 156/1/310
f 1489/1/438 1492/1/440 155/1/308
f 1489/1/438 148/1/320 156/1/310
f 1494/1/441 1493/1/442 163/1/428
f 1494/1/441 166/1/443 164/1/431
f 1494/1/441 165/1/444 181/1/445
f 1494/1/441 1495/1/446 182/1/447
f 1496/1/448 1495/1/446 181/1/445
f 1496/1/448 180/1/436 182/1/447
f 1493/1/442 1496/1/448 179/1/434
f 1496/1/448 1493/1/442 164/1/431
f 1497/1/449 169/1/319 173/1/350
f 1497/1/449 1498/1/450 174/1/352
f 1499/1/451 1498/1/450 173/1/350
f 1499/1/451 150/1/349 174/1/352
f 1499/1/451 149/1/347 147/1/307
f 1499/1/451 1500/1/452 148/1/320
f 1497/1/449 1500/1/452 147/1/307
f 1500/1/452 1497/1/449 170/1/318
f 1502/1/453 1501/1/454 187/1/455
f 1502/1/453 186/1/456 188/1/457
f 1503/1/458 1502/1/453 185/1/459
f 1502/1/453 1503/1/458 154/1/367
f 1504/1/460 1503/1/458 153/1/368
f 1504/1/460 162/1/461 154/1/367
f 1504/1/460 161/1/462 187/1/455
f 1504/1/460 1501/1/454 188/1/457
f 1506/1/463 1505/1/464 189/1/413
f 1506/1/463 158/1/465 190/1/415
f 1506/1/463 157/1/466 151/1/420
f 1506/1/463 1507/1/467 152/1/418
f 1505/1/464 1507/1/467 151/1/420
f 1507/1/467 1505/1/464 190/1/415
f 1509/1/468 1508/1/469 157/1/466
f 1509/1/468 190/1/415 158/1/465
f 1509/1/468 189/1/413 191/1/470
f 1509/1/468 1510/1/471 192/1/472
f 1508/1/469 1510/1/471 191/1/470
f 1508/1/469 158/1/465 192/1/472
f 1511/1/473 157/1/466 191/1/470
f 1512/1/474 192/1/472 158/1/465
f 1512/1/474 191/1/470 193/1/475
f 1512/1/474 1513/1/476 194/1/477
f 1514/1/478 1513/1/476 193/1/475
f 1514/1/478 196/1/479 194/1/477
f 1515/1/480 1514/1/478 195/1/481
f 1515/1/480 168/1/482 196/1/479
f 1515/1/480 167/1/483 157/1/466
f 1515/1/480 1511/1/473 158/1/465
f 1517/1/484 1516/1/485 243/1/486
f 1516/1/485 1517/1/484 232/1/487
f 1518/1/488 1517/1/484 231/1/489
f 1517/1/484 1518/1/488 254/1/490
f 1519/1/491 1518/1/488 253/1/492
f 1519/1/491 258/1/493 254/1/490
f 1519/1/491 257/1/494 243/1/486
f 1516/1/485 244/1/495 258/1/493
f 1520/1/496 253/1/492 231/1/489
f 1521/1/497 232/1/487 254/1/490
f 1521/1/497 231/1/489 229/1/498
f 1521/1/497 1522/1/499 230/1/500
f 1523/1/501 1522/1/499 229/1/498
f 1522/1/499 1523/1/501 246/1/502
f 1523/1/501 245/1/503 253/1/492
f 1523/1/501 1520/1/496 254/1/490
f 1525/1/504 1524/1/505 339/1/89
f 1525/1/504 296/1/506 340/1/91
f 1525/1/504 295/1/507 293/1/508
f 1525/1/504 1526/1/509 294/1/510
f 1526/1/509 293/1/508 341/1/93
f 1526/1/509 1527/1/511 342/1/95
f 1527/1/511 341/1/93 339/1/89
f 1527/1/511 1524/1/505 340/1/91
f 1529/1/512 1528/1/513 237/1/514
f 1529/1/512 244/1/495 238/1/515
f 1529/1/512 243/1/486 241/1/516
f 1529/1/512 1530/1/517 242/1/518
f 1531/1/519 1530/1/517 241/1/516
f 1531/1/519 240/1/520 242/1/518
f 1531/1/519 239/1/521 237/1/514
f 1531/1/519 1528/1/513 238/1/515
f 1532/1/522 223/1/523 159/1/346
f 1533/1/524 160/1/344 224/1/525
f 1533/1/524 159/1/346 177/1/343
f 1533/1/524 1534/1/526 178/1/345
f 1535/1/527 1534/1/526 177/1/343
f 1534/1/526 1535/1/527 222/1/528
f 1532/1/522 1535/1/527 221/1/529
f 1535/1/527 1532/1/522 224/1/525
f 1536/1/530 135/1/267 131/1/171
f 1536/1/530 136/1/268 1537/1/531
f 1538/1/532 135/1/267 1537/1/531
f 1537/1/531 384/1/533 1538/1/532
f 1538/1/532 385/1/174 383/1/534
f 1539/1/535 384/1/533 386/1/172
f 1539/1/535 131/1/171 385/1/174
f 1536/1/530 386/1/172 132/1/169
f 1541/1/536 1540/1/537 185/1/459
f 1541/1/536 184/1/416 186/1/456
f 1541/1/536 183/1/412 145/1/369
f 1542/1/538 146/1/371 184/1/416
f 1543/1/539 1542/1/538 145/1/369
f 1543/1/539 154/1/367 146/1/371
f 1543/1/539 153/1/368 185/1/459
f 1543/1/539 1540/1/537 186/1/456
f 1544/1/540 233/1/541 235/1/542
f 1545/1/543 236/1/544 234/1/545
f 1545/1/543 235/1/542 187/1/455
f 1546/1/546 188/1/457 236/1/544
f 1547/1/547 1546/1/546 187/1/455
f 1547/1/547 162/1/461 188/1/457
f 1544/1/540 1547/1/547 161/1/462
f 1547/1/547 1544/1/540 234/1/545
f 1549/1/548 1548/1/549 379/1/119
f 1548/1/549 1549/1/548 370/1/117
f 1549/1/548 369/1/118 367/1/550
f 1550/1/551 368/1/552 370/1/117
f 1551/1/553 1550/1/551 367/1/550
f 1551/1/553 378/1/554 368/1/552
f 1548/1/549 1551/1/553 377/1/555
f 1551/1/553 1548/1/549 380/1/121
f 1553/1/556 1552/1/557 201/1/558
f 1553/1/556 208/1/377 202/1/559
f 1553/1/556 207/1/375 205/1/560
f 1553/1/556 1554/1/561 206/1/562
f 1555/1/563 1554/1/561 205/1/560
f 1555/1/563 204/1/564 206/1/562
f 1555/1/563 203/1/565 201/1/558
f 1555/1/563 1552/1/557 202/1/559
f 1556/1/566 381/1/113 379/1/119
f 1556/1/566 1557/1/567 380/1/121
f 1558/1/568 1557/1/567 379/1/119
f 1558/1/568 290/1/569 380/1/121
f 1558/1/568 289/1/570 287/1/571
f 1558/1/568 1559/1/572 288/1/573
f 1556/1/566 1559/1/572 287/1/571
f 1559/1/572 1556/1/566 382/1/122
f 1561/1/574 45/1/24 1560/1/575
f 1560/1/575 140/1/576 1561/1/574
f 1562/1/577 139/1/578 1561/1/574
f 1562/1/577 140/1/576 116/1/579
f 1562/1/577 3/1/30 115/1/580
f 1563/1/581 116/1/579 4/1/29
f 1563/1/581 45/1/24 3/1/30
f 1563/1/581 46/1/26 1560/1/575
f 1564/1/582 219/1/379 213/1/583
f 1564/1/582 1565/1/584 214/1/585
f 1566/1/586 1565/1/584 213/1/583
f 1566/1/586 216/1/587 214/1/585
f 1566/1/586 215/1/588 217/1/589
f 1566/1/586 1567/1/590 218/1/591
f 1564/1/582 1567/1/590 217/1/589
f 1564/1/582 220/1/381 218/1/591
f 1569/1/592 1568/1/593 249/1/594
f 1569/1/592 262/1/595 250/1/596
f 1570/1/597 1569/1/592 261/1/598
f 1569/1/592 1570/1/597 258/1/493
f 1570/1/597 257/1/494 253/1/492
f 1571/1/599 254/1/490 258/1/493
f 1571/1/599 253/1/492 249/1/594
f 1568/1/593 250/1/596 254/1/490
f 1573/1/600 1572/1/601 209/1/602
f 1572/1/601 1573/1/600 214/1/585
f 1574/1/603 1573/1/600 213/1/583
f 1573/1/600 1574/1/603 202/1/559
f 1574/1/603 201/1/558 197/1/604
f 1575/1/605 198/1/606 202/1/559
f 1575/1/605 197/1/604 209/1/602
f 1575/1/605 1572/1/601 210/1/607
f 1576/1/608 309/1/609 311/1/610
f 1576/1/608 1577/1/611 312/1/612
f 1578/1/613 1577/1/611 311/1/610
f 1578/1/613 314/1/614 312/1/612
f 1578/1/613 313/1/615 293/1/508
f 1578/1/613 1579/1/616 294/1/510
f 1579/1/616 293/1/508 295/1/507
f 1579/1/616 1580/1/617 296/1/506
f 1581/1/618 1580/1/617 295/1/507
f 1581/1/618 298/1/619 296/1/506
f 1582/1/620 1581/1/618 297/1/621
f 1582/1/620 194/1/477 298/1/619
f 1582/1/620 193/1/475 191/1/470
f 1582/1/620 1583/1/622 192/1/472
f 1583/1/622 191/1/470 189/1/413
f 1584/1/623 190/1/415 192/1/472
f 1584/1/623 189/1/413 183/1/412
f 1585/1/624 184/1/416 190/1/415
f 1586/1/625 1585/1/624 183/1/412
f 1585/1/624 1586/1/625 186/1/456
f 1587/1/626 1586/1/625 185/1/459
f 1587/1/626 188/1/457 186/1/456
f 1587/1/626 187/1/455 235/1/542
f 1587/1/626 1588/1/627 236/1/544
f 1588/1/627 235/1/542 239/1/521
f 1588/1/627 1589/1/628 240/1/520
f 1590/1/629 1589/1/628 239/1/521
f 1590/1/629 242/1/518 240/1/520
f 1590/1/629 241/1/516 259/1/630
f 1590/1/629 1591/1/631 260/1/632
f 1592/1/633 1591/1/631 259/1/630
f 1592/1/633 264/1/634 260/1/632
f 1592/1/633 263/1/635 265/1/636
f 1592/1/633 1593/1/637 266/1/638
f 1594/1/639 1593/1/637 265/1/636
f 1594/1/639 218/1/591 266/1/638
f 1594/1/639 217/1/589 303/1/640
f 1594/1/639 1595/1/641 304/1/642
f 1595/1/641 303/1/640 305/1/643
f 1595/1/641 1596/1/644 306/1/645
f 1597/1/646 1596/1/644 305/1/643
f 1597/1/646 308/1/647 306/1/645
f 1597/1/646 307/1/648 309/1/609
f 1597/1/646 1576/1/608 310/1/649
f 1599/1/650 1598/1/651 225/1/652
f 1599/1/650 238/1/515 226/1/653
f 1599/1/650 237/1/514 233/1/541
f 1600/1/654 234/1/545 238/1/515
f 1601/1/655 1600/1/654 233/1/541
f 1601/1/655 224/1/525 234/1/545
f 1598/1/651 1601/1/655 223/1/523
f 1601/1/655 1598/1/651 226/1/653
f 1603/1/656 1602/1/657 249/1/594
f 1602/1/657 1603/1/656 256/1/378
f 1604/1/658 1603/1/656 255/1/374
f 1603/1/656 1604/1/658 268/1/383
f 1604/1/658 267/1/384 261/1/598
f 1605/1/659 262/1/595 268/1/383
f 1602/1/657 1605/1/659 261/1/598
f 1605/1/659 1602/1/657 250/1/596
f 1606/1/660 255/1/374 249/1/594
f 1607/1/661 250/1/596 256/1/378
f 1607/1/661 249/1/594 247/1/662
f 1607/1/661 1608/1/663 248/1/664
f 1609/1/665 1608/1/663 247/1/662
f 1609/1/665 252/1/666 248/1/664
f 1609/1/665 251/1/667 255/1/374
f 1609/1/665 1606/1/660 256/1/378
f 1611/1/668 1610/1/669 229/1/498
f 1611/1/668 232/1/487 230/1/500
f 1611/1/668 231/1/489 225/1/652
f 1611/1/668 1612/1/670 226/1/653
f 1613/1/671 1612/1/670 225/1/652
f 1613/1/671 228/1/672 226/1/653
f 1613/1/671 227/1/673 229/1/498
f 1613/1/671 1610/1/669 230/1/500
f 1614/1/674 267/1/384 219/1/379
f 1615/1/675 220/1/381 268/1/383
f 1615/1/675 219/1/379 217/1/589
f 1615/1/675 1616/1/676 218/1/591
f 1617/1/677 1616/1/676 217/1/589
f 1616/1/676 1617/1/677 266/1/638
f 1617/1/677 265/1/636 267/1/384
f 1617/1/677 1614/1/674 268/1/383
f 1618/1/678 353/1/96 355/1/679
f 1619/1/680 356/1/681 354/1/98
f 1619/1/680 355/1/679 279/1/682
f 1620/1/683 280/1/684 356/1/681
f 1621/1/685 1620/1/683 279/1/682
f 1620/1/683 1621/1/685 276/1/686
f 1621/1/685 275/1/687 353/1/96
f 1621/1/685 1618/1/678 354/1/98
f 1623/1/688 1622/1/689 357/1/690
f 1623/1/688 360/1/691 358/1/692
f 1623/1/688 359/1/693 283/1/694
f 1624/1/695 284/1/696 360/1/691
f 1625/1/697 1624/1/695 283/1/694
f 1625/1/697 282/1/698 284/1/696
f 1625/1/697 281/1/699 357/1/690
f 1625/1/697 1622/1/689 358/1/692
f 1627/1/700 1626/1/701 249/1/594
f 1626/1/701 1627/1/700 254/1/490
f 1628/1/702 1627/1/700 253/1/492
f 1628/1/702 246/1/502 254/1/490
f 1628/1/702 245/1/503 247/1/662
f 1628/1/702 1629/1/703 248/1/664
f 1626/1/701 1629/1/703 247/1/662
f 1626/1/701 250/1/596 248/1/664
f 1630/1/704 261/1/598 263/1/635
f 1630/1/704 1631/1/705 264/1/634
f 1632/1/706 1631/1/705 263/1/635
f 1632/1/706 260/1/632 264/1/634
f 1632/1/706 259/1/630 257/1/494
f 1632/1/706 1633/1/707 258/1/493
f 1633/1/707 257/1/494 261/1/598
f 1630/1/704 262/1/595 258/1/493
f 1635/1/708 1634/1/709 369/1/118
f 1635/1/708 372/1/114 370/1/117
f 1635/1/708 371/1/116 305/1/643
f 1636/1/710 306/1/645 372/1/114
f 1637/1/711 1636/1/710 305/1/643
f 1637/1/711 304/1/642 306/1/645
f 1637/1/711 303/1/640 369/1/118
f 1637/1/711 1634/1/709 370/1/117
f 1638/1/712 153/1/368 149/1/347
f 1638/1/712 1639/1/713 150/1/349
f 1639/1/713 149/1/347 159/1/346
f 1640/1/714 160/1/344 150/1/349
f 1640/1/714 159/1/346 161/1/462
f 1641/1/715 162/1/461 160/1/344
f 1638/1/712 1641/1/715 161/1/462
f 1641/1/715 1638/1/712 154/1/367
f 1643/1/716 1642/1/717 171/1/314
f 1643/1/716 176/1/313 172/1/316
f 1643/1/716 175/1/311 273/1/363
f 1643/1/716 1644/1/718 274/1/362
f 1645/1/719 1644/1/718 273/1/363
f 1645/1/719 272/1/720 274/1/362
f 1642/1/717 1645/1/719 271/1/721
f 1645/1/719 1642/1/717 172/1/316
f 1647/1/722 31/1/197 1646/1/723
f 1646/1/723 40/1/137 1647/1/722
f 1647/1/722 37/1/186 39/1/136
f 1647/1/722 38/1/188 1648/1/724
f 1648/1/724 33/1/161 37/1/186
f 1649/1/725 38/1/188 34/1/164
f 1649/1/725 31/1/197 33/1/161
f 1646/1/723 34/1/164 32/1/195
f 1651/1/726 1650/1/727 165/1/444
f 1650/1/727 1651/1/726 164/1/431
f 1652/1/728 1651/1/726 163/1/428
f 1651/1/726 1652/1/728 158/1/465
f 1652/1/728 157/1/466 167/1/483
f 1653/1/729 168/1/482 158/1/465
f 1650/1/727 1653/1/729 167/1/483
f 1653/1/729 1650/1/727 166/1/443
f 1654/1/730 93/1/151 131/1/171
f 1654/1/730 94/1/152 1655/1/731
f 1655/1/731 87/1/148 93/1/151
f 1655/1/731 88/1/149 1656/1/732
f 1657/1/733 87/1/148 1656/1/732
f 1657/1/733 88/1/149 136/1/268
f 1657/1/733 131/1/171 135/1/267
f 1657/1/733 132/1/169 1654/1/730
f 1658/1/734 213/1/583 219/1/379
f 1659/1/735 220/1/381 214/1/585
f 1660/1/736 1659/1/735 219/1/379
f 1659/1/735 1660/1/736 208/1/377
f 1661/1/737 1660/1/736 207/1/375
f 1660/1/736 1661/1/737 202/1/559
f 1658/1/734 1661/1/737 201/1/558
f 1661/1/737 1658/1/734 214/1/585
f 1662/1/738 171/1/314 271/1/721
f 1663/1/739 272/1/720 172/1/316
f 1663/1/739 271/1/721 269/1/740
f 1663/1/739 1664/1/741 270/1/742
f 1665/1/743 1664/1/741 269/1/740
f 1665/1/743 276/1/686 270/1/742
f 1666/1/744 1665/1/743 275/1/687
f 1666/1/744 280/1/684 276/1/686
f 1666/1/744 279/1/682 281/1/699
f 1666/1/744 1667/1/745 282/1/698
f 1668/1/746 1667/1/745 281/1/699
f 1668/1/746 284/1/696 282/1/698
f 1669/1/747 1668/1/746 283/1/694
f 1669/1/747 286/1/748 284/1/696
f 1669/1/747 285/1/749 287/1/571
f 1669/1/747 1670/1/750 288/1/573
f 1670/1/750 287/1/571 289/1/570
f 1670/1/750 1671/1/751 290/1/569
f 1672/1/752 1671/1/751 289/1/570
f 1672/1/752 292/1/753 290/1/569
f 1672/1/752 291/1/754 277/1/354
f 1672/1/752 1673/1/755 278/1/364
f 1674/1/756 1673/1/755 277/1/354
f 1674/1/756 274/1/362 278/1/364
f 1675/1/757 1674/1/756 273/1/363
f 1675/1/757 176/1/313 274/1/362
f 1675/1/757 175/1/311 179/1/434
f 1675/1/757 1676/1/758 180/1/436
f 1677/1/759 1676/1/758 179/1/434
f 1677/1/759 182/1/447 180/1/436
f 1677/1/759 181/1/445 199/1/760
f 1677/1/759 1678/1/761 200/1/762
f 1678/1/761 199/1/760 203/1/565
f 1678/1/761 1679/1/763 204/1/564
f 1680/1/764 1679/1/763 203/1/565
f 1680/1/764 206/1/562 204/1/564
f 1680/1/764 205/1/560 251/1/667
f 1680/1/764 1681/1/765 252/1/666
f 1682/1/766 1681/1/765 251/1/667
f 1682/1/766 248/1/664 252/1/666
f 1682/1/766 247/1/662 245/1/503
f 1682/1/766 1683/1/767 246/1/502
f 1684/1/768 1683/1/767 245/1/503
f 1684/1/768 230/1/500 246/1/502
f 1684/1/768 229/1/498 227/1/673
f 1684/1/768 1685/1/769 228/1/672
f 1686/1/770 1685/1/769 227/1/673
f 1686/1/770 222/1/528 228/1/672
f 1687/1/771 1686/1/770 221/1/529
f 1687/1/771 178/1/345 222/1/528
f 1687/1/771 177/1/343 173/1/350
f 1687/1/771 1688/1/772 174/1/352
f 1688/1/772 173/1/350 169/1/319
f 1689/1/773 170/1/318 174/1/352
f 1662/1/738 1689/1/773 169/1/319
f 1662/1/738 172/1/316 170/1/318
f 1691/1/774 1690/1/775 157/1/466
f 1690/1/775 1691/1/774 164/1/431
f 1691/1/774 163/1/428 155/1/308
f 1692/1/776 156/1/310 164/1/431
f 1692/1/776 155/1/308 151/1/420
f 1693/1/777 152/1/418 156/1/310
f 1690/1/775 1693/1/777 151/1/420
f 1693/1/777 1690/1/775 158/1/465
f 1695/1/778 129/1/166 1694/1/779
f 1694/1/779 316/1/175 1695/1/778
f 1695/1/778 141/1/326 315/1/176
f 1695/1/778 142/1/324 1696/1/780
f 1696/1/780 49/1/45 141/1/326
f 1697/1/781 142/1/324 50/1/51
f 1697/1/781 129/1/166 49/1/45
f 1697/1/781 130/1/168 1694/1/779
f 1698/1/782 233/1/541 161/1/462
f 1699/1/783 162/1/461 234/1/545
f 1700/1/784 1699/1/783 161/1/462
f 1700/1/784 160/1/344 162/1/461
f 1701/1/785 1700/1/784 159/1/346
f 1700/1/784 1701/1/785 224/1/525
f 1698/1/782 1701/1/785 223/1/523
f 1698/1/782 234/1/545 224/1/525
f 1703/1/786 1702/1/787 211/1/788
f 1703/1/786 196/1/479 212/1/789
f 1703/1/786 195/1/481 193/1/475
f 1703/1/786 1704/1/790 194/1/477
f 1705/1/791 1704/1/790 193/1/475
f 1705/1/791 298/1/619 194/1/477
f 1705/1/791 297/1/621 299/1/792
f 1705/1/791 1706/1/793 300/1/794
f 1707/1/795 1706/1/793 299/1/792
f 1707/1/795 302/1/796 300/1/794
f 1708/1/797 1707/1/795 301/1/798
f 1708/1/797 304/1/642 302/1/796
f 1709/1/799 1708/1/797 303/1/640
f 1709/1/799 218/1/591 304/1/642
f 1709/1/799 217/1/589 215/1/588
f 1709/1/799 1710/1/800 216/1/587
f 1702/1/787 1710/1/800 215/1/588
f 1702/1/787 212/1/789 216/1/587
f 1712/1/801 121/1/32 1711/1/802
f 1712/1/801 122/1/34 42/1/290
f 1713/1/803 41/1/288 1712/1/801
f 1712/1/801 138/1/804 1713/1/803
f 1714/1/805 137/1/806 1713/1/803
f 1714/1/805 138/1/804 318/1/807
f 1714/1/805 121/1/32 317/1/808
f 1711/1/802 318/1/807 122/1/34
f 1716/1/809 5/1/390 1715/1/810
f 1715/1/810 114/1/811 1716/1/809
f 1716/1/809 137/1/806 113/1/812
f 1716/1/809 138/1/804 1717/1/813
f 1717/1/813 41/1/288 137/1/806
f 1718/1/814 138/1/804 42/1/290
f 1715/1/810 41/1/288 1718/1/814
f 1715/1/810 42/1/290 6/1/391
f 1720/1/815 125/1/238 1719/1/816
f 1719/1/816 322/1/817 1720/1/815
f 1720/1/815 139/1/578 321/1/818
f 1720/1/815 140/1/576 1721/1/819
f 1721/1/819 45/1/24 139/1/578
f 1722/1/820 140/1/576 46/1/26
f 1722/1/820 125/1/238 45/1/24
f 1722/1/820 126/1/240 1719/1/816
f 1724/1/821 3/1/30 1723/1/822
f 1723/1/822 116/1/579 1724/1/821
f 1725/1/823 115/1/580 1724/1/821
f 1725/1/823 116/1/579 114/1/811
f 1725/1/823 5/1/390 113/1/812
f 1726/1/824 114/1/811 6/1/391
f 1723/1/822 5/1/390 1726/1/824
f 1723/1/822 6/1/391 4/1/29
f 1728/1/825 1727/1/826 299/1/792
f 1728/1/825 298/1/619 300/1/794
f 1728/1/825 297/1/621 363/1/827
f 1728/1/825 1729/1/828 364/1/829
f 1730/1/830 1729/1/828 363/1/827
f 1730/1/830 366/1/831 364/1/829
f 1727/1/826 1730/1/830 365/1/832
f 1727/1/826 300/1/794 366/1/831
f 1732/1/833 101/1/218 1731/1/834
f 1731/1/834 60/1/221 1732/1/833
f 1733/1/835 59/1/219 1732/1/833
f 1733/1/835 60/1/221 66/1/302
f 1733/1/835 327/1/340 65/1/303
f 1733/1/835 328/1/339 1734/1/836
f 1735/1/837 327/1/340 1734/1/836
f 1735/1/837 328/1/339 330/1/838
f 1736/1/839 329/1/840 1735/1/837
f 1736/1/839 330/1/838 104/1/403
f 1736/1/839 101/1/218 103/1/405
f 1736/1/839 102/1/222 1731/1/834
f 1737/1/841 231/1/489 243/1/486
f 1738/1/842 244/1/495 232/1/487
f 1739/1/843 1738/1/842 243/1/486
f 1738/1/842 1739/1/843 238/1/515
f 1739/1/843 237/1/514 225/1/652
f 1740/1/844 226/1/653 238/1/515
f 1740/1/844 225/1/652 231/1/489
f 1737/1/841 232/1/487 226/1/653
f 1742/1/845 393/1/846 1741/1/847
f 1741/1/847 392/1/107 1742/1/845
f 1743/1/848 391/1/105 1742/1/845
f 1742/1/845 396/1/104 1743/1/848
f 1743/1/848 397/1/849 395/1/100
f 1744/1/850 396/1/104 398/1/851
f 1744/1/850 393/1/846 397/1/849
f 1744/1/850 394/1/852 1741/1/847
f 1745/1/853 337/1/854 99/1/129
f 1745/1/853 338/1/855 1746/1/856
f 1746/1/856 335/1/232 337/1/854
f 1746/1/856 336/1/235 1747/1/857
f 1748/1/858 335/1/232 1747/1/857
f 1748/1/858 336/1/235 62/1/231
f 1748/1/858 57/1/206 61/1/233
f 1749/1/859 62/1/231 58/1/205
f 1749/1/859 97/1/124 57/1/206
f 1750/1/860 58/1/205 98/1/126
f 1745/1/853 97/1/124 1750/1/860
f 1745/1/853 98/1/126 100/1/131
f 1752/1/861 1751/1/862 203/1/565
f 1752/1/861 200/1/762 204/1/564
f 1752/1/861 199/1/760 197/1/604
f 1752/1/861 1753/1/863 198/1/606
f 1754/1/864 1753/1/863 197/1/604
f 1754/1/864 202/1/559 198/1/606
f 1751/1/862 1754/1/864 201/1/558
f 1751/1/862 204/1/564 202/1/559
f 1756/1/865 1755/1/866 351/1/88
f 1756/1/865 354/1/98 352/1/92
f 1757/1/867 1756/1/865 353/1/96
f 1757/1/867 276/1/686 354/1/98
f 1758/1/868 1757/1/867 275/1/687
f 1758/1/868 270/1/742 276/1/686
f 1758/1/868 269/1/740 351/1/88
f 1758/1/868 1755/1/866 352/1/92
f 1760/1/869 109/1/192 1759/1/870
f 1759/1/870 80/1/140 1760/1/869
f 1760/1/869 39/1/136 79/1/142
f 1761/1/871 80/1/140 40/1/137
f 1761/1/871 31/1/197 39/1/136
f 1762/1/872 40/1/137 32/1/195
f 1762/1/872 109/1/192 31/1/197
f 1762/1/872 110/1/194 1759/1/870
f 1764/1/873 1763/1/874 357/1/690
f 1764/1/873 282/1/698 358/1/692
f 1764/1/873 281/1/699 279/1/682
f 1764/1/873 1765/1/875 280/1/684
f 1766/1/876 1765/1/875 279/1/682
f 1765/1/875 1766/1/876 356/1/681
f 1763/1/874 1766/1/876 355/1/679
f 1766/1/876 1763/1/874 358/1/692
f 1768/1/877 1767/1/878 181/1/445
f 1768/1/877 166/1/443 182/1/447
f 1769/1/879 1768/1/877 165/1/444
f 1768/1/877 1769/1/879 198/1/606
f 1769/1/879 197/1/604 199/1/760
f 1770/1/880 200/1/762 198/1/606
f 1770/1/880 199/1/760 181/1/445
f 1767/1/878 182/1/447 200/1/762
f 1771/1/881 371/1/116 349/1/213
f 1772/1/882 350/1/215 372/1/114
f 1772/1/882 349/1/213 307/1/648
f 1772/1/882 1773/1/883 308/1/647
f 1774/1/884 1773/1/883 307/1/648
f 1774/1/884 306/1/645 308/1/647
f 1774/1/884 305/1/643 371/1/116
f 1774/1/884 1771/1/881 372/1/114
f 1775/1/885 325/1/886 111/1/199
f 1775/1/885 326/1/887 1776/1/888
f 1776/1/888 323/1/889 325/1/886
f 1776/1/888 324/1/890 1777/1/891
f 1778/1/892 323/1/889 1777/1/891
f 1778/1/892 324/1/890 86/1/143
f 1778/1/892 79/1/142 85/1/144
f 1778/1/892 80/1/140 1779/1/893
f 1779/1/893 109/1/192 79/1/142
f 1780/1/894 80/1/140 110/1/194
f 1775/1/885 109/1/192 1780/1/894
f 1775/1/885 110/1/194 112/1/201
f 1781/1/895 365/1/832 367/1/550
f 1782/1/896 368/1/552 366/1/831
f 1782/1/896 367/1/550 301/1/798
f 1783/1/897 302/1/796 368/1/552
f 1784/1/898 1783/1/897 301/1/798
f 1783/1/897 1784/1/898 300/1/794
f 1784/1/898 299/1/792 365/1/832
f 1784/1/898 1781/1/895 366/1/831
f 1786/1/899 1785/1/900 307/1/648
f 1786/1/899 350/1/215 308/1/647
f 1787/1/901 1786/1/899 349/1/213
f 1786/1/899 1787/1/901 348/1/902
f 1788/1/903 1787/1/901 347/1/904
f 1788/1/903 310/1/649 348/1/902
f 1788/1/903 309/1/609 307/1/648
f 1788/1/903 1785/1/900 308/1/647
f 1790/1/905 1789/1/906 195/1/481
f 1789/1/906 1790/1/905 212/1/789
f 1791/1/907 1790/1/905 211/1/788
f 1790/1/905 1791/1/907 210/1/607
f 1791/1/907 209/1/602 167/1/483
f 1792/1/908 168/1/482 210/1/607
f 1792/1/908 167/1/483 195/1/481
f 1792/1/908 1789/1/906 196/1/479
f 1794/1/909 1793/1/910 261/1/598
f 1793/1/910 1794/1/909 268/1/383
f 1795/1/911 1794/1/909 267/1/384
f 1795/1/911 266/1/638 268/1/383
f 1795/1/911 265/1/636 263/1/635
f 1795/1/911 1796/1/912 264/1/634
f 1793/1/910 1796/1/912 263/1/635
f 1793/1/910 262/1/595 264/1/634
f 1798/1/913 1797/1/914 291/1/754
f 1797/1/914 1798/1/913 378/1/554
f 1799/1/915 1798/1/913 377/1/555
f 1798/1/913 1799/1/915 376/1/357
f 1800/1/916 1799/1/915 375/1/355
f 1800/1/916 278/1/364 376/1/357
f 1800/1/916 277/1/354 291/1/754
f 1797/1/914 292/1/753 278/1/364
f 1802/1/917 1801/1/918 291/1/754
f 1802/1/917 290/1/569 292/1/753
f 1802/1/917 289/1/570 379/1/119
f 1802/1/917 1803/1/919 380/1/121
f 1803/1/919 379/1/119 377/1/555
f 1804/1/920 378/1/554 380/1/121
f 1804/1/920 377/1/555 291/1/754
f 1801/1/918 292/1/753 378/1/554
f 1806/1/921 1805/1/922 257/1/494
f 1806/1/921 260/1/632 258/1/493
f 1806/1/921 259/1/630 241/1/516
f 1807/1/923 242/1/518 260/1/632
f 1808/1/924 1807/1/923 241/1/516
f 1808/1/924 244/1/495 242/1/518
f 1805/1/922 1808/1/924 243/1/486
f 1808/1/924 1805/1/922 258/1/493
f 1810/1/925 1809/1/926 361/1/210
f 1809/1/926 1810/1/925 382/1/122
f 1811/1/927 1810/1/925 381/1/113
f 1811/1/927 288/1/573 382/1/122
f 1811/1/927 287/1/571 285/1/749
f 1811/1/927 1812/1/928 286/1/748
f 1809/1/926 1812/1/928 285/1/749
f 1809/1/926 362/1/212 286/1/748
f 1813/1/929 165/1/444 167/1/483
f 1814/1/930 168/1/482 166/1/443
f 1815/1/931 1814/1/930 167/1/483
f 1814/1/930 1815/1/931 210/1/607
f 1816/1/932 1815/1/931 209/1/602
f 1816/1/932 198/1/606 210/1/607
f 1816/1/932 197/1/604 165/1/444
f 1813/1/929 166/1/443 198/1/606
f 1818/1/933 1817/1/934 313/1/615
f 1817/1/934 1818/1/933 344/1/935
f 1819/1/936 1818/1/933 343/1/937
f 1818/1/933 1819/1/936 342/1/95
f 1820/1/938 1819/1/936 341/1/93
f 1820/1/938 294/1/510 342/1/95
f 1820/1/938 293/1/508 313/1/615
f 1817/1/934 314/1/614 294/1/510
f 1822/1/939 1821/1/940 313/1/615
f 1822/1/939 312/1/612 314/1/614
f 1822/1/939 311/1/610 345/1/941
f 1822/1/939 1823/1/942 346/1/943
f 1823/1/942 345/1/941 343/1/937
f 1824/1/944 344/1/935 346/1/943
f 1824/1/944 343/1/937 313/1/615
f 1821/1/940 314/1/614 344/1/935
f 1826/1/945 1825/1/946 207/1/375
f 1825/1/946 1826/1/945 256/1/378
f 1827/1/947 1826/1/945 255/1/374
f 1827/1/947 252/1/666 256/1/378
f 1827/1/947 251/1/667 205/1/560
f 1828/1/948 206/1/562 252/1/666
f 1825/1/946 1828/1/948 205/1/560
f 1825/1/946 208/1/377 206/1/562
f 1829/1/949 359/1/693 361/1/210
f 1830/1/950 362/1/212 360/1/691
f 1830/1/950 361/1/210 285/1/749
f 1830/1/950 1831/1/951 286/1/748
f 1832/1/952 1831/1/951 285/1/749
f 1832/1/952 284/1/696 286/1/748
f 1832/1/952 283/1/694 359/1/693
f 1832/1/952 1829/1/949 360/1/691
f 1834/1/953 127/1/178 1833/1/954
f 1833/1/954 388/1/955 1834/1/953
f 1835/1/956 387/1/957 1834/1/953
f 1835/1/956 388/1/955 322/1/817
f 1835/1/956 125/1/238 321/1/818
f 1836/1/958 322/1/817 126/1/240
f 1833/1/954 125/1/238 1836/1/958
f 1833/1/954 126/1/240 128/1/180
f 1838/1/959 121/1/32 1837/1/960
f 1837/1/960 318/1/807 1838/1/959
f 1838/1/959 389/1/961 317/1/808
f 1838/1/959 390/1/962 1839/1/963
f 1839/1/963 123/1/37 389/1/961
f 1840/1/964 390/1/962 124/1/35
f 1840/1/964 121/1/32 123/1/37
f 1840/1/964 122/1/34 1837/1/960
f 1841/1/965 221/1/529 227/1/673
f 1841/1/965 1842/1/966 228/1/672
f 1842/1/966 227/1/673 225/1/652
f 1842/1/966 1843/1/967 226/1/653
f 1843/1/967 225/1/652 223/1/523
f 1843/1/967 1844/1/968 224/1/525
f 1841/1/965 1844/1/968 223/1/523
f 1841/1/965 222/1/528 224/1/525
f 1845/1/969 47/1/25 57/1/206
f 1846/1/970 58/1/205 48/1/23
f 1846/1/970 7/1/20 47/1/25
f 1847/1/971 48/1/23 8/1/22
f 1848/1/972 7/1/20 1847/1/971
f 1847/1/971 2/1/388 1848/1/972
f 1848/1/972 43/1/294 1/1/386
f 1848/1/972 44/1/293 1849/1/973
f 1850/1/974 43/1/294 1849/1/973
f 1849/1/973 70/1/41 1850/1/974
f 1851/1/975 69/1/42 1850/1/974
f 1851/1/975 70/1/41 74/1/38
f 1851/1/975 65/1/303 73/1/36
f 1851/1/975 66/1/302 1852/1/976
f 1852/1/976 59/1/219 65/1/303
f 1852/1/976 60/1/221 1853/1/977
f 1853/1/977 27/1/76 59/1/219
f 1853/1/977 28/1/74 1854/1/978
f 1854/1/978 25/1/72 27/1/76
f 1855/1/979 28/1/74 26/1/82
f 1845/1/969 25/1/72 1855/1/979
f 1845/1/969 26/1/82 58/1/205
f 1857/1/980 1856/1/981 343/1/937
f 1857/1/980 356/1/681 344/1/935
f 1858/1/982 1857/1/980 355/1/679
f 1857/1/980 1858/1/982 354/1/98
f 1859/1/983 1858/1/982 353/1/96
f 1858/1/982 1859/1/983 342/1/95
f 1859/1/983 341/1/93 343/1/937
f 1856/1/981 344/1/935 342/1/95
f 1860/1/984 349/1/213 361/1/210
f 1861/1/985 362/1/212 350/1/215
f 1862/1/986 1861/1/985 361/1/210
f 1861/1/985 1862/1/986 360/1/691
f 1862/1/986 359/1/693 347/1/904
f 1863/1/987 348/1/902 360/1/691
f 1863/1/987 347/1/904 349/1/213
f 1860/1/984 350/1/215 348/1/902
f 1864/1/988 127/1/178 387/1/957
f 1865/1/989 388/1/955 128/1/180
f 1865/1/989 123/1/37 127/1/178
f 1865/1/989 124/1/35 1866/1/990
f 1867/1/991 123/1/37 1866/1/990
f 1866/1/990 390/1/962 1867/1/991
f 1864/1/988 389/1/961 1867/1/991
f 1864/1/988 390/1/962 388/1/955
f 1869/1/992 1868/1/993 369/1/118
f 1869/1/992 304/1/642 370/1/117
f 1869/1/992 303/1/640 301/1/798
f 1869/1/992 1870/1/994 302/1/796
f 1871/1/995 1870/1/994 301/1/798
f 1870/1/994 1871/1/995 368/1/552
f 1868/1/993 1871/1/995 367/1/550
f 1871/1/995 1868/1/993 370/1/117
f 1872/1/996 135/1/267 383/1/534
f 1873/1/997 384/1/533 136/1/268
f 1873/1/997 133/1/264 135/1/267
f 1873/1/997 134/1/265 1874/1/998
f 1875/1/999 133/1/264 1874/1/998
f 1874/1/998 320/1/425 1875/1/999
f 1875/1/999 383/1/534 319/1/426
f 1875/1/999 384/1/533 1872/1/996
f 1876/1/1000 347/1/904 359/1/693
f 1877/1/1001 360/1/691 348/1/902
f 1878/1/1002 1877/1/1001 359/1/693
f 1877/1/1001 1878/1/1002 358/1/692
f 1879/1/1003 1878/1/1002 357/1/690
f 1878/1/1002 1879/1/1003 346/1/943
f 1879/1/1003 345/1/941 347/1/904
f 1876/1/1000 348/1/902 346/1/943
f 1881/1/1004 1880/1/1005 377/1/555
f 1880/1/1005 1881/1/1004 368/1/552
f 1882/1/1006 1881/1/1004 367/1/550
f 1881/1/1004 1882/1/1006 366/1/831
f 1883/1/1007 1882/1/1006 365/1/832
f 1882/1/1006 1883/1/1007 376/1/357
f 1883/1/1007 375/1/355 377/1/555
f 1880/1/1005 378/1/554 376/1/357
f 1884/1/1008 345/1/941 357/1/690
f 1885/1/1009 358/1/692 346/1/943
f 1885/1/1009 357/1/690 355/1/679
f 1886/1/1010 356/1/681 358/1/692
f 1887/1/1011 1886/1/1010 355/1/679
f 1886/1/1010 1887/1/1011 344/1/935
f 1884/1/1008 1887/1/1011 343/1/937
f 1887/1/1011 1884/1/1008 346/1/943
f 1888/1/1012 211/1/788 215/1/588
f 1888/1/1012 1889/1/1013 216/1/587
f 1889/1/1013 215/1/588 213/1/583
f 1889/1/1013 1890/1/1014 214/1/585
f 1890/1/1014 213/1/583 209/1/602
f 1890/1/1014 1891/1/1015 210/1/607
f 1888/1/1012 1891/1/1015 209/1/602
f 1888/1/1012 212/1/789 210/1/607
f 1893/1/1016 1892/1/1017 365/1/832
f 1892/1/1017 1893/1/1016 364/1/829
f 1894/1/1018 1893/1/1016 363/1/827
f 1893/1/1016 1894/1/1018 374/1/360
f 1894/1/1018 373/1/358 375/1/355
f 1895/1/1019 376/1/357 374/1/360
f 1895/1/1019 375/1/355 365/1/832
f 1892/1/1017 366/1/831 376/1/357
f 1896/1/1020 339/1/89 363/1/827
f 1897/1/1021 364/1/829 340/1/91
f 1898/1/1022 1897/1/1021 363/1/827
f 1898/1/1022 298/1/619 364/1/829
f 1898/1/1022 297/1/621 295/1/507
f 1898/1/1022 1899/1/1023 296/1/506
f 1899/1/1023 295/1/507 339/1/89
f 1899/1/1023 1896/1/1020 340/1/91
f 1900/1/1024 393/1/846 391/1/105
f 1901/1/1025 392/1/107 394/1/852
f 1902/1/1026 393/1/846 1901/1/1025
f 1902/1/1026 394/1/852 334/1/16
f 1903/1/1027 333/1/17 1902/1/1026
f 1903/1/1027 334/1/16 332/1/13
f 1903/1/1027 391/1/105 331/1/11
f 1903/1/1027 392/1/107 1900/1/1024
f 1905/1/1028 399/1/280 1904/1/1029
f 1904/1/1029 404/1/236 1905/1/1028
f 1905/1/1028 405/1/1030 403/1/226
f 1906/1/1031 404/1/236 406/1/1032
f 1906/1/1031 401/1/1033 405/1/1030
f 1907/1/1034 406/1/1032 402/1/1035
f 1904/1/1029 401/1/1033 1907/1/1034
f 1907/1/1034 400/1/286 1904/1/1029
f 1908/1/1036 397/1/849 325/1/886
f 1908/1/1036 398/1/851 1909/1/1037
f 1910/1/1038 397/1/849 1909/1/1037
f 1909/1/1037 396/1/104 1910/1/1038
f 1911/1/1039 395/1/100 1910/1/1038
f 1911/1/1039 396/1/104 324/1/890
f 1911/1/1039 325/1/886 323/1/889
f 1911/1/1039 326/1/887 1908/1/1036
f 1912/1/1040 37/1/186 77/1/9
f 1912/1/1040 38/1/188 1913/1/1041
f 1914/1/1042 37/1/186 1913/1/1041
f 1914/1/1042 38/1/188 40/1/137
f 1914/1/1042 13/1/63 39/1/136
f 1914/1/1042 14/1/61 1915/1/1043
f 1915/1/1043 55/1/68 13/1/63
f 1915/1/1043 56/1/70 1916/1/1044
f 1917/1/1045 55/1/68 1916/1/1044
f 1916/1/1044 84/1/273 1917/1/1045
f 1918/1/1046 83/1/274 1917/1/1045
f 1918/1/1046 84/1/273 88/1/149
f 1918/1/1046 81/1/12 87/1/148
f 1918/1/1046 82/1/10 1919/1/1047
f 1919/1/1047 77/1/9 81/1/12
f 1919/1/1047 78/1/7 1912/1/1040
f 1920/1/1048 373/1/358 363/1/827
f 1920/1/1048 1921/1/1049 364/1/829
f 1921/1/1049 363/1/827 339/1/89
f 1921/1/1049 1922/1/1050 340/1/91
f 1923/1/1051 1922/1/1050 339/1/89
f 1923/1/1051 352/1/92 340/1/91
f 1920/1/1048 1923/1/1051 351/1/88
f 1923/1/1051 1920/1/1048 374/1/360
f 1925/1/1052 1924/1/1053 271/1/721
f 1925/1/1052 274/1/362 272/1/720
f 1925/1/1052 273/1/363 373/1/358
f 1925/1/1052 1926/1/1054 374/1/360
f 1926/1/1054 373/1/358 351/1/88
f 1926/1/1054 1927/1/1055 352/1/92
f 1928/1/1056 1927/1/1055 351/1/88
f 1928/1/1056 270/1/742 352/1/92
f 1928/1/1056 269/1/740 271/1/721
f 1928/1/1056 1924/1/1053 272/1/720
f 1930/1/1057 1929/1/1058 309/1/609
f 1929/1/1058 1930/1/1057 348/1/902
f 1930/1/1057 347/1/904 345/1/941
f 1930/1/1057 1931/1/1059 346/1/943
f 1932/1/1060 1931/1/1059 345/1/941
f 1932/1/1060 312/1/612 346/1/943
f 1932/1/1060 311/1/610 309/1/609
f 1932/1/1060 1929/1/1058 310/1/649
f 1934/1/1061 329/1/840 1933/1/1062
f 1934/1/1061 330/1/838 328/1/339
f 1934/1/1061 399/1/280 327/1/340
f 1934/1/1061 400/1/286 1935/1/1063
f 1935/1/1063 401/1/1033 399/1/280
f 1936/1/1064 400/1/286 402/1/1035
f 1933/1/1062 401/1/1033 1936/1/1064
f 1933/1/1062 402/1/1035 330/1/838
f 1938/1/1065 1937/1/1066 237/1/514
f 1938/1/1065 240/1/520 238/1/515
f 1939/1/1067 1938/1/1065 239/1/521
f 1939/1/1067 236/1/544 240/1/520
f 1939/1/1067 235/1/542 233/1/541
f 1939/1/1067 1940/1/1068 234/1/545
f 1937/1/1066 1940/1/1068 233/1/541
f 1937/1/1066 238/1/515 234/1/545
f 1941/1/1069 51/1/50 49/1/45
f 1941/1/1069 52/1/49 1942/1/1070
f 1942/1/1070 89/1/154 51/1/50
f 1942/1/1070 90/1/155 1943/1/1071
f 1944/1/1072 89/1/154 1943/1/1071
f 1944/1/1072 90/1/155 130/1/168
f 1944/1/1072 49/1/45 129/1/166
f 1944/1/1072 50/1/51 1941/1/1069
f 1946/1/1073 83/1/274 1945/1/1074
f 1946/1/1073 84/1/273 56/1/70
f 1947/1/1075 55/1/68 1946/1/1073
f 1947/1/1075 56/1/70 54/1/60
f 1948/1/1076 53/1/58 1947/1/1075
f 1948/1/1076 54/1/60 134/1/265
f 1948/1/1076 83/1/274 133/1/264
f 1948/1/1076 84/1/273 1945/1/1074
f 1949/1/1077 91/1/110 81/1/12
f 1949/1/1077 92/1/109 1950/1/1078
f 1950/1/1078 391/1/105 91/1/110
f 1951/1/1079 92/1/109 392/1/107
f 1952/1/1080 391/1/105 1951/1/1079
f 1952/1/1080 392/1/107 332/1/13
f 1949/1/1077 331/1/11 1952/1/1080
f 1952/1/1080 82/1/10 1949/1/1077
f 1954/1/1081 405/1/1030 1953/1/1082
f 1953/1/1082 404/1/236 1954/1/1081
f 1955/1/1083 403/1/226 1954/1/1081
f 1955/1/1083 404/1/236 336/1/235
f 1955/1/1083 337/1/854 335/1/232
f 1955/1/1083 338/1/855 1956/1/1084
f 1956/1/1084 405/1/1030 337/1/854
f 1956/1/1084 406/1/1032 1953/1/1082
f 1958/1/1085 395/1/100 1957/1/1086
f 1957/1/1086 96/1/103 1958/1/1085
f 1959/1/1087 95/1/101 1958/1/1085
f 1959/1/1087 96/1/103 86/1/143
f 1959/1/1087 323/1/889 85/1/144
f 1960/1/1088 86/1/143 324/1/890
f 1960/1/1088 395/1/100 323/1/889
f 1960/1/1088 396/1/104 1957/1/1086
f 1962/1/1089 33/1/161 1961/1/1090
f 1961/1/1090 36/1/160 1962/1/1089
f 1963/1/1091 35/1/162 1962/1/1089
f 1963/1/1091 36/1/160 30/1/198
f 1963/1/1091 31/1/197 29/1/200
f 1964/1/1092 30/1/198 32/1/195
f 1961/1/1090 31/1/197 1964/1/1092
f 1964/1/1092 34/1/164 1961/1/1090
f 1966/1/1093 1965/1/1094 457/1/1095
f 1965/1/1094 1966/1/1093 466/1/1096
f 1966/1/1093 465/1/1097 733/1/1098
f 1966/1/1093 1967/1/1099 734/1/1100
f 1967/1/1099 733/1/1098 737/1/1101
f 1968/1/1102 738/1/1103 734/1/1100
f 1965/1/1094 1968/1/1102 737/1/1101
f 1965/1/1094 458/1/1104 738/1/1103
f 1969/1/1105 707/1/1106 705/1/1107
f 1969/1/1105 1970/1/1108 706/1/1109
f 1971/1/1110 1970/1/1108 705/1/1107
f 1971/1/1110 700/1/1111 706/1/1109
f 1972/1/1112 1971/1/1110 699/1/1113
f 1972/1/1112 602/1/255 700/1/1111
f 1972/1/1112 601/1/256 599/1/251
f 1972/1/1112 1973/1/1114 600/1/253
f 1974/1/1115 1973/1/1114 599/1/251
f 1974/1/1115 604/1/1116 600/1/253
f 1974/1/1115 603/1/1117 707/1/1106
f 1974/1/1115 1969/1/1105 708/1/1118
f 1976/1/1119 1975/1/1120 717/1/1121
f 1976/1/1119 462/1/1122 718/1/1123
f 1977/1/1124 1976/1/1119 461/1/1125
f 1977/1/1124 542/1/1126 462/1/1122
f 1977/1/1124 541/1/1127 719/1/1128
f 1977/1/1124 1978/1/1129 720/1/1130
f 1975/1/1120 1978/1/1129 719/1/1128
f 1978/1/1129 1975/1/1120 718/1/1123
f 1980/1/1131 1979/1/1132 421/1/1133
f 1980/1/1131 420/1/1134 422/1/1135
f 1980/1/1131 419/1/1136 433/1/1137
f 1980/1/1131 1981/1/1138 434/1/1139
f 1982/1/1140 1981/1/1138 433/1/1137
f 1982/1/1140 538/1/1141 434/1/1139
f 1982/1/1140 537/1/1142 589/1/1143
f 1982/1/1140 1983/1/1144 590/1/1145
f 1984/1/1146 1983/1/1144 589/1/1143
f 1984/1/1146 588/1/1147 590/1/1145
f 1985/1/1148 1984/1/1146 587/1/1149
f 1985/1/1148 786/1/1150 588/1/1147
f 1985/1/1148 785/1/1151 507/1/1152
f 1985/1/1148 1986/1/1153 508/1/1154
f 1986/1/1153 507/1/1152 509/1/1155
f 1986/1/1153 1987/1/1156 510/1/1157
f 1987/1/1156 509/1/1155 781/1/1158
f 1987/1/1156 1988/1/1159 782/1/1160
f 1989/1/1161 1988/1/1159 781/1/1158
f 1989/1/1161 482/1/1162 782/1/1160
f 1990/1/1163 1989/1/1161 481/1/1164
f 1990/1/1163 480/1/1165 482/1/1162
f 1991/1/1166 1990/1/1163 479/1/1167
f 1991/1/1166 784/1/1168 480/1/1165
f 1991/1/1166 783/1/1169 597/1/1170
f 1991/1/1166 1992/1/1171 598/1/1172
f 1993/1/1173 1992/1/1171 597/1/1170
f 1993/1/1173 436/1/1174 598/1/1172
f 1993/1/1173 435/1/1175 421/1/1133
f 1993/1/1173 1979/1/1132 422/1/1135
f 1995/1/1176 1994/1/1177 637/1/1178
f 1995/1/1176 632/1/1179 638/1/1180
f 1995/1/1176 631/1/1181 633/1/1182
f 1995/1/1176 1996/1/1183 634/1/1184
f 1997/1/1185 1996/1/1183 633/1/1182
f 1997/1/1185 630/1/1186 634/1/1184
f 1998/1/1187 1997/1/1185 629/1/1188
f 1997/1/1185 1998/1/1187 616/1/1189
f 1999/1/1190 1998/1/1187 615/1/1191
f 1999/1/1190 618/1/1192 616/1/1189
f 2000/1/1193 1999/1/1190 617/1/1194
f 2000/1/1193 624/1/1195 618/1/1192
f 2000/1/1193 623/1/1196 619/1/1197
f 2000/1/1193 2001/1/1198 620/1/1199
f 2002/1/1200 2001/1/1198 619/1/1197
f 2002/1/1200 622/1/1201 620/1/1199
f 2002/1/1200 621/1/1202 625/1/1203
f 2002/1/1200 2003/1/1204 626/1/1205
f 1994/1/1177 2003/1/1204 625/1/1203
f 1994/1/1177 638/1/1180 626/1/1205
f 2005/1/1206 2004/1/1207 643/1/1208
f 2005/1/1206 650/1/1209 644/1/1210
f 2005/1/1206 649/1/1211 673/1/1212
f 2005/1/1206 2006/1/1213 674/1/1214
f 2007/1/1215 2006/1/1213 673/1/1212
f 2007/1/1215 672/1/1216 674/1/1214
f 2004/1/1207 2007/1/1215 671/1/1217
f 2004/1/1207 644/1/1210 672/1/1216
f 2009/1/1218 2008/1/1219 457/1/1095
f 2009/1/1218 456/1/1220 458/1/1104
f 2009/1/1218 455/1/1221 463/1/1222
f 2009/1/1218 2010/1/1223 464/1/1224
f 2011/1/1225 2010/1/1223 463/1/1222
f 2010/1/1223 2011/1/1225 466/1/1096
f 2008/1/1219 2011/1/1225 465/1/1097
f 2008/1/1219 458/1/1104 466/1/1096
f 2013/1/1226 2012/1/1227 555/1/1228
f 2012/1/1227 2013/1/1226 562/1/1229
f 2014/1/1230 2013/1/1226 561/1/1231
f 2013/1/1226 2014/1/1230 558/1/1232
f 2014/1/1230 557/1/1233 559/1/1234
f 2015/1/1235 560/1/1236 558/1/1232
f 2012/1/1227 2015/1/1235 559/1/1234
f 2012/1/1227 556/1/1237 560/1/1236
f 2017/1/1238 2016/1/1239 411/1/1240
f 2017/1/1238 430/1/1241 412/1/1242
f 2017/1/1238 429/1/1243 437/1/1244
f 2017/1/1238 2018/1/1245 438/1/1246
f 2019/1/1247 2018/1/1245 437/1/1244
f 2019/1/1247 418/1/1248 438/1/1246
f 2016/1/1239 2019/1/1247 417/1/1249
f 2016/1/1239 412/1/1242 418/1/1248
f 2020/1/1250 769/1/1251 773/1/1252
f 2021/1/1253 774/1/1254 770/1/1255
f 2022/1/1256 2021/1/1253 773/1/1252
f 2022/1/1256 542/1/1126 774/1/1254
f 2023/1/1257 2022/1/1256 541/1/1127
f 2023/1/1257 540/1/1258 542/1/1126
f 2023/1/1257 539/1/1259 769/1/1251
f 2020/1/1250 770/1/1255 540/1/1258
f 2024/1/1260 565/1/1261 795/1/1262
f 2024/1/1260 2025/1/1263 796/1/1264
f 2025/1/1263 795/1/1262 799/1/1265
f 2025/1/1263 2026/1/1266 800/1/1267
f 2027/1/1268 2026/1/1266 799/1/1265
f 2027/1/1268 802/1/1269 800/1/1267
f 2028/1/1270 2027/1/1268 801/1/1271
f 2028/1/1270 520/1/1272 802/1/1269
f 2028/1/1270 519/1/1273 505/1/1274
f 2028/1/1270 2029/1/1275 506/1/1276
f 2030/1/1277 2029/1/1275 505/1/1274
f 2030/1/1277 504/1/1278 506/1/1276
f 2030/1/1277 503/1/1279 553/1/1280
f 2030/1/1277 2031/1/1281 554/1/1282
f 2032/1/1283 2031/1/1281 553/1/1280
f 2032/1/1283 798/1/1284 554/1/1282
f 2032/1/1283 797/1/1285 563/1/1286
f 2032/1/1283 2033/1/1287 564/1/1288
f 2033/1/1287 563/1/1286 565/1/1261
f 2033/1/1287 2024/1/1260 566/1/1289
f 2034/1/1290 643/1/1208 671/1/1217
f 2034/1/1290 2035/1/1291 672/1/1216
f 2036/1/1292 2035/1/1291 671/1/1217
f 2035/1/1291 2036/1/1292 668/1/1293
f 2037/1/1294 2036/1/1292 667/1/1295
f 2037/1/1294 648/1/1296 668/1/1293
f 2034/1/1290 2037/1/1294 647/1/1297
f 2034/1/1290 644/1/1210 648/1/1296
f 2038/1/1298 491/1/1299 529/1/1300
f 2038/1/1298 2039/1/1301 530/1/1302
f 2040/1/1303 2039/1/1301 529/1/1300
f 2040/1/1303 528/1/1304 530/1/1302
f 2041/1/1305 2040/1/1303 527/1/1306
f 2041/1/1305 498/1/1307 528/1/1304
f 2038/1/1298 2041/1/1305 497/1/1308
f 2038/1/1298 492/1/1309 498/1/1307
f 2042/1/1310 445/1/1311 501/1/1312
f 2042/1/1310 2043/1/1313 502/1/1314
f 2043/1/1313 501/1/1312 499/1/1315
f 2043/1/1313 2044/1/1316 500/1/1317
f 2045/1/1318 2044/1/1316 499/1/1315
f 2045/1/1318 442/1/1319 500/1/1317
f 2045/1/1318 441/1/1320 445/1/1311
f 2045/1/1318 2042/1/1310 446/1/1321
f 2047/1/1322 2046/1/1323 479/1/1167
f 2047/1/1322 482/1/1162 480/1/1165
f 2047/1/1322 481/1/1164 449/1/1324
f 2047/1/1322 2048/1/1325 450/1/1326
f 2049/1/1327 2048/1/1325 449/1/1324
f 2049/1/1327 454/1/1328 450/1/1326
f 2049/1/1327 453/1/1329 479/1/1167
f 2049/1/1327 2046/1/1323 480/1/1165
f 2051/1/1330 2050/1/1331 835/1/1332
f 2051/1/1330 790/1/1333 836/1/1334
f 2051/1/1330 789/1/1335 787/1/1336
f 2051/1/1330 2052/1/1337 788/1/1338
f 2053/1/1339 2052/1/1337 787/1/1336
f 2053/1/1339 838/1/1340 788/1/1338
f 2053/1/1339 837/1/1341 835/1/1332
f 2053/1/1339 2050/1/1331 836/1/1334
f 2055/1/1342 2054/1/1343 535/1/1344
f 2055/1/1342 516/1/1345 536/1/1346
f 2055/1/1342 515/1/1347 425/1/1348
f 2055/1/1342 2056/1/1349 426/1/1350
f 2056/1/1349 425/1/1348 431/1/1351
f 2056/1/1349 2057/1/1352 432/1/1353
f 2057/1/1352 431/1/1351 535/1/1344
f 2057/1/1352 2054/1/1343 536/1/1346
f 2059/1/1354 2058/1/1355 445/1/1311
f 2058/1/1355 2059/1/1354 470/1/1356
f 2059/1/1354 469/1/1357 521/1/1358
f 2059/1/1354 2060/1/1359 522/1/1360
f 2060/1/1359 521/1/1358 501/1/1312
f 2061/1/1361 502/1/1314 522/1/1360
f 2058/1/1355 2061/1/1361 501/1/1312
f 2058/1/1355 446/1/1321 502/1/1314
f 2062/1/1362 827/1/1363 829/1/1364
f 2062/1/1362 2063/1/1365 830/1/1366
f 2064/1/1367 2063/1/1365 829/1/1364
f 2064/1/1367 808/1/1368 830/1/1366
f 2064/1/1367 807/1/1369 809/1/1370
f 2064/1/1367 2065/1/1371 810/1/1372
f 2065/1/1371 809/1/1370 827/1/1363
f 2065/1/1371 2062/1/1362 828/1/1373
f 2067/1/1374 2066/1/1375 707/1/1106
f 2067/1/1374 710/1/1376 708/1/1118
f 2067/1/1374 709/1/1377 701/1/1378
f 2067/1/1374 2068/1/1379 702/1/1380
f 2069/1/1381 2068/1/1379 701/1/1378
f 2069/1/1381 706/1/1109 702/1/1380
f 2069/1/1381 705/1/1107 707/1/1106
f 2069/1/1381 2066/1/1375 708/1/1118
f 2070/1/1382 495/1/1383 493/1/1384
f 2070/1/1382 2071/1/1385 494/1/1386
f 2071/1/1385 493/1/1384 523/1/1387
f 2071/1/1385 2072/1/1388 524/1/1389
f 2072/1/1388 523/1/1387 525/1/1390
f 2072/1/1388 2073/1/1391 526/1/1392
f 2070/1/1382 2073/1/1391 525/1/1390
f 2070/1/1382 496/1/1393 526/1/1392
f 2074/1/1394 769/1/1251 767/1/1395
f 2075/1/1396 768/1/1397 770/1/1255
f 2076/1/1398 2075/1/1396 767/1/1395
f 2076/1/1398 772/1/1399 768/1/1397
f 2076/1/1398 771/1/1400 773/1/1252
f 2077/1/1401 774/1/1254 772/1/1399
f 2074/1/1394 2077/1/1401 773/1/1252
f 2074/1/1394 770/1/1255 774/1/1254
f 2078/1/1402 509/1/1155 477/1/1403
f 2078/1/1402 2079/1/1404 478/1/1405
f 2079/1/1404 477/1/1403 845/1/1406
f 2079/1/1404 2080/1/1407 846/1/1408
f 2081/1/1409 2080/1/1407 845/1/1406
f 2081/1/1409 782/1/1160 846/1/1408
f 2081/1/1409 781/1/1158 509/1/1155
f 2081/1/1409 2078/1/1402 510/1/1157
f 2082/1/1410 499/1/1315 501/1/1312
f 2082/1/1410 2083/1/1411 502/1/1314
f 2084/1/1412 2083/1/1411 501/1/1312
f 2084/1/1412 522/1/1360 502/1/1314
f 2084/1/1412 521/1/1358 787/1/1336
f 2084/1/1412 2085/1/1413 788/1/1338
f 2085/1/1413 787/1/1336 789/1/1335
f 2085/1/1413 2086/1/1414 790/1/1333
f 2087/1/1415 2086/1/1414 789/1/1335
f 2087/1/1415 792/1/1416 790/1/1333
f 2088/1/1417 2087/1/1415 791/1/1418
f 2088/1/1417 570/1/1419 792/1/1416
f 2089/1/1420 2088/1/1417 569/1/1421
f 2089/1/1420 568/1/1422 570/1/1419
f 2090/1/1423 2089/1/1420 567/1/1424
f 2090/1/1423 794/1/1425 568/1/1422
f 2090/1/1423 793/1/1426 551/1/1427
f 2090/1/1423 2091/1/1428 552/1/1429
f 2082/1/1410 2091/1/1428 551/1/1427
f 2082/1/1410 500/1/1317 552/1/1429
f 2093/1/1430 2092/1/1431 491/1/1299
f 2092/1/1431 2093/1/1430 498/1/1307
f 2093/1/1430 497/1/1308 493/1/1384
f 2094/1/1432 494/1/1386 498/1/1307
f 2094/1/1432 493/1/1384 495/1/1383
f 2095/1/1433 496/1/1393 494/1/1386
f 2092/1/1431 2095/1/1433 495/1/1383
f 2095/1/1433 2092/1/1431 492/1/1309
f 2097/1/1434 2096/1/1435 447/1/1436
f 2097/1/1434 454/1/1328 448/1/1437
f 2098/1/1438 2097/1/1434 453/1/1329
f 2097/1/1434 2098/1/1438 450/1/1326
f 2098/1/1438 449/1/1324 451/1/1439
f 2099/1/1440 452/1/1441 450/1/1326
f 2099/1/1440 451/1/1439 447/1/1436
f 2096/1/1435 448/1/1437 452/1/1441
f 2101/1/1442 2100/1/1443 407/1/1444
f 2101/1/1442 414/1/1445 408/1/1446
f 2102/1/1447 2101/1/1442 413/1/1448
f 2101/1/1442 2102/1/1447 410/1/1449
f 2102/1/1447 409/1/1450 411/1/1240
f 2103/1/1451 412/1/1242 410/1/1449
f 2103/1/1451 411/1/1240 407/1/1444
f 2100/1/1443 408/1/1446 412/1/1242
f 2104/1/1452 583/1/1453 597/1/1170
f 2104/1/1452 2105/1/1454 598/1/1172
f 2105/1/1454 597/1/1170 783/1/1169
f 2105/1/1454 2106/1/1455 784/1/1168
f 2107/1/1456 2106/1/1455 783/1/1169
f 2107/1/1456 840/1/1457 784/1/1168
f 2107/1/1456 839/1/1458 583/1/1453
f 2107/1/1456 2104/1/1452 584/1/1459
f 2109/1/1460 2108/1/1461 557/1/1233
f 2109/1/1460 566/1/1289 558/1/1232
f 2109/1/1460 565/1/1261 563/1/1286
f 2109/1/1460 2110/1/1462 564/1/1288
f 2111/1/1463 2110/1/1462 563/1/1286
f 2111/1/1463 560/1/1236 564/1/1288
f 2111/1/1463 559/1/1234 557/1/1233
f 2111/1/1463 2108/1/1461 558/1/1232
f 2113/1/1464 2112/1/1465 747/1/1466
f 2113/1/1464 744/1/1467 748/1/1468
f 2113/1/1464 743/1/1469 755/1/1470
f 2114/1/1471 756/1/1472 744/1/1467
f 2115/1/1473 2114/1/1471 755/1/1470
f 2115/1/1473 764/1/1474 756/1/1472
f 2115/1/1473 763/1/1475 747/1/1466
f 2115/1/1473 2112/1/1465 748/1/1468
f 2117/1/1476 2116/1/1477 561/1/1231
f 2117/1/1476 556/1/1237 562/1/1229
f 2117/1/1476 555/1/1228 567/1/1424
f 2117/1/1476 2118/1/1478 568/1/1422
f 2119/1/1479 2118/1/1478 567/1/1424
f 2119/1/1479 570/1/1419 568/1/1422
f 2119/1/1479 569/1/1421 561/1/1231
f 2119/1/1479 2116/1/1477 562/1/1229
f 2121/1/1480 2120/1/1481 587/1/1149
f 2121/1/1480 590/1/1145 588/1/1147
f 2121/1/1480 589/1/1143 581/1/1482
f 2121/1/1480 2122/1/1483 582/1/1484
f 2123/1/1485 2122/1/1483 581/1/1482
f 2123/1/1485 580/1/1486 582/1/1484
f 2123/1/1485 579/1/1487 587/1/1149
f 2123/1/1485 2120/1/1481 588/1/1147
f 2124/1/1488 573/1/1489 543/1/247
f 2125/1/1490 544/1/249 574/1/1491
f 2126/1/1492 2125/1/1490 543/1/247
f 2125/1/1490 2126/1/1492 550/1/1493
f 2127/1/1494 2126/1/1492 549/1/1495
f 2126/1/1492 2127/1/1494 572/1/1496
f 2127/1/1494 571/1/1497 573/1/1489
f 2124/1/1488 574/1/1491 572/1/1496
f 2128/1/1498 547/1/1499 607/1/1500
f 2128/1/1498 2129/1/1501 608/1/1502
f 2129/1/1501 607/1/1500 605/1/1503
f 2129/1/1501 2130/1/1504 606/1/1505
f 2131/1/1506 2130/1/1504 605/1/1503
f 2131/1/1506 550/1/1493 606/1/1505
f 2128/1/1498 2131/1/1506 549/1/1495
f 2131/1/1506 2128/1/1498 548/1/1507
f 2133/1/1508 2132/1/1509 605/1/1503
f 2132/1/1509 2133/1/1508 610/1/1510
f 2134/1/1511 2133/1/1508 609/1/1512
f 2134/1/1511 572/1/1496 610/1/1510
f 2134/1/1511 571/1/1497 549/1/1495
f 2135/1/1513 550/1/1493 572/1/1496
f 2135/1/1513 549/1/1495 605/1/1503
f 2135/1/1513 2132/1/1509 606/1/1505
f 2136/1/1514 687/1/1515 693/1/1516
f 2136/1/1514 2137/1/1517 694/1/1518
f 2138/1/1519 2137/1/1517 693/1/1516
f 2137/1/1517 2138/1/1519 690/1/1520
f 2139/1/1521 2138/1/1519 689/1/1522
f 2139/1/1521 692/1/1523 690/1/1520
f 2139/1/1521 691/1/1524 687/1/1515
f 2136/1/1514 688/1/1525 692/1/1523
f 2141/1/1526 2140/1/1527 537/1/1142
f 2141/1/1526 434/1/1139 538/1/1141
f 2142/1/1528 2141/1/1526 433/1/1137
f 2142/1/1528 424/1/1529 434/1/1139
f 2143/1/1530 2142/1/1528 423/1/1531
f 2143/1/1530 518/1/1532 424/1/1529
f 2143/1/1530 517/1/1533 537/1/1142
f 2143/1/1530 2140/1/1527 538/1/1141
f 2145/1/1534 2144/1/1535 459/1/1536
f 2145/1/1534 462/1/1122 460/1/1537
f 2145/1/1534 461/1/1125 455/1/1221
f 2146/1/1538 456/1/1220 462/1/1122
f 2146/1/1538 455/1/1221 457/1/1095
f 2147/1/1539 458/1/1104 456/1/1220
f 2144/1/1535 2147/1/1539 457/1/1095
f 2147/1/1539 2144/1/1535 460/1/1537
f 2148/1/1540 753/1/1541 641/1/1542
f 2148/1/1540 2149/1/1543 642/1/1544
f 2149/1/1543 641/1/1542 639/1/1545
f 2149/1/1543 2150/1/1546 640/1/1547
f 2151/1/1548 2150/1/1546 639/1/1545
f 2151/1/1548 752/1/1549 640/1/1547
f 2148/1/1540 2151/1/1548 751/1/1550
f 2151/1/1548 2148/1/1540 754/1/1551
f 2152/1/1552 743/1/1469 747/1/1466
f 2152/1/1552 2153/1/1553 748/1/1468
f 2153/1/1553 747/1/1466 651/1/1554
f 2153/1/1553 2154/1/1555 652/1/1556
f 2154/1/1555 651/1/1554 661/1/1557
f 2154/1/1555 2155/1/1558 662/1/1559
f 2152/1/1552 2155/1/1558 661/1/1557
f 2152/1/1552 744/1/1467 662/1/1559
f 2157/1/1560 2156/1/1561 709/1/1377
f 2156/1/1561 2157/1/1560 698/1/1562
f 2158/1/1563 2157/1/1560 697/1/1564
f 2157/1/1560 2158/1/1563 690/1/1520
f 2158/1/1563 689/1/1522 701/1/1378
f 2159/1/1565 702/1/1380 690/1/1520
f 2159/1/1565 701/1/1378 709/1/1377
f 2156/1/1561 710/1/1376 702/1/1380
f 2160/1/1566 585/1/1567 429/1/1243
f 2161/1/1568 430/1/1241 586/1/1569
f 2161/1/1568 429/1/1243 427/1/1570
f 2162/1/1571 428/1/1572 430/1/1241
f 2163/1/1573 2162/1/1571 427/1/1570
f 2162/1/1571 2163/1/1573 584/1/1459
f 2160/1/1566 2163/1/1573 583/1/1453
f 2163/1/1573 2160/1/1566 586/1/1569
f 2164/1/1574 487/1/1575 463/1/1222
f 2164/1/1574 2165/1/1576 464/1/1224
f 2166/1/1577 2165/1/1576 463/1/1222
f 2165/1/1576 2166/1/1577 714/1/1578
f 2166/1/1577 713/1/1579 723/1/1580
f 2167/1/1581 724/1/1582 714/1/1578
f 2167/1/1581 723/1/1580 487/1/1575
f 2164/1/1574 488/1/1583 724/1/1582
f 2168/1/1584 455/1/1221 715/1/1585
f 2168/1/1584 2169/1/1586 716/1/1587
f 2170/1/1588 2169/1/1586 715/1/1585
f 2169/1/1586 2170/1/1588 714/1/1578
f 2171/1/1589 2170/1/1588 713/1/1579
f 2171/1/1589 464/1/1224 714/1/1578
f 2168/1/1584 2171/1/1589 463/1/1222
f 2171/1/1589 2168/1/1584 456/1/1220
f 2173/1/1590 2172/1/1591 711/1/1592
f 2173/1/1590 774/1/1254 712/1/1593
f 2174/1/1594 2173/1/1590 773/1/1252
f 2173/1/1590 2174/1/1594 772/1/1399
f 2174/1/1594 771/1/1400 721/1/1595
f 2174/1/1594 2175/1/1596 722/1/1597
f 2172/1/1591 2175/1/1596 721/1/1595
f 2172/1/1591 712/1/1593 722/1/1597
f 2177/1/1598 2176/1/1599 541/1/1127
f 2176/1/1599 2177/1/1598 462/1/1122
f 2178/1/1600 2177/1/1598 461/1/1125
f 2178/1/1600 460/1/1537 462/1/1122
f 2178/1/1600 459/1/1536 539/1/1259
f 2179/1/1601 540/1/1258 460/1/1537
f 2179/1/1601 539/1/1259 541/1/1127
f 2176/1/1599 542/1/1126 540/1/1258
f 2181/1/1602 2180/1/1603 651/1/1554
f 2181/1/1602 640/1/1547 652/1/1556
f 2182/1/1604 2181/1/1602 639/1/1545
f 2182/1/1604 644/1/1210 640/1/1547
f 2182/1/1604 643/1/1208 647/1/1297
f 2182/1/1604 2183/1/1605 648/1/1296
f 2183/1/1605 647/1/1297 655/1/1606
f 2184/1/1607 656/1/1608 648/1/1296
f 2185/1/1609 2184/1/1607 655/1/1606
f 2184/1/1607 2185/1/1609 660/1/1610
f 2186/1/1611 2185/1/1609 659/1/1612
f 2185/1/1609 2186/1/1611 654/1/1613
f 2187/1/1614 2186/1/1611 653/1/1615
f 2187/1/1614 650/1/1209 654/1/1613
f 2188/1/1616 2187/1/1614 649/1/1211
f 2188/1/1616 646/1/1617 650/1/1209
f 2188/1/1616 645/1/1618 657/1/1619
f 2188/1/1616 2189/1/1620 658/1/1621
f 2190/1/1622 2189/1/1620 657/1/1619
f 2189/1/1620 2190/1/1622 662/1/1559
f 2190/1/1622 661/1/1557 651/1/1554
f 2190/1/1622 2180/1/1603 652/1/1556
f 2191/1/1623 675/1/1624 679/1/1625
f 2191/1/1623 2192/1/1626 680/1/1627
f 2193/1/1628 2192/1/1626 679/1/1625
f 2193/1/1628 636/1/1629 680/1/1627
f 2194/1/1630 2193/1/1628 635/1/1631
f 2194/1/1630 638/1/1180 636/1/1629
f 2194/1/1630 637/1/1178 675/1/1624
f 2194/1/1630 2191/1/1623 676/1/1632
f 2196/1/1633 2195/1/1634 419/1/1136
f 2196/1/1633 422/1/1135 420/1/1134
f 2197/1/1635 2196/1/1633 421/1/1133
f 2197/1/1635 410/1/1449 422/1/1135
f 2198/1/1636 2197/1/1635 409/1/1450
f 2198/1/1636 414/1/1445 410/1/1449
f 2198/1/1636 413/1/1448 419/1/1136
f 2198/1/1636 2195/1/1634 420/1/1134
f 2199/1/1637 657/1/1619 645/1/1618
f 2200/1/1638 646/1/1617 658/1/1621
f 2201/1/1639 2200/1/1638 645/1/1618
f 2201/1/1639 750/1/1640 646/1/1617
f 2202/1/1641 2201/1/1639 749/1/1642
f 2202/1/1641 746/1/1643 750/1/1640
f 2202/1/1641 745/1/1644 657/1/1619
f 2202/1/1641 2199/1/1637 658/1/1621
f 2204/1/1645 2203/1/1646 663/1/1647
f 2204/1/1645 666/1/1648 664/1/1649
f 2205/1/1650 2204/1/1645 665/1/1651
f 2205/1/1650 660/1/1610 666/1/1648
f 2205/1/1650 659/1/1612 655/1/1606
f 2205/1/1650 2206/1/1652 656/1/1608
f 2206/1/1652 655/1/1606 663/1/1647
f 2206/1/1652 2203/1/1646 664/1/1649
f 2207/1/1653 689/1/1522 693/1/1516
f 2208/1/1654 694/1/1518 690/1/1520
f 2209/1/1655 2208/1/1654 693/1/1516
f 2208/1/1654 2209/1/1655 704/1/1656
f 2210/1/1657 2209/1/1655 703/1/1658
f 2209/1/1655 2210/1/1657 702/1/1380
f 2210/1/1657 701/1/1378 689/1/1522
f 2207/1/1653 690/1/1520 702/1/1380
f 2212/1/1659 2211/1/1660 679/1/1625
f 2212/1/1659 684/1/1661 680/1/1627
f 2213/1/1662 2212/1/1659 683/1/1663
f 2213/1/1662 624/1/1195 684/1/1661
f 2213/1/1662 623/1/1196 635/1/1631
f 2213/1/1662 2214/1/1664 636/1/1629
f 2214/1/1664 635/1/1631 679/1/1625
f 2214/1/1664 2211/1/1660 680/1/1627
f 2215/1/1665 711/1/1592 721/1/1595
f 2216/1/1666 722/1/1597 712/1/1593
f 2217/1/1667 2216/1/1666 721/1/1595
f 2217/1/1667 726/1/1668 722/1/1597
f 2218/1/1669 2217/1/1667 725/1/1670
f 2217/1/1667 2218/1/1669 724/1/1582
f 2218/1/1669 723/1/1580 713/1/1579
f 2218/1/1669 2219/1/1671 714/1/1578
f 2219/1/1671 713/1/1579 715/1/1585
f 2219/1/1671 2220/1/1672 716/1/1587
f 2220/1/1672 715/1/1585 717/1/1121
f 2221/1/1673 718/1/1123 716/1/1587
f 2222/1/1674 2221/1/1673 717/1/1121
f 2222/1/1674 720/1/1130 718/1/1123
f 2222/1/1674 719/1/1128 711/1/1592
f 2222/1/1674 2215/1/1665 712/1/1593
f 2223/1/1675 733/1/1098 729/1/1676
f 2224/1/1677 730/1/1678 734/1/1100
f 2225/1/1679 2224/1/1677 729/1/1676
f 2225/1/1679 732/1/1680 730/1/1678
f 2225/1/1679 731/1/1681 727/1/1682
f 2226/1/1683 728/1/1684 732/1/1680
f 2227/1/1685 2226/1/1683 727/1/1682
f 2226/1/1683 2227/1/1685 736/1/1686
f 2227/1/1685 735/1/1687 741/1/1688
f 2228/1/1689 742/1/1690 736/1/1686
f 2228/1/1689 741/1/1688 739/1/1691
f 2228/1/1689 2229/1/1692 740/1/1693
f 2230/1/1694 2229/1/1692 739/1/1691
f 2230/1/1694 738/1/1103 740/1/1693
f 2223/1/1675 2230/1/1694 737/1/1101
f 2230/1/1694 2223/1/1675 734/1/1100
f 2231/1/1695 669/1/1696 673/1/1212
f 2231/1/1695 2232/1/1697 674/1/1214
f 2233/1/1698 2232/1/1697 673/1/1212
f 2233/1/1698 650/1/1209 674/1/1214
f 2233/1/1698 649/1/1211 653/1/1615
f 2233/1/1698 2234/1/1699 654/1/1613
f 2234/1/1699 653/1/1615 669/1/1696
f 2234/1/1699 2231/1/1695 670/1/1700
f 2236/1/1701 2235/1/1702 621/1/1202
f 2236/1/1701 620/1/1199 622/1/1201
f 2236/1/1701 619/1/1197 685/1/1703
f 2236/1/1701 2237/1/1704 686/1/1705
f 2238/1/1706 2237/1/1704 685/1/1703
f 2238/1/1706 682/1/1707 686/1/1705
f 2235/1/1702 2238/1/1706 681/1/1708
f 2235/1/1702 622/1/1201 682/1/1707
f 2240/1/1709 2239/1/1710 699/1/1113
f 2239/1/1710 2240/1/1709 706/1/1109
f 2240/1/1709 705/1/1107 701/1/1378
f 2240/1/1709 2241/1/1711 702/1/1380
f 2241/1/1711 701/1/1378 703/1/1658
f 2242/1/1712 704/1/1656 702/1/1380
f 2239/1/1710 2242/1/1712 703/1/1658
f 2239/1/1710 700/1/1111 704/1/1656
f 2243/1/1713 439/1/1714 505/1/1274
f 2243/1/1713 2244/1/1715 506/1/1276
f 2245/1/1716 2244/1/1715 505/1/1274
f 2244/1/1715 2245/1/1716 520/1/1272
f 2246/1/1717 2245/1/1716 519/1/1273
f 2246/1/1717 468/1/1718 520/1/1272
f 2246/1/1717 467/1/1719 439/1/1714
f 2243/1/1713 440/1/1720 468/1/1718
f 2248/1/1721 2247/1/1722 533/1/1723
f 2247/1/1722 2248/1/1721 818/1/1724
f 2248/1/1721 817/1/1725 797/1/1285
f 2248/1/1721 2249/1/1726 798/1/1284
f 2249/1/1726 797/1/1285 553/1/1280
f 2250/1/1727 554/1/1282 798/1/1284
f 2247/1/1722 2250/1/1727 553/1/1280
f 2247/1/1722 534/1/1728 554/1/1282
f 2252/1/1729 2251/1/1730 689/1/1522
f 2252/1/1729 698/1/1562 690/1/1520
f 2252/1/1729 697/1/1564 695/1/1731
f 2252/1/1729 2253/1/1732 696/1/1733
f 2254/1/1734 2253/1/1732 695/1/1731
f 2254/1/1734 692/1/1523 696/1/1733
f 2254/1/1734 691/1/1524 689/1/1522
f 2254/1/1734 2251/1/1730 690/1/1520
f 2256/1/1735 2255/1/1736 625/1/1203
f 2256/1/1735 622/1/1201 626/1/1205
f 2256/1/1735 621/1/1202 681/1/1708
f 2256/1/1735 2257/1/1737 682/1/1707
f 2258/1/1738 2257/1/1737 681/1/1708
f 2258/1/1738 678/1/1739 682/1/1707
f 2255/1/1736 2258/1/1738 677/1/1740
f 2255/1/1736 626/1/1205 678/1/1739
f 2259/1/1741 625/1/1203 677/1/1740
f 2259/1/1741 2260/1/1742 678/1/1739
f 2260/1/1742 677/1/1740 675/1/1624
f 2260/1/1742 2261/1/1743 676/1/1632
f 2262/1/1744 2261/1/1743 675/1/1624
f 2262/1/1744 638/1/1180 676/1/1632
f 2262/1/1744 637/1/1178 625/1/1203
f 2262/1/1744 2259/1/1741 626/1/1205
f 2264/1/1745 2263/1/1746 841/1/1747
f 2264/1/1745 840/1/1457 842/1/1748
f 2265/1/1749 2264/1/1745 839/1/1458
f 2264/1/1745 2265/1/1749 454/1/1328
f 2266/1/1750 2265/1/1749 453/1/1329
f 2265/1/1749 2266/1/1750 448/1/1437
f 2266/1/1750 447/1/1436 841/1/1747
f 2263/1/1746 842/1/1748 448/1/1437
f 2268/1/1751 2267/1/1752 685/1/1703
f 2268/1/1751 620/1/1199 686/1/1705
f 2269/1/1753 2268/1/1751 619/1/1197
f 2269/1/1753 624/1/1195 620/1/1199
f 2269/1/1753 623/1/1196 683/1/1663
f 2269/1/1753 2270/1/1754 684/1/1661
f 2267/1/1752 2270/1/1754 683/1/1663
f 2267/1/1752 686/1/1705 684/1/1661
f 2272/1/1755 2271/1/1756 439/1/1714
f 2271/1/1756 2272/1/1755 446/1/1321
f 2272/1/1755 445/1/1311 441/1/1320
f 2273/1/1757 442/1/1319 446/1/1321
f 2274/1/1758 2273/1/1757 441/1/1320
f 2273/1/1757 2274/1/1758 444/1/1759
f 2271/1/1756 2274/1/1758 443/1/1760
f 2274/1/1758 2271/1/1756 440/1/1720
f 2276/1/1761 2275/1/1762 515/1/1347
f 2275/1/1762 2276/1/1761 576/1/1763
f 2277/1/1764 2276/1/1761 575/1/1765
f 2277/1/1764 582/1/1484 576/1/1763
f 2277/1/1764 581/1/1482 517/1/1533
f 2278/1/1766 518/1/1532 582/1/1484
f 2275/1/1762 2278/1/1766 517/1/1533
f 2278/1/1766 2275/1/1762 516/1/1345
f 2279/1/1767 675/1/1624 677/1/1740
f 2280/1/1768 678/1/1739 676/1/1632
f 2281/1/1769 2280/1/1768 677/1/1740
f 2281/1/1769 682/1/1707 678/1/1739
f 2282/1/1770 2281/1/1769 681/1/1708
f 2281/1/1769 2282/1/1770 686/1/1705
f 2282/1/1770 685/1/1703 683/1/1663
f 2283/1/1771 684/1/1661 686/1/1705
f 2283/1/1771 683/1/1663 679/1/1625
f 2284/1/1772 680/1/1627 684/1/1661
f 2284/1/1772 679/1/1625 675/1/1624
f 2279/1/1767 676/1/1632 680/1/1627
f 2286/1/1773 2285/1/1774 635/1/1631
f 2286/1/1773 624/1/1195 636/1/1629
f 2287/1/1775 2286/1/1773 623/1/1196
f 2287/1/1775 618/1/1192 624/1/1195
f 2287/1/1775 617/1/1194 627/1/1776
f 2287/1/1775 2288/1/1777 628/1/1778
f 2289/1/1779 2288/1/1777 627/1/1776
f 2289/1/1779 632/1/1179 628/1/1778
f 2290/1/1780 2289/1/1779 631/1/1181
f 2290/1/1780 638/1/1180 632/1/1179
f 2290/1/1780 637/1/1178 635/1/1631
f 2290/1/1780 2285/1/1774 636/1/1629
f 2291/1/1781 667/1/1295 671/1/1217
f 2292/1/1782 672/1/1216 668/1/1293
f 2292/1/1782 671/1/1217 673/1/1212
f 2292/1/1782 2293/1/1783 674/1/1214
f 2293/1/1783 673/1/1212 669/1/1696
f 2293/1/1783 2294/1/1784 670/1/1700
f 2295/1/1785 2294/1/1784 669/1/1696
f 2294/1/1784 2295/1/1785 666/1/1648
f 2296/1/1786 2295/1/1785 665/1/1651
f 2295/1/1785 2296/1/1786 664/1/1649
f 2291/1/1781 2296/1/1786 663/1/1647
f 2291/1/1781 668/1/1293 664/1/1649
f 2297/1/1787 735/1/1687 727/1/1682
f 2297/1/1787 2298/1/1788 728/1/1684
f 2299/1/1789 2298/1/1788 727/1/1682
f 2299/1/1789 768/1/1397 728/1/1684
f 2299/1/1789 767/1/1395 769/1/1251
f 2299/1/1789 2300/1/1790 770/1/1255
f 2300/1/1790 769/1/1251 735/1/1687
f 2300/1/1790 2297/1/1787 736/1/1686
f 2302/1/1791 2301/1/1792 657/1/1619
f 2302/1/1791 746/1/1643 658/1/1621
f 2302/1/1791 745/1/1644 743/1/1469
f 2302/1/1791 2303/1/1793 744/1/1467
f 2303/1/1793 743/1/1469 661/1/1557
f 2303/1/1793 2304/1/1794 662/1/1559
f 2301/1/1792 2304/1/1794 661/1/1557
f 2301/1/1792 658/1/1621 662/1/1559
f 2305/1/1795 761/1/1796 765/1/1797
f 2306/1/1798 766/1/1799 762/1/1800
f 2306/1/1798 765/1/1797 615/1/1191
f 2306/1/1798 2307/1/1801 616/1/1189
f 2307/1/1801 615/1/1191 629/1/1188
f 2308/1/1802 630/1/1186 616/1/1189
f 2305/1/1795 2308/1/1802 629/1/1188
f 2305/1/1795 762/1/1800 630/1/1186
f 2309/1/1803 471/1/1804 477/1/1403
f 2309/1/1803 2310/1/1805 478/1/1405
f 2310/1/1805 477/1/1403 473/1/1806
f 2311/1/1807 474/1/1808 478/1/1405
f 2311/1/1807 473/1/1806 475/1/1809
f 2312/1/1810 476/1/1811 474/1/1808
f 2309/1/1803 2312/1/1810 475/1/1809
f 2312/1/1810 2309/1/1803 472/1/1812
f 2313/1/1813 747/1/1466 751/1/1550
f 2314/1/1814 752/1/1549 748/1/1468
f 2314/1/1814 751/1/1550 639/1/1545
f 2314/1/1814 2315/1/1815 640/1/1547
f 2315/1/1815 639/1/1545 651/1/1554
f 2316/1/1816 652/1/1556 640/1/1547
f 2313/1/1813 2316/1/1816 651/1/1554
f 2313/1/1813 748/1/1468 652/1/1556
f 2318/1/1817 2317/1/1818 615/1/1191
f 2318/1/1817 766/1/1799 616/1/1189
f 2318/1/1817 765/1/1797 763/1/1475
f 2318/1/1817 2319/1/1819 764/1/1474
f 2319/1/1819 763/1/1475 617/1/1194
f 2319/1/1819 2320/1/1820 618/1/1192
f 2317/1/1818 2320/1/1820 617/1/1194
f 2320/1/1820 2317/1/1818 616/1/1189
f 2321/1/1821 761/1/1796 629/1/1188
f 2321/1/1821 2322/1/1822 630/1/1186
f 2323/1/1823 2322/1/1822 629/1/1188
f 2323/1/1823 634/1/1184 630/1/1186
f 2324/1/1824 2323/1/1823 633/1/1182
f 2324/1/1824 760/1/1825 634/1/1184
f 2324/1/1824 759/1/1826 761/1/1796
f 2324/1/1824 2321/1/1821 762/1/1800
f 2326/1/1827 2325/1/1828 669/1/1696
f 2326/1/1827 654/1/1613 670/1/1700
f 2327/1/1829 2326/1/1827 653/1/1615
f 2327/1/1829 660/1/1610 654/1/1613
f 2327/1/1829 659/1/1612 665/1/1651
f 2327/1/1829 2328/1/1830 666/1/1648
f 2328/1/1830 665/1/1651 669/1/1696
f 2325/1/1828 670/1/1700 666/1/1648
f 2330/1/1831 2329/1/1832 617/1/1194
f 2330/1/1831 764/1/1474 618/1/1192
f 2331/1/1833 2330/1/1831 763/1/1475
f 2330/1/1831 2331/1/1833 756/1/1472
f 2331/1/1833 755/1/1470 627/1/1776
f 2331/1/1833 2332/1/1834 628/1/1778
f 2329/1/1832 2332/1/1834 627/1/1776
f 2332/1/1834 2329/1/1832 618/1/1192
f 2333/1/1835 759/1/1826 633/1/1182
f 2333/1/1835 2334/1/1836 634/1/1184
f 2335/1/1837 2334/1/1836 633/1/1182
f 2334/1/1836 2335/1/1837 632/1/1179
f 2336/1/1838 2335/1/1837 631/1/1181
f 2336/1/1838 758/1/1839 632/1/1179
f 2336/1/1838 757/1/1840 759/1/1826
f 2336/1/1838 2333/1/1835 760/1/1825
f 2337/1/1841 631/1/1181 627/1/1776
f 2338/1/1842 628/1/1778 632/1/1179
f 2339/1/1843 2338/1/1842 627/1/1776
f 2339/1/1843 756/1/1472 628/1/1778
f 2340/1/1844 2339/1/1843 755/1/1470
f 2339/1/1843 2340/1/1844 758/1/1839
f 2340/1/1844 757/1/1840 631/1/1181
f 2340/1/1844 2337/1/1841 632/1/1179
f 2342/1/1845 2341/1/1846 645/1/1618
f 2341/1/1846 2342/1/1845 642/1/1544
f 2343/1/1847 2342/1/1845 641/1/1542
f 2343/1/1847 754/1/1551 642/1/1544
f 2344/1/1848 2343/1/1847 753/1/1541
f 2343/1/1847 2344/1/1848 750/1/1640
f 2344/1/1848 749/1/1642 645/1/1618
f 2344/1/1848 2341/1/1846 646/1/1617
f 2345/1/1849 487/1/1575 723/1/1580
f 2345/1/1849 2346/1/1850 724/1/1582
f 2347/1/1851 2346/1/1850 723/1/1580
f 2347/1/1851 726/1/1668 724/1/1582
f 2348/1/1852 2347/1/1851 725/1/1670
f 2348/1/1852 614/1/1853 726/1/1668
f 2345/1/1849 2348/1/1852 613/1/1854
f 2345/1/1849 488/1/1583 614/1/1853
f 2350/1/1855 2349/1/1856 407/1/1444
f 2349/1/1856 2350/1/1855 426/1/1350
f 2351/1/1857 2350/1/1855 425/1/1348
f 2350/1/1855 2351/1/1857 424/1/1529
f 2351/1/1857 423/1/1531 413/1/1448
f 2352/1/1858 414/1/1445 424/1/1529
f 2349/1/1856 2352/1/1858 413/1/1448
f 2349/1/1856 408/1/1446 414/1/1445
f 2353/1/1859 719/1/1128 541/1/1127
f 2354/1/1860 542/1/1126 720/1/1130
f 2355/1/1861 2354/1/1860 541/1/1127
f 2354/1/1860 2355/1/1861 774/1/1254
f 2356/1/1862 2355/1/1861 773/1/1252
f 2355/1/1861 2356/1/1862 712/1/1593
f 2353/1/1859 2356/1/1862 711/1/1592
f 2353/1/1859 720/1/1130 712/1/1593
f 2358/1/1863 2357/1/1864 727/1/1682
f 2357/1/1864 2358/1/1863 732/1/1680
f 2358/1/1863 731/1/1681 611/1/1865
f 2359/1/1866 612/1/1867 732/1/1680
f 2360/1/1868 2359/1/1866 611/1/1865
f 2360/1/1868 768/1/1397 612/1/1867
f 2357/1/1864 2360/1/1868 767/1/1395
f 2360/1/1868 2357/1/1864 728/1/1684
f 2361/1/1869 733/1/1098 465/1/1097
f 2362/1/1870 466/1/1096 734/1/1100
f 2362/1/1870 465/1/1097 489/1/1871
f 2363/1/1872 490/1/1873 466/1/1096
f 2364/1/1874 2363/1/1872 489/1/1871
f 2363/1/1872 2364/1/1874 730/1/1678
f 2361/1/1869 2364/1/1874 729/1/1676
f 2361/1/1869 734/1/1100 730/1/1678
f 2366/1/1875 2365/1/1876 415/1/1877
f 2366/1/1875 408/1/1446 416/1/1878
f 2366/1/1875 407/1/1444 411/1/1240
f 2366/1/1875 2367/1/1879 412/1/1242
f 2367/1/1879 411/1/1240 417/1/1249
f 2367/1/1879 2368/1/1880 418/1/1248
f 2368/1/1880 417/1/1249 415/1/1877
f 2368/1/1880 2365/1/1876 416/1/1878
f 2370/1/1881 2369/1/1882 643/1/1208
f 2370/1/1881 640/1/1547 644/1/1210
f 2370/1/1881 639/1/1545 641/1/1542
f 2370/1/1881 2371/1/1883 642/1/1544
f 2372/1/1884 2371/1/1883 641/1/1542
f 2372/1/1884 646/1/1617 642/1/1544
f 2372/1/1884 645/1/1618 649/1/1211
f 2372/1/1884 2373/1/1885 650/1/1209
f 2373/1/1885 649/1/1211 643/1/1208
f 2373/1/1885 2369/1/1882 644/1/1210
f 2375/1/1886 2374/1/1887 731/1/1681
f 2374/1/1887 2375/1/1886 730/1/1678
f 2376/1/1888 2375/1/1886 729/1/1676
f 2376/1/1888 490/1/1873 730/1/1678
f 2377/1/1889 2376/1/1888 489/1/1871
f 2377/1/1889 612/1/1867 490/1/1873
f 2377/1/1889 611/1/1865 731/1/1681
f 2377/1/1889 2374/1/1887 732/1/1680
f 2378/1/1890 771/1/1400 613/1/1854
f 2379/1/1891 614/1/1853 772/1/1399
f 2380/1/1892 2379/1/1891 613/1/1854
f 2379/1/1891 2380/1/1892 726/1/1668
f 2381/1/1893 2380/1/1892 725/1/1670
f 2381/1/1893 722/1/1597 726/1/1668
f 2381/1/1893 721/1/1595 771/1/1400
f 2378/1/1890 772/1/1399 722/1/1597
f 2383/1/1894 2382/1/1895 557/1/1233
f 2382/1/1895 2383/1/1894 562/1/1229
f 2384/1/1896 2383/1/1894 561/1/1231
f 2383/1/1894 2384/1/1896 820/1/1897
f 2385/1/1898 2384/1/1896 819/1/1899
f 2384/1/1896 2385/1/1898 822/1/1900
f 2385/1/1898 821/1/1901 557/1/1233
f 2382/1/1895 558/1/1232 822/1/1900
f 2387/1/1902 2386/1/1903 425/1/1348
f 2387/1/1902 408/1/1446 426/1/1350
f 2387/1/1902 407/1/1444 415/1/1877
f 2387/1/1902 2388/1/1904 416/1/1878
f 2389/1/1905 2388/1/1904 415/1/1877
f 2389/1/1905 432/1/1353 416/1/1878
f 2386/1/1903 2389/1/1905 431/1/1351
f 2386/1/1903 426/1/1350 432/1/1353
f 2390/1/1906 547/1/1499 549/1/1495
f 2391/1/1907 550/1/1493 548/1/1507
f 2391/1/1907 549/1/1495 543/1/247
f 2392/1/1908 544/1/249 550/1/1493
f 2393/1/1909 2392/1/1908 543/1/247
f 2392/1/1908 2393/1/1909 546/1/250
f 2393/1/1909 545/1/246 547/1/1499
f 2390/1/1906 548/1/1507 546/1/250
f 2395/1/1910 2394/1/1911 461/1/1125
f 2394/1/1911 2395/1/1910 718/1/1123
f 2395/1/1910 717/1/1121 715/1/1585
f 2395/1/1910 2396/1/1912 716/1/1587
f 2396/1/1912 715/1/1585 455/1/1221
f 2397/1/1913 456/1/1220 716/1/1587
f 2397/1/1913 455/1/1221 461/1/1125
f 2397/1/1913 2394/1/1911 462/1/1122
f 2399/1/1914 2398/1/1915 695/1/1731
f 2399/1/1914 610/1/1510 696/1/1733
f 2399/1/1914 609/1/1512 605/1/1503
f 2399/1/1914 2400/1/1916 606/1/1505
f 2401/1/1917 2400/1/1916 605/1/1503
f 2401/1/1917 608/1/1502 606/1/1505
f 2401/1/1917 607/1/1500 687/1/1515
f 2401/1/1917 2402/1/1918 688/1/1525
f 2402/1/1918 687/1/1515 691/1/1524
f 2402/1/1918 2403/1/1919 692/1/1523
f 2398/1/1915 2403/1/1919 691/1/1524
f 2398/1/1915 696/1/1733 692/1/1523
f 2405/1/1920 2404/1/1921 429/1/1243
f 2404/1/1921 2405/1/1920 412/1/1242
f 2406/1/1922 2405/1/1920 411/1/1240
f 2405/1/1920 2406/1/1922 410/1/1449
f 2406/1/1922 409/1/1450 427/1/1570
f 2407/1/1923 428/1/1572 410/1/1449
f 2404/1/1921 2407/1/1923 427/1/1570
f 2407/1/1923 2404/1/1921 430/1/1241
f 2408/1/1924 409/1/1450 421/1/1133
f 2408/1/1924 2409/1/1925 422/1/1135
f 2409/1/1925 421/1/1133 435/1/1175
f 2409/1/1925 2410/1/1926 436/1/1174
f 2411/1/1927 2410/1/1926 435/1/1175
f 2411/1/1927 428/1/1572 436/1/1174
f 2411/1/1927 427/1/1570 409/1/1450
f 2411/1/1927 2408/1/1924 410/1/1449
f 2412/1/1928 423/1/1531 433/1/1137
f 2412/1/1928 2413/1/1929 434/1/1139
f 2413/1/1929 433/1/1137 419/1/1136
f 2413/1/1929 2414/1/1930 420/1/1134
f 2415/1/1931 2414/1/1930 419/1/1136
f 2415/1/1931 414/1/1445 420/1/1134
f 2415/1/1931 413/1/1448 423/1/1531
f 2415/1/1931 2412/1/1928 424/1/1529
f 2417/1/1932 2416/1/1933 511/1/1934
f 2417/1/1932 778/1/1935 512/1/1936
f 2417/1/1932 777/1/1937 591/1/1938
f 2417/1/1932 2418/1/1939 592/1/1940
f 2418/1/1939 591/1/1938 593/1/1941
f 2418/1/1939 2419/1/1942 594/1/1943
f 2420/1/1944 2419/1/1942 593/1/1941
f 2420/1/1944 536/1/1346 594/1/1943
f 2420/1/1944 535/1/1344 431/1/1351
f 2420/1/1944 2421/1/1945 432/1/1353
f 2422/1/1946 2421/1/1945 431/1/1351
f 2422/1/1946 416/1/1878 432/1/1353
f 2422/1/1946 415/1/1877 417/1/1249
f 2422/1/1946 2423/1/1947 418/1/1248
f 2424/1/1948 2423/1/1947 417/1/1249
f 2424/1/1948 438/1/1246 418/1/1248
f 2424/1/1948 437/1/1244 595/1/1949
f 2424/1/1948 2425/1/1950 596/1/1951
f 2426/1/1952 2425/1/1950 595/1/1949
f 2426/1/1952 780/1/1953 596/1/1951
f 2426/1/1952 779/1/1954 483/1/1955
f 2426/1/1952 2427/1/1956 484/1/1957
f 2427/1/1956 483/1/1955 485/1/1958
f 2427/1/1956 2428/1/1959 486/1/1960
f 2428/1/1959 485/1/1958 775/1/1961
f 2428/1/1959 2429/1/1962 776/1/1963
f 2430/1/1964 2429/1/1962 775/1/1961
f 2430/1/1964 514/1/1965 776/1/1963
f 2416/1/1933 2430/1/1964 513/1/1966
f 2416/1/1933 512/1/1936 514/1/1965
f 2431/1/1967 539/1/1259 459/1/1536
f 2431/1/1967 2432/1/1968 460/1/1537
f 2432/1/1968 459/1/1536 739/1/1691
f 2432/1/1968 2433/1/1969 740/1/1693
f 2433/1/1969 739/1/1691 741/1/1688
f 2434/1/1970 742/1/1690 740/1/1693
f 2431/1/1967 2434/1/1970 741/1/1688
f 2431/1/1967 540/1/1258 742/1/1690
f 2436/1/1971 2435/1/1972 579/1/1487
f 2435/1/1972 2436/1/1971 582/1/1484
f 2437/1/1973 2436/1/1971 581/1/1482
f 2436/1/1971 2437/1/1973 576/1/1763
f 2437/1/1973 575/1/1765 577/1/1974
f 2438/1/1975 578/1/1976 576/1/1763
f 2435/1/1972 2438/1/1975 577/1/1974
f 2435/1/1972 580/1/1486 578/1/1976
f 2440/1/1977 2439/1/1978 477/1/1403
f 2440/1/1977 510/1/1157 478/1/1405
f 2440/1/1977 509/1/1155 507/1/1152
f 2440/1/1977 2441/1/1979 508/1/1154
f 2442/1/1980 2441/1/1979 507/1/1152
f 2442/1/1980 474/1/1808 508/1/1154
f 2439/1/1978 2442/1/1980 473/1/1806
f 2442/1/1980 2439/1/1978 478/1/1405
f 2444/1/1981 2443/1/1982 459/1/1536
f 2443/1/1982 2444/1/1981 458/1/1104
f 2445/1/1983 2444/1/1981 457/1/1095
f 2444/1/1981 2445/1/1983 738/1/1103
f 2446/1/1984 2445/1/1983 737/1/1101
f 2445/1/1983 2446/1/1984 740/1/1693
f 2446/1/1984 739/1/1691 459/1/1536
f 2443/1/1982 460/1/1537 740/1/1693
f 2447/1/1985 467/1/1719 469/1/1357
f 2447/1/1985 2448/1/1986 470/1/1356
f 2448/1/1986 469/1/1357 445/1/1311
f 2449/1/1987 446/1/1321 470/1/1356
f 2450/1/1988 2449/1/1987 445/1/1311
f 2449/1/1987 2450/1/1988 440/1/1720
f 2447/1/1985 2450/1/1988 439/1/1714
f 2450/1/1988 2447/1/1985 468/1/1718
f 2452/1/1989 2451/1/1990 769/1/1251
f 2451/1/1990 2452/1/1989 540/1/1258
f 2453/1/1991 2452/1/1989 539/1/1259
f 2452/1/1989 2453/1/1991 742/1/1690
f 2454/1/1992 2453/1/1991 741/1/1688
f 2453/1/1991 2454/1/1992 736/1/1686
f 2454/1/1992 735/1/1687 769/1/1251
f 2451/1/1990 770/1/1255 736/1/1686
f 2456/1/1993 2455/1/1994 831/1/1995
f 2456/1/1993 834/1/1996 832/1/1997
f 2456/1/1993 833/1/1998 801/1/1271
f 2456/1/1993 2457/1/1999 802/1/1269
f 2458/1/2000 2457/1/1999 801/1/1271
f 2458/1/2000 800/1/1267 802/1/1269
f 2458/1/2000 799/1/1265 831/1/1995
f 2458/1/2000 2455/1/1994 832/1/1997
f 2460/1/2001 2459/1/2002 803/1/2003
f 2460/1/2001 806/1/2004 804/1/2005
f 2461/1/2006 2460/1/2001 805/1/2007
f 2461/1/2006 528/1/1304 806/1/2004
f 2462/1/2008 2461/1/2006 527/1/1306
f 2462/1/2008 530/1/1302 528/1/1304
f 2462/1/2008 529/1/1300 803/1/2003
f 2462/1/2008 2459/1/2002 804/1/2005
f 2464/1/2009 2463/1/2010 473/1/1806
f 2463/1/2010 2464/1/2009 812/1/2011
f 2465/1/2012 2464/1/2009 811/1/2013
f 2465/1/2012 814/1/2014 812/1/2011
f 2465/1/2012 813/1/2015 475/1/1809
f 2466/1/2016 476/1/1811 814/1/2014
f 2463/1/2010 2466/1/2016 475/1/1809
f 2466/1/2016 2463/1/2010 474/1/1808
f 2467/1/2017 471/1/1804 475/1/1809
f 2468/1/2018 476/1/1811 472/1/1812
f 2468/1/2018 475/1/1809 511/1/1934
f 2468/1/2018 2469/1/2019 512/1/1936
f 2470/1/2020 2469/1/2019 511/1/1934
f 2470/1/2020 514/1/1965 512/1/1936
f 2470/1/2020 513/1/1966 471/1/1804
f 2470/1/2020 2467/1/2017 472/1/1812
f 2472/1/2021 2471/1/2022 483/1/1955
f 2472/1/2021 448/1/1437 484/1/1957
f 2472/1/2021 447/1/1436 451/1/1439
f 2472/1/2021 2473/1/2023 452/1/1441
f 2474/1/2024 2473/1/2023 451/1/1439
f 2474/1/2024 486/1/1960 452/1/1441
f 2474/1/2024 485/1/1958 483/1/1955
f 2474/1/2024 2471/1/2022 484/1/1957
f 2476/1/2025 2475/1/2026 443/1/1760
f 2476/1/2025 442/1/1319 444/1/1759
f 2477/1/2027 2476/1/2025 441/1/1320
f 2476/1/2025 2477/1/2027 532/1/2028
f 2477/1/2027 531/1/2029 533/1/1723
f 2478/1/2030 534/1/1728 532/1/2028
f 2478/1/2030 533/1/1723 443/1/1760
f 2475/1/2026 444/1/1759 534/1/1728
f 2480/1/2031 2479/1/2032 821/1/1901
f 2480/1/2031 832/1/1997 822/1/1900
f 2481/1/2033 2480/1/2031 831/1/1995
f 2481/1/2033 800/1/1267 832/1/1997
f 2482/1/2034 2481/1/2033 799/1/1265
f 2482/1/2034 796/1/1264 800/1/1267
f 2482/1/2034 795/1/1262 821/1/1901
f 2482/1/2034 2479/1/2032 822/1/1900
f 2483/1/2035 507/1/1152 785/1/1151
f 2483/1/2035 2484/1/2036 786/1/1150
f 2485/1/2037 2484/1/2036 785/1/1151
f 2485/1/2037 812/1/2011 786/1/1150
f 2485/1/2037 811/1/2013 473/1/1806
f 2486/1/2038 474/1/1808 812/1/2011
f 2486/1/2038 473/1/1806 507/1/1152
f 2486/1/2038 2483/1/2035 508/1/1154
f 2488/1/2039 2487/1/2040 503/1/1279
f 2488/1/2039 506/1/1276 504/1/1278
f 2489/1/2041 2488/1/2039 505/1/1274
f 2489/1/2041 440/1/1720 506/1/1276
f 2490/1/2042 2489/1/2041 439/1/1714
f 2490/1/2042 444/1/1759 440/1/1720
f 2490/1/2042 443/1/1760 503/1/1279
f 2490/1/2042 2487/1/2040 504/1/1278
f 2491/1/2043 531/1/2029 551/1/1427
f 2491/1/2043 2492/1/2044 552/1/1429
f 2493/1/2045 2492/1/2044 551/1/1427
f 2492/1/2044 2493/1/2045 794/1/1425
f 2494/1/2046 2493/1/2045 793/1/1426
f 2494/1/2046 816/1/2047 794/1/1425
f 2494/1/2046 815/1/2048 531/1/2029
f 2491/1/2043 532/1/2028 816/1/2047
f 2495/1/2049 515/1/1347 517/1/1533
f 2495/1/2049 2496/1/2050 518/1/1532
f 2497/1/2051 2496/1/2050 517/1/1533
f 2496/1/2050 2497/1/2051 424/1/1529
f 2498/1/2052 2497/1/2051 423/1/1531
f 2497/1/2051 2498/1/2052 426/1/1350
f 2498/1/2052 425/1/1348 515/1/1347
f 2495/1/2049 516/1/1345 426/1/1350
f 2500/1/2053 2499/1/2054 807/1/1369
f 2500/1/2053 526/1/1392 808/1/1368
f 2500/1/2053 525/1/1390 523/1/1387
f 2500/1/2053 2501/1/2055 524/1/1389
f 2501/1/2055 523/1/1387 809/1/1370
f 2501/1/2055 2502/1/2056 810/1/1372
f 2502/1/2056 809/1/1370 807/1/1369
f 2502/1/2056 2499/1/2054 808/1/1368
f 2503/1/2057 575/1/1765 515/1/1347
f 2504/1/2058 516/1/1345 576/1/1763
f 2504/1/2058 515/1/1347 535/1/1344
f 2504/1/2058 2505/1/2059 536/1/1346
f 2506/1/2060 2505/1/2059 535/1/1344
f 2506/1/2060 594/1/1943 536/1/1346
f 2506/1/2060 593/1/1941 575/1/1765
f 2506/1/2060 2503/1/2057 576/1/1763
f 2508/1/2061 2507/1/2062 823/1/2063
f 2507/1/2062 2508/1/2061 826/1/2064
f 2509/1/2065 2508/1/2061 825/1/2066
f 2509/1/2065 830/1/1366 826/1/2064
f 2509/1/2065 829/1/1364 827/1/1363
f 2510/1/2067 828/1/1373 830/1/1366
f 2510/1/2067 827/1/1363 823/1/2063
f 2507/1/2062 824/1/2068 828/1/1373
f 2512/1/2069 2511/1/2070 569/1/1421
f 2512/1/2069 792/1/1416 570/1/1419
f 2512/1/2069 791/1/1418 819/1/1899
f 2512/1/2069 2513/1/2071 820/1/1897
f 2514/1/2072 2513/1/2071 819/1/1899
f 2514/1/2072 562/1/1229 820/1/1897
f 2511/1/2070 2514/1/2072 561/1/1231
f 2511/1/2070 570/1/1419 562/1/1229
f 2515/1/2073 565/1/1261 557/1/1233
f 2515/1/2073 2516/1/2074 558/1/1232
f 2516/1/2074 557/1/1233 821/1/1901
f 2516/1/2074 2517/1/2075 822/1/1900
f 2518/1/2076 2517/1/2075 821/1/1901
f 2518/1/2076 796/1/1264 822/1/1900
f 2518/1/2076 795/1/1262 565/1/1261
f 2518/1/2076 2515/1/2073 566/1/1289
f 2519/1/2077 487/1/1575 613/1/1854
f 2519/1/2077 2520/1/2078 614/1/1853
f 2521/1/2079 2520/1/2078 613/1/1854
f 2521/1/2079 612/1/1867 614/1/1853
f 2521/1/2079 611/1/1865 489/1/1871
f 2522/1/2080 490/1/1873 612/1/1867
f 2522/1/2080 489/1/1871 487/1/1575
f 2522/1/2080 2519/1/2077 488/1/1583
f 2524/1/2081 2523/1/2082 511/1/1934
f 2524/1/2081 476/1/1811 512/1/1936
f 2525/1/2083 2524/1/2081 475/1/1809
f 2524/1/2081 2525/1/2083 814/1/2014
f 2525/1/2083 813/1/2015 777/1/1937
f 2525/1/2083 2526/1/2084 778/1/1935
f 2523/1/2082 2526/1/2084 777/1/1937
f 2523/1/2082 512/1/1936 778/1/1935
f 2528/1/2085 2527/1/2086 823/1/2063
f 2528/1/2085 806/1/2004 824/1/2068
f 2529/1/2087 2528/1/2085 805/1/2007
f 2529/1/2087 804/1/2005 806/1/2004
f 2529/1/2087 803/1/2003 825/1/2066
f 2529/1/2087 2530/1/2088 826/1/2064
f 2527/1/2086 2530/1/2088 825/1/2066
f 2527/1/2086 824/1/2068 826/1/2064
f 2532/1/2089 2531/1/2090 591/1/1938
f 2532/1/2089 578/1/1976 592/1/1940
f 2532/1/2089 577/1/1974 575/1/1765
f 2532/1/2089 2533/1/2091 576/1/1763
f 2534/1/2092 2533/1/2091 575/1/1765
f 2534/1/2092 594/1/1943 576/1/1763
f 2534/1/2092 593/1/1941 591/1/1938
f 2534/1/2092 2531/1/2090 592/1/1940
f 2536/1/2093 2535/1/2094 465/1/1097
f 2535/1/2094 2536/1/2093 464/1/1224
f 2536/1/2093 463/1/1222 487/1/1575
f 2537/1/2095 488/1/1583 464/1/1224
f 2537/1/2095 487/1/1575 489/1/1871
f 2537/1/2095 2538/1/2096 490/1/1873
f 2538/1/2096 489/1/1871 465/1/1097
f 2538/1/2096 2535/1/2094 466/1/1096
f 2539/1/2097 611/1/1865 613/1/1854
f 2539/1/2097 2540/1/2098 614/1/1853
f 2541/1/2099 2540/1/2098 613/1/1854
f 2541/1/2099 772/1/1399 614/1/1853
f 2541/1/2099 771/1/1400 767/1/1395
f 2541/1/2099 2542/1/2100 768/1/1397
f 2539/1/2097 2542/1/2100 767/1/1395
f 2542/1/2100 2539/1/2097 612/1/1867
f 2544/1/2101 2543/1/2102 833/1/1998
f 2543/1/2102 2544/1/2101 832/1/1997
f 2544/1/2101 831/1/1995 835/1/1332
f 2545/1/2103 836/1/1334 832/1/1997
f 2545/1/2103 835/1/1332 837/1/1341
f 2546/1/2104 838/1/1340 836/1/1334
f 2543/1/2102 2546/1/2104 837/1/1341
f 2543/1/2102 834/1/1996 838/1/1340
f 2547/1/2105 789/1/1335 835/1/1332
f 2547/1/2105 2548/1/2106 836/1/1334
f 2548/1/2106 835/1/1332 819/1/1899
f 2548/1/2106 2549/1/2107 820/1/1897
f 2550/1/2108 2549/1/2107 819/1/1899
f 2550/1/2108 792/1/1416 820/1/1897
f 2550/1/2108 791/1/1418 789/1/1335
f 2550/1/2108 2547/1/2105 790/1/1333
f 2552/1/2109 2551/1/2110 581/1/1482
f 2552/1/2109 590/1/1145 582/1/1484
f 2552/1/2109 589/1/1143 537/1/1142
f 2552/1/2109 2553/1/2111 538/1/1141
f 2554/1/2112 2553/1/2111 537/1/1142
f 2554/1/2112 518/1/1532 538/1/1141
f 2551/1/2110 2554/1/2112 517/1/1533
f 2554/1/2112 2551/1/2110 582/1/1484
f 2556/1/2113 2555/1/2114 449/1/1324
f 2556/1/2113 482/1/1162 450/1/1326
f 2557/1/2115 2556/1/2113 481/1/1164
f 2557/1/2115 782/1/1160 482/1/1162
f 2557/1/2115 781/1/1158 845/1/1406
f 2557/1/2115 2558/1/2116 846/1/1408
f 2555/1/2114 2558/1/2116 845/1/1406
f 2555/1/2114 450/1/1326 846/1/1408
f 2560/1/2117 2559/1/2118 585/1/1567
f 2560/1/2117 842/1/1748 586/1/1569
f 2560/1/2117 841/1/1747 779/1/1954
f 2560/1/2117 2561/1/2119 780/1/1953
f 2562/1/2120 2561/1/2119 779/1/1954
f 2562/1/2120 596/1/1951 780/1/1953
f 2559/1/2118 2562/1/2120 595/1/1949
f 2559/1/2118 586/1/1569 596/1/1951
f 2563/1/2121 573/1/1489 603/1/1117
f 2563/1/2121 2564/1/2122 604/1/1116
f 2564/1/2122 603/1/1117 599/1/251
f 2565/1/2123 600/1/253 604/1/1116
f 2566/1/2124 2565/1/2123 599/1/251
f 2566/1/2124 544/1/249 600/1/253
f 2563/1/2121 2566/1/2124 543/1/247
f 2566/1/2124 2563/1/2121 574/1/1491
f 2568/1/2125 2567/1/2126 531/1/2029
f 2567/1/2126 2568/1/2125 816/1/2047
f 2568/1/2125 815/1/2048 817/1/1725
f 2568/1/2125 2569/1/2127 818/1/1724
f 2569/1/2127 817/1/1725 533/1/1723
f 2570/1/2128 534/1/1728 818/1/1724
f 2570/1/2128 533/1/1723 531/1/2029
f 2570/1/2128 2567/1/2126 532/1/2028
f 2571/1/2129 533/1/1723 553/1/1280
f 2571/1/2129 2572/1/2130 554/1/1282
f 2572/1/2130 553/1/1280 503/1/1279
f 2572/1/2130 2573/1/2131 504/1/1278
f 2574/1/2132 2573/1/2131 503/1/1279
f 2574/1/2132 444/1/1759 504/1/1278
f 2574/1/2132 443/1/1760 533/1/1723
f 2574/1/2132 2571/1/2129 534/1/1728
f 2575/1/2133 655/1/1606 647/1/1297
f 2575/1/2133 2576/1/2134 648/1/1296
f 2576/1/2134 647/1/1297 667/1/1295
f 2576/1/2134 2577/1/2135 668/1/1293
f 2577/1/2135 667/1/1295 663/1/1647
f 2577/1/2135 2578/1/2136 664/1/1649
f 2575/1/2133 2578/1/2136 663/1/1647
f 2575/1/2133 656/1/1608 664/1/1649
f 2579/1/2137 839/1/1458 783/1/1169
f 2579/1/2137 2580/1/2138 784/1/1168
f 2581/1/2139 2580/1/2138 783/1/1169
f 2580/1/2138 2581/1/2139 480/1/1165
f 2582/1/2140 2581/1/2139 479/1/1167
f 2582/1/2140 454/1/1328 480/1/1165
f 2582/1/2140 453/1/1329 839/1/1458
f 2579/1/2137 840/1/1457 454/1/1328
f 2583/1/2141 483/1/1955 779/1/1954
f 2584/1/2142 780/1/1953 484/1/1957
f 2585/1/2143 2584/1/2142 779/1/1954
f 2585/1/2143 842/1/1748 780/1/1953
f 2586/1/2144 2585/1/2143 841/1/1747
f 2585/1/2143 2586/1/2144 448/1/1437
f 2586/1/2144 447/1/1436 483/1/1955
f 2586/1/2144 2583/1/2141 484/1/1957
f 2588/1/2145 2587/1/2146 843/1/2147
f 2588/1/2145 472/1/1812 844/1/2148
f 2589/1/2149 2588/1/2145 471/1/1804
f 2589/1/2149 514/1/1965 472/1/1812
f 2590/1/2150 2589/1/2149 513/1/1966
f 2590/1/2150 776/1/1963 514/1/1965
f 2590/1/2150 775/1/1961 843/1/2147
f 2590/1/2150 2587/1/2146 844/1/2148
f 2592/1/2151 2591/1/2152 841/1/1747
f 2591/1/2152 2592/1/2151 586/1/1569
f 2593/1/2153 2592/1/2151 585/1/1567
f 2593/1/2153 584/1/1459 586/1/1569
f 2593/1/2153 583/1/1453 839/1/1458
f 2594/1/2154 840/1/1457 584/1/1459
f 2594/1/2154 839/1/1458 841/1/1747
f 2591/1/2152 842/1/1748 840/1/1457
f 2595/1/2155 831/1/1995 821/1/1901
f 2596/1/2156 822/1/1900 832/1/1997
f 2596/1/2156 821/1/1901 819/1/1899
f 2596/1/2156 2597/1/2157 820/1/1897
f 2598/1/2158 2597/1/2157 819/1/1899
f 2597/1/2157 2598/1/2158 836/1/1334
f 2598/1/2158 835/1/1332 831/1/1995
f 2598/1/2158 2595/1/2155 832/1/1997
f 2600/1/2159 2599/1/2160 761/1/1796
f 2599/1/2160 2600/1/2159 760/1/1825
f 2601/1/2161 2600/1/2159 759/1/1826
f 2600/1/2159 2601/1/2161 750/1/1640
f 2601/1/2161 749/1/1642 753/1/1541
f 2602/1/2162 754/1/1551 750/1/1640
f 2599/1/2160 2602/1/2162 753/1/1541
f 2602/1/2162 2599/1/2160 762/1/1800
f 2604/1/2163 2603/1/2164 499/1/1315
f 2604/1/2163 552/1/1429 500/1/1317
f 2605/1/2165 2604/1/2163 551/1/1427
f 2605/1/2165 532/1/2028 552/1/1429
f 2606/1/2166 2605/1/2165 531/1/2029
f 2606/1/2166 442/1/1319 532/1/2028
f 2606/1/2166 441/1/1320 499/1/1315
f 2606/1/2166 2603/1/2164 500/1/1317
f 2608/1/2167 2607/1/2168 843/1/2147
f 2607/1/2168 2608/1/2167 846/1/1408
f 2608/1/2167 845/1/1406 477/1/1403
f 2609/1/2169 478/1/1405 846/1/1408
f 2609/1/2169 477/1/1403 471/1/1804
f 2609/1/2169 2610/1/2170 472/1/1812
f 2607/1/2168 2610/1/2170 471/1/1804
f 2610/1/2170 2607/1/2168 844/1/2148
f 2611/1/2171 765/1/1797 761/1/1796
f 2611/1/2171 2612/1/2172 762/1/1800
f 2612/1/2172 761/1/1796 753/1/1541
f 2613/1/2173 754/1/1551 762/1/1800
f 2613/1/2173 753/1/1541 751/1/1550
f 2614/1/2174 752/1/1549 754/1/1551
f 2611/1/2171 2614/1/2174 751/1/1550
f 2614/1/2174 2611/1/2171 766/1/1799
f 2615/1/2175 743/1/1469 745/1/1644
f 2616/1/2176 746/1/1643 744/1/1467
f 2617/1/2177 2616/1/2176 745/1/1644
f 2616/1/2176 2617/1/2177 758/1/1839
f 2617/1/2177 757/1/1840 755/1/1470
f 2617/1/2177 2618/1/2178 756/1/1472
f 2615/1/2175 2618/1/2178 755/1/1470
f 2618/1/2178 2615/1/2175 744/1/1467
f 2620/1/2179 2619/1/2180 437/1/1244
f 2620/1/2179 430/1/1241 438/1/1246
f 2621/1/2181 2620/1/2179 429/1/1243
f 2620/1/2179 2621/1/2181 586/1/1569
f 2621/1/2181 585/1/1567 595/1/1949
f 2621/1/2181 2622/1/2182 596/1/1951
f 2622/1/2182 595/1/1949 437/1/1244
f 2619/1/2180 438/1/1246 596/1/1951
f 2623/1/2183 745/1/1644 749/1/1642
f 2624/1/2184 750/1/1640 746/1/1643
f 2624/1/2184 749/1/1642 759/1/1826
f 2625/1/2185 760/1/1825 750/1/1640
f 2626/1/2186 2625/1/2185 759/1/1826
f 2625/1/2185 2626/1/2186 758/1/1839
f 2626/1/2186 757/1/1840 745/1/1644
f 2626/1/2186 2623/1/2183 746/1/1643
f 2628/1/2187 2627/1/2188 435/1/1175
f 2627/1/2188 2628/1/2187 598/1/1172
f 2629/1/2189 2628/1/2187 597/1/1170
f 2629/1/2189 584/1/1459 598/1/1172
f 2629/1/2189 583/1/1453 427/1/1570
f 2630/1/2190 428/1/1572 584/1/1459
f 2630/1/2190 427/1/1570 435/1/1175
f 2630/1/2190 2627/1/2188 436/1/1174
f 2632/1/2191 2631/1/2192 751/1/1550
f 2631/1/2192 2632/1/2191 748/1/1468
f 2633/1/2193 2632/1/2191 747/1/1466
f 2633/1/2193 764/1/1474 748/1/1468
f 2633/1/2193 763/1/1475 765/1/1797
f 2634/1/2194 766/1/1799 764/1/1474
f 2631/1/2192 2634/1/2194 765/1/1797
f 2634/1/2194 2631/1/2192 752/1/1549
f 2636/1/2195 2635/1/2196 451/1/1439
f 2636/1/2195 450/1/1326 452/1/1441
f 2637/1/2197 2636/1/2195 449/1/1324
f 2636/1/2195 2637/1/2197 846/1/1408
f 2637/1/2197 845/1/1406 843/1/2147
f 2637/1/2197 2638/1/2198 844/1/2148
f 2638/1/2198 843/1/2147 451/1/1439
f 2635/1/2196 452/1/1441 844/1/2148
f 2639/1/2199 451/1/1439 843/1/2147
f 2639/1/2199 2640/1/2200 844/1/2148
f 2641/1/2201 2640/1/2200 843/1/2147
f 2641/1/2201 776/1/1963 844/1/2148
f 2641/1/2201 775/1/1961 485/1/1958
f 2641/1/2201 2642/1/2202 486/1/1960
f 2642/1/2202 485/1/1958 451/1/1439
f 2642/1/2202 2639/1/2199 452/1/1441
f 2643/1/2203 1205/1/2204 1201/1/2205
f 2644/1/2206 1202/1/2207 1206/1/2208
f 2644/1/2206 1201/1/2205 1193/1/2209
f 2645/1/2210 1194/1/2211 1202/1/2207
f 2646/1/2212 2645/1/2210 1193/1/2209
f 2646/1/2212 1192/1/2213 1194/1/2211
f 2646/1/2212 1191/1/2214 1205/1/2204
f 2646/1/2212 2643/1/2203 1206/1/2208
f 2648/1/2215 2647/1/2216 1151/1/2217
f 2648/1/2215 1214/1/2218 1152/1/2219
f 2649/1/2220 2648/1/2215 1213/1/2221
f 2648/1/2215 2649/1/2220 1212/1/2222
f 2649/1/2220 1211/1/2223 1161/1/2224
f 2649/1/2220 2650/1/2225 1162/1/2226
f 2647/1/2216 2650/1/2225 1161/1/2224
f 2650/1/2225 2647/1/2216 1152/1/2219
f 2652/1/2227 2651/1/2228 927/1/2229
f 2651/1/2228 2652/1/2227 904/1/2230
f 2653/1/2231 2652/1/2227 903/1/2232
f 2652/1/2227 2653/1/2231 1154/1/2233
f 2653/1/2231 1153/1/2234 1163/1/2235
f 2654/1/2236 1164/1/2237 1154/1/2233
f 2654/1/2236 1163/1/2235 927/1/2229
f 2651/1/2228 928/1/2238 1164/1/2237
f 2656/1/2239 2655/1/2240 1157/1/2241
f 2656/1/2239 902/1/2242 1158/1/2243
f 2657/1/2244 2656/1/2239 901/1/2245
f 2657/1/2244 982/1/2246 902/1/2242
f 2657/1/2244 981/1/2247 1159/1/2248
f 2657/1/2244 2658/1/2249 1160/1/2250
f 2658/1/2249 1159/1/2248 1157/1/2241
f 2655/1/2240 1158/1/2243 1160/1/2250
f 2659/1/2251 987/1/2252 989/1/2253
f 2660/1/2254 990/1/2255 988/1/2256
f 2661/1/2257 2660/1/2254 989/1/2253
f 2661/1/2257 984/1/2258 990/1/2255
f 2662/1/2259 2661/1/2257 983/1/2260
f 2661/1/2257 2662/1/2259 986/1/2261
f 2659/1/2251 2662/1/2259 985/1/2262
f 2662/1/2259 2659/1/2251 988/1/2256
f 2664/1/2263 2663/1/2264 1209/1/2265
f 2663/1/2264 2664/1/2263 1214/1/2218
f 2665/1/2266 2664/1/2263 1213/1/2221
f 2664/1/2263 2665/1/2266 982/1/2246
f 2666/1/2267 2665/1/2266 981/1/2247
f 2665/1/2266 2666/1/2267 980/1/2268
f 2663/1/2264 2666/1/2267 979/1/2269
f 2663/1/2264 1210/1/2270 980/1/2268
f 2668/1/2271 2667/1/2272 1171/1/2273
f 2667/1/2272 2668/1/2271 1170/1/2274
f 2669/1/2275 2668/1/2271 1169/1/2276
f 2669/1/2275 930/1/2277 1170/1/2274
f 2670/1/2278 2669/1/2275 929/1/2279
f 2669/1/2275 2670/1/2278 1052/1/2280
f 2670/1/2278 1051/1/2281 1171/1/2273
f 2670/1/2278 2667/1/2272 1172/1/2282
f 2671/1/2283 1083/1/2284 1111/1/2285
f 2671/1/2283 2672/1/2286 1112/1/2287
f 2672/1/2286 1111/1/2285 1107/1/2288
f 2673/1/2289 1108/1/2290 1112/1/2287
f 2674/1/2291 2673/1/2289 1107/1/2288
f 2674/1/2291 1088/1/2292 1108/1/2290
f 2674/1/2291 1087/1/2293 1083/1/2284
f 2674/1/2291 2671/1/2283 1084/1/2294
f 2676/1/2295 2675/1/2296 1145/1/2297
f 2676/1/2295 1140/1/2298 1146/1/2299
f 2677/1/2300 2676/1/2295 1139/1/2301
f 2677/1/2300 1042/1/2302 1140/1/2298
f 2677/1/2300 1041/1/2303 1039/1/2304
f 2677/1/2300 2678/1/2305 1040/1/2306
f 2679/1/2307 2678/1/2305 1039/1/2304
f 2679/1/2307 1044/1/2308 1040/1/2306
f 2679/1/2307 1043/1/2309 1147/1/2310
f 2679/1/2307 2680/1/2311 1148/1/2312
f 2680/1/2311 1147/1/2310 1145/1/2297
f 2680/1/2311 2675/1/2296 1146/1/2299
f 2681/1/2313 1025/1/2314 869/1/2315
f 2682/1/2316 870/1/2317 1026/1/2318
f 2682/1/2316 869/1/2315 867/1/2319
f 2683/1/2320 868/1/2321 870/1/2317
f 2684/1/2322 2683/1/2320 867/1/2319
f 2683/1/2320 2684/1/2322 1024/1/2323
f 2681/1/2313 2684/1/2322 1023/1/2324
f 2681/1/2313 1026/1/2318 1024/1/2323
f 2686/1/2325 2685/1/2326 1099/1/2327
f 2686/1/2325 1102/1/2328 1100/1/2329
f 2687/1/2330 2686/1/2325 1101/1/2331
f 2687/1/2330 1092/1/2332 1102/1/2328
f 2687/1/2330 1091/1/2333 1095/1/2334
f 2687/1/2330 2688/1/2335 1096/1/2336
f 2685/1/2326 2688/1/2335 1095/1/2334
f 2688/1/2335 2685/1/2326 1100/1/2329
f 2690/1/2337 2689/1/2338 913/1/2339
f 2689/1/2338 2690/1/2337 1252/1/2340
f 2690/1/2337 1251/1/2341 1253/1/2342
f 2691/1/2343 1254/1/2344 1252/1/2340
f 2691/1/2343 1253/1/2342 915/1/2345
f 2692/1/2346 916/1/2347 1254/1/2344
f 2689/1/2338 2692/1/2346 915/1/2345
f 2692/1/2346 2689/1/2338 914/1/2348
f 2693/1/2349 1005/1/2350 997/1/2351
f 2693/1/2349 2694/1/2352 998/1/2353
f 2694/1/2352 997/1/2351 1261/1/2354
f 2694/1/2352 2695/1/2355 1262/1/2356
f 2696/1/2357 2695/1/2355 1261/1/2354
f 2696/1/2357 1236/1/2358 1262/1/2356
f 2696/1/2357 1235/1/2359 1005/1/2350
f 2696/1/2357 2693/1/2349 1006/1/2360
f 2697/1/2361 931/1/2362 969/1/2363
f 2697/1/2361 2698/1/2364 970/1/2365
f 2699/1/2366 2698/1/2364 969/1/2363
f 2699/1/2366 968/1/2367 970/1/2365
f 2700/1/2368 2699/1/2366 967/1/2369
f 2700/1/2368 938/1/2370 968/1/2367
f 2697/1/2361 2700/1/2368 937/1/2371
f 2697/1/2361 932/1/2372 938/1/2370
f 2701/1/2373 885/1/2374 941/1/2375
f 2701/1/2373 2702/1/2376 942/1/2377
f 2702/1/2376 941/1/2375 939/1/2378
f 2702/1/2376 2703/1/2379 940/1/2380
f 2704/1/2381 2703/1/2379 939/1/2378
f 2704/1/2381 882/1/2382 940/1/2380
f 2704/1/2381 881/1/2383 885/1/2374
f 2704/1/2381 2701/1/2373 886/1/2384
f 2705/1/2385 911/1/2386 915/1/2345
f 2706/1/2387 916/1/2347 912/1/2388
f 2706/1/2387 915/1/2345 951/1/2389
f 2706/1/2387 2707/1/2390 952/1/2391
f 2708/1/2392 2707/1/2390 951/1/2389
f 2708/1/2392 954/1/2393 952/1/2391
f 2708/1/2392 953/1/2394 911/1/2386
f 2708/1/2392 2705/1/2385 912/1/2388
f 2710/1/2395 2709/1/2396 1209/1/2265
f 2709/1/2396 2710/1/2395 1208/1/2397
f 2710/1/2395 1207/1/2398 1211/1/2223
f 2711/1/2399 1212/1/2222 1208/1/2397
f 2712/1/2400 2711/1/2399 1211/1/2223
f 2711/1/2399 2712/1/2400 1214/1/2218
f 2712/1/2400 1213/1/2221 1209/1/2265
f 2709/1/2396 1210/1/2270 1214/1/2218
f 2714/1/2401 2713/1/2402 1243/1/2403
f 2714/1/2401 1246/1/2404 1244/1/2405
f 2715/1/2406 2714/1/2401 1245/1/2407
f 2715/1/2406 968/1/2367 1246/1/2404
f 2716/1/2408 2715/1/2406 967/1/2369
f 2716/1/2408 970/1/2365 968/1/2367
f 2716/1/2408 969/1/2363 1243/1/2403
f 2716/1/2408 2713/1/2402 1244/1/2405
f 2717/1/2409 1267/1/2410 1269/1/2411
f 2717/1/2409 2718/1/2412 1270/1/2413
f 2719/1/2414 2718/1/2412 1269/1/2411
f 2719/1/2414 1248/1/2415 1270/1/2413
f 2719/1/2414 1247/1/2416 1249/1/2417
f 2719/1/2414 2720/1/2418 1250/1/2419
f 2720/1/2418 1249/1/2417 1267/1/2410
f 2720/1/2418 2717/1/2409 1268/1/2420
f 2721/1/2421 879/1/2422 945/1/2423
f 2721/1/2421 2722/1/2424 946/1/2425
f 2723/1/2426 2722/1/2424 945/1/2423
f 2722/1/2424 2723/1/2426 960/1/2427
f 2724/1/2428 2723/1/2426 959/1/2429
f 2724/1/2428 908/1/2430 960/1/2427
f 2724/1/2428 907/1/2431 879/1/2422
f 2721/1/2421 880/1/2432 908/1/2430
f 2726/1/2433 2725/1/2434 1129/1/2435
f 2726/1/2433 1138/1/2436 1130/1/2437
f 2726/1/2433 1137/1/2438 1135/1/2439
f 2726/1/2433 2727/1/2440 1136/1/2441
f 2728/1/2442 2727/1/2440 1135/1/2439
f 2728/1/2442 1132/1/2443 1136/1/2441
f 2728/1/2442 1131/1/2444 1129/1/2435
f 2728/1/2442 2725/1/2434 1130/1/2437
f 2729/1/2445 935/1/2446 933/1/2447
f 2729/1/2445 2730/1/2448 934/1/2449
f 2730/1/2448 933/1/2447 963/1/2450
f 2730/1/2448 2731/1/2451 964/1/2452
f 2731/1/2451 963/1/2450 965/1/2453
f 2731/1/2451 2732/1/2454 966/1/2455
f 2729/1/2445 2732/1/2454 965/1/2453
f 2729/1/2445 936/1/2456 966/1/2455
f 2733/1/2457 973/1/2458 993/1/2459
f 2733/1/2457 2734/1/2460 994/1/2461
f 2734/1/2460 993/1/2459 943/1/2462
f 2734/1/2460 2735/1/2463 944/1/2464
f 2736/1/2465 2735/1/2463 943/1/2462
f 2736/1/2465 884/1/2466 944/1/2464
f 2736/1/2465 883/1/2467 973/1/2458
f 2736/1/2465 2733/1/2457 974/1/2468
f 2738/1/2469 2737/1/2470 1247/1/2416
f 2738/1/2469 966/1/2455 1248/1/2415
f 2738/1/2469 965/1/2453 963/1/2450
f 2738/1/2469 2739/1/2471 964/1/2452
f 2739/1/2471 963/1/2450 1249/1/2417
f 2739/1/2471 2740/1/2472 1250/1/2419
f 2740/1/2472 1249/1/2417 1247/1/2416
f 2740/1/2472 2737/1/2470 1248/1/2415
f 2742/1/2473 2741/1/2474 1021/1/2475
f 2742/1/2473 1030/1/2476 1022/1/2477
f 2742/1/2473 1029/1/2478 977/1/2479
f 2742/1/2473 2743/1/2480 978/1/2481
f 2744/1/2482 2743/1/2480 977/1/2479
f 2744/1/2482 958/1/2483 978/1/2481
f 2741/1/2474 2744/1/2482 957/1/2484
f 2744/1/2482 2741/1/2474 1022/1/2477
f 2746/1/2485 2745/1/2486 1283/1/2487
f 2745/1/2486 2746/1/2485 1286/1/2488
f 2746/1/2485 1285/1/2489 917/1/2490
f 2747/1/2491 918/1/2492 1286/1/2488
f 2748/1/2493 2747/1/2491 917/1/2490
f 2748/1/2493 912/1/2388 918/1/2492
f 2745/1/2486 2748/1/2493 911/1/2386
f 2748/1/2493 2745/1/2486 1284/1/2494
f 2749/1/2495 1173/1/2496 905/1/2497
f 2750/1/2498 906/1/2499 1174/1/2500
f 2750/1/2498 905/1/2497 929/1/2279
f 2750/1/2498 2751/1/2501 930/1/2277
f 2752/1/2502 2751/1/2501 929/1/2279
f 2751/1/2501 2752/1/2502 1170/1/2274
f 2752/1/2502 1169/1/2276 1173/1/2496
f 2752/1/2502 2749/1/2495 1174/1/2500
f 2754/1/2503 2753/1/2504 1025/1/2314
f 2754/1/2503 1282/1/2505 1026/1/2318
f 2754/1/2503 1281/1/2506 1219/1/2507
f 2754/1/2503 2755/1/2508 1220/1/2509
f 2756/1/2510 2755/1/2508 1219/1/2507
f 2756/1/2510 1036/1/2511 1220/1/2509
f 2753/1/2504 2756/1/2510 1035/1/2512
f 2753/1/2504 1026/1/2318 1036/1/2511
f 2758/1/2513 2757/1/2514 997/1/2351
f 2758/1/2513 1006/1/2360 998/1/2353
f 2758/1/2513 1005/1/2350 1003/1/2515
f 2758/1/2513 2759/1/2516 1004/1/2517
f 2760/1/2518 2759/1/2516 1003/1/2515
f 2760/1/2518 1000/1/2519 1004/1/2517
f 2760/1/2518 999/1/2520 997/1/2351
f 2760/1/2518 2757/1/2514 998/1/2353
f 2762/1/2521 2761/1/2522 899/1/2523
f 2761/1/2522 2762/1/2521 902/1/2242
f 2763/1/2524 2762/1/2521 901/1/2245
f 2762/1/2521 2763/1/2524 896/1/2525
f 2764/1/2526 2763/1/2524 895/1/2527
f 2764/1/2526 898/1/2528 896/1/2525
f 2764/1/2526 897/1/2529 899/1/2523
f 2764/1/2526 2761/1/2522 900/1/2530
f 2766/1/2531 2765/1/2532 879/1/2422
f 2765/1/2532 2766/1/2531 886/1/2384
f 2766/1/2531 885/1/2374 881/1/2383
f 2767/1/2533 882/1/2382 886/1/2384
f 2768/1/2534 2767/1/2533 881/1/2383
f 2767/1/2533 2768/1/2534 884/1/2466
f 2765/1/2532 2768/1/2534 883/1/2467
f 2768/1/2534 2765/1/2532 880/1/2432
f 2769/1/2535 1083/1/2284 1089/1/2536
f 2770/1/2537 1090/1/2538 1084/1/2294
f 2770/1/2537 1089/1/2536 1113/1/2539
f 2770/1/2537 2771/1/2540 1114/1/2541
f 2772/1/2542 2771/1/2540 1113/1/2539
f 2772/1/2542 1112/1/2287 1114/1/2541
f 2769/1/2535 2772/1/2542 1111/1/2285
f 2769/1/2535 1084/1/2294 1112/1/2287
f 2774/1/2543 2773/1/2544 1001/1/2545
f 2774/1/2543 996/1/2546 1002/1/2547
f 2774/1/2543 995/1/2548 1007/1/2549
f 2774/1/2543 2775/1/2550 1008/1/2551
f 2776/1/2552 2775/1/2550 1007/1/2549
f 2776/1/2552 1010/1/2553 1008/1/2551
f 2776/1/2552 1009/1/2554 1001/1/2545
f 2776/1/2552 2773/1/2544 1002/1/2547
f 2778/1/2555 2777/1/2556 1027/1/2557
f 2778/1/2555 1030/1/2476 1028/1/2558
f 2778/1/2555 1029/1/2478 1021/1/2475
f 2778/1/2555 2779/1/2559 1022/1/2477
f 2780/1/2560 2779/1/2559 1021/1/2475
f 2780/1/2560 1020/1/2561 1022/1/2477
f 2780/1/2560 1019/1/2562 1027/1/2557
f 2780/1/2560 2777/1/2556 1028/1/2558
f 2781/1/2563 927/1/2229 1053/1/2564
f 2781/1/2563 2782/1/2565 1054/1/2566
f 2782/1/2565 1053/1/2564 1051/1/2281
f 2782/1/2565 2783/1/2567 1052/1/2280
f 2784/1/2568 2783/1/2567 1051/1/2281
f 2784/1/2568 930/1/2277 1052/1/2280
f 2784/1/2568 929/1/2279 927/1/2229
f 2784/1/2568 2781/1/2563 928/1/2238
f 2786/1/2569 2785/1/2570 939/1/2378
f 2786/1/2569 992/1/2571 940/1/2380
f 2787/1/2572 2786/1/2569 991/1/2573
f 2787/1/2572 972/1/2574 992/1/2571
f 2788/1/2575 2787/1/2572 971/1/2576
f 2788/1/2575 882/1/2382 972/1/2574
f 2788/1/2575 881/1/2383 939/1/2378
f 2788/1/2575 2785/1/2570 940/1/2380
f 2789/1/2577 987/1/2252 1047/1/2578
f 2789/1/2577 2790/1/2579 1048/1/2580
f 2790/1/2579 1047/1/2578 1045/1/2581
f 2790/1/2579 2791/1/2582 1046/1/2583
f 2792/1/2584 2791/1/2582 1045/1/2581
f 2792/1/2584 990/1/2255 1046/1/2583
f 2789/1/2577 2792/1/2584 989/1/2253
f 2792/1/2584 2789/1/2577 988/1/2256
f 2794/1/2585 2793/1/2586 1045/1/2581
f 2793/1/2586 2794/1/2585 1050/1/2587
f 2795/1/2588 2794/1/2585 1049/1/2589
f 2795/1/2588 1012/1/2590 1050/1/2587
f 2795/1/2588 1011/1/2591 989/1/2253
f 2796/1/2592 990/1/2255 1012/1/2590
f 2796/1/2592 989/1/2253 1045/1/2581
f 2796/1/2592 2793/1/2586 1046/1/2583
f 2797/1/2593 1127/1/2594 1133/1/2595
f 2797/1/2593 2798/1/2596 1134/1/2597
f 2799/1/2598 2798/1/2596 1133/1/2595
f 2798/1/2596 2799/1/2598 1130/1/2437
f 2800/1/2599 2799/1/2598 1129/1/2435
f 2800/1/2599 1132/1/2443 1130/1/2437
f 2800/1/2599 1131/1/2444 1127/1/2594
f 2797/1/2593 1128/1/2600 1132/1/2443
f 2802/1/2601 2801/1/2602 847/1/2603
f 2802/1/2601 854/1/2604 848/1/2605
f 2803/1/2606 2802/1/2601 853/1/2607
f 2802/1/2601 2803/1/2606 850/1/2608
f 2803/1/2606 849/1/2609 851/1/2610
f 2804/1/2611 852/1/2612 850/1/2608
f 2804/1/2611 851/1/2610 847/1/2603
f 2801/1/2602 848/1/2605 852/1/2612
f 2805/1/2613 1183/1/2614 1187/1/2615
f 2806/1/2616 1188/1/2617 1184/1/2618
f 2806/1/2616 1187/1/2615 1091/1/2333
f 2806/1/2616 2807/1/2619 1092/1/2332
f 2808/1/2620 2807/1/2619 1091/1/2333
f 2807/1/2619 2808/1/2620 1102/1/2328
f 2805/1/2613 2808/1/2620 1101/1/2331
f 2805/1/2613 1184/1/2618 1102/1/2328
f 2810/1/2621 2809/1/2622 1175/1/2623
f 2810/1/2621 1168/1/2624 1176/1/2625
f 2811/1/2626 2810/1/2621 1167/1/2627
f 2811/1/2626 1208/1/2397 1168/1/2624
f 2811/1/2626 1207/1/2398 1209/1/2265
f 2811/1/2626 2812/1/2628 1210/1/2270
f 2812/1/2628 1209/1/2265 1175/1/2623
f 2812/1/2628 2809/1/2622 1176/1/2625
f 2814/1/2629 2813/1/2630 1071/1/2631
f 2814/1/2629 1074/1/2632 1072/1/2633
f 2815/1/2634 2814/1/2629 1073/1/2635
f 2814/1/2629 2815/1/2634 1070/1/2636
f 2816/1/2637 2815/1/2634 1069/1/2638
f 2816/1/2637 1056/1/2639 1070/1/2636
f 2816/1/2637 1055/1/2640 1065/1/2641
f 2816/1/2637 2817/1/2642 1066/1/2643
f 2817/1/2642 1065/1/2641 1077/1/2644
f 2817/1/2642 2818/1/2645 1078/1/2646
f 2819/1/2647 2818/1/2645 1077/1/2644
f 2818/1/2645 2819/1/2647 1076/1/2648
f 2820/1/2649 2819/1/2647 1075/1/2650
f 2820/1/2649 1064/1/2651 1076/1/2648
f 2821/1/2652 2820/1/2649 1063/1/2653
f 2821/1/2652 1058/1/2654 1064/1/2651
f 2821/1/2652 1057/1/2655 1067/1/2656
f 2821/1/2652 2822/1/2657 1068/1/2658
f 2813/1/2630 2822/1/2657 1067/1/2656
f 2813/1/2630 1072/1/2633 1068/1/2658
f 2824/1/2659 2823/1/2660 1059/1/2661
f 2824/1/2659 1062/1/2662 1060/1/2663
f 2825/1/2664 2824/1/2659 1061/1/2665
f 2825/1/2664 1066/1/2643 1062/1/2662
f 2825/1/2664 1065/1/2641 1055/1/2640
f 2825/1/2664 2826/1/2666 1056/1/2639
f 2827/1/2667 2826/1/2666 1055/1/2640
f 2827/1/2667 1058/1/2654 1056/1/2639
f 2828/1/2668 2827/1/2667 1057/1/2655
f 2828/1/2668 1064/1/2651 1058/1/2654
f 2828/1/2668 1063/1/2653 1059/1/2661
f 2828/1/2668 2823/1/2660 1060/1/2663
f 2830/1/2669 2829/1/2670 1149/1/2671
f 2830/1/2669 1138/1/2436 1150/1/2672
f 2831/1/2673 2830/1/2669 1137/1/2438
f 2830/1/2669 2831/1/2673 1130/1/2437
f 2832/1/2674 2831/1/2673 1129/1/2435
f 2831/1/2673 2832/1/2674 1142/1/2675
f 2832/1/2674 1141/1/2676 1149/1/2671
f 2829/1/2670 1150/1/2672 1142/1/2675
f 2834/1/2677 2833/1/2678 1167/1/2627
f 2834/1/2677 1172/1/2282 1168/1/2624
f 2834/1/2677 1171/1/2273 1051/1/2281
f 2835/1/2679 1052/1/2280 1172/1/2282
f 2836/1/2680 2835/1/2679 1051/1/2281
f 2836/1/2680 1208/1/2397 1052/1/2280
f 2833/1/2678 2836/1/2680 1207/1/2398
f 2836/1/2680 2833/1/2678 1168/1/2624
f 2838/1/2681 2837/1/2682 851/1/2610
f 2838/1/2681 870/1/2317 852/1/2612
f 2838/1/2681 869/1/2315 877/1/2683
f 2838/1/2681 2839/1/2684 878/1/2685
f 2840/1/2686 2839/1/2684 877/1/2683
f 2840/1/2686 858/1/2687 878/1/2685
f 2837/1/2682 2840/1/2686 857/1/2688
f 2837/1/2682 852/1/2612 858/1/2687
f 2841/1/2689 911/1/2386 917/1/2490
f 2841/1/2689 2842/1/2690 918/1/2492
f 2842/1/2690 917/1/2490 913/1/2339
f 2843/1/2691 914/1/2348 918/1/2492
f 2844/1/2692 2843/1/2691 913/1/2339
f 2843/1/2691 2844/1/2692 916/1/2347
f 2841/1/2689 2844/1/2692 915/1/2345
f 2844/1/2692 2841/1/2689 912/1/2388
f 2846/1/2693 2845/1/2694 995/1/2548
f 2845/1/2694 2846/1/2693 1002/1/2547
f 2846/1/2693 1001/1/2545 997/1/2351
f 2846/1/2693 2847/1/2695 998/1/2353
f 2847/1/2695 997/1/2351 999/1/2520
f 2848/1/2696 1000/1/2519 998/1/2353
f 2848/1/2696 999/1/2520 995/1/2548
f 2848/1/2696 2845/1/2694 996/1/2546
f 2849/1/2697 1101/1/2331 1099/1/2327
f 2849/1/2697 2850/1/2698 1100/1/2329
f 2850/1/2698 1099/1/2327 1093/1/2699
f 2850/1/2698 2851/1/2700 1094/1/2701
f 2851/1/2700 1093/1/2699 1089/1/2536
f 2851/1/2700 2852/1/2702 1090/1/2538
f 2853/1/2703 2852/1/2702 1089/1/2536
f 2853/1/2703 1084/1/2294 1090/1/2538
f 2854/1/2704 2853/1/2703 1083/1/2284
f 2854/1/2704 1088/1/2292 1084/1/2294
f 2855/1/2705 2854/1/2704 1087/1/2293
f 2855/1/2705 1096/1/2336 1088/1/2292
f 2856/1/2706 2855/1/2705 1095/1/2334
f 2856/1/2706 1092/1/2332 1096/1/2336
f 2856/1/2706 1091/1/2333 1079/1/2707
f 2856/1/2706 2857/1/2708 1080/1/2709
f 2857/1/2708 1079/1/2707 1081/1/2710
f 2857/1/2708 2858/1/2711 1082/1/2712
f 2859/1/2713 2858/1/2711 1081/1/2710
f 2859/1/2713 1086/1/2714 1082/1/2712
f 2859/1/2713 1085/1/2715 1097/1/2716
f 2859/1/2713 2860/1/2717 1098/1/2718
f 2849/1/2697 2860/1/2717 1097/1/2716
f 2849/1/2697 1102/1/2328 1098/1/2718
f 2862/1/2719 2861/1/2720 997/1/2351
f 2861/1/2720 2862/1/2719 1002/1/2547
f 2863/1/2721 2862/1/2719 1001/1/2545
f 2862/1/2719 2863/1/2721 1260/1/2722
f 2864/1/2723 2863/1/2721 1259/1/2724
f 2863/1/2721 2864/1/2723 1262/1/2356
f 2864/1/2723 1261/1/2354 997/1/2351
f 2861/1/2720 998/1/2353 1262/1/2356
f 2866/1/2725 2865/1/2726 1103/1/2727
f 2865/1/2726 2866/1/2725 1106/1/2728
f 2867/1/2729 2866/1/2725 1105/1/2730
f 2867/1/2729 1100/1/2329 1106/1/2728
f 2867/1/2729 1099/1/2327 1095/1/2334
f 2868/1/2731 1096/1/2336 1100/1/2329
f 2868/1/2731 1095/1/2334 1103/1/2727
f 2868/1/2731 2865/1/2726 1104/1/2732
f 2869/1/2733 1173/1/2496 1169/1/2276
f 2870/1/2734 1170/1/2274 1174/1/2500
f 2871/1/2735 2870/1/2734 1169/1/2276
f 2870/1/2734 2871/1/2735 1172/1/2282
f 2872/1/2736 2871/1/2735 1171/1/2273
f 2872/1/2736 1168/1/2624 1172/1/2282
f 2873/1/2737 2872/1/2736 1167/1/2627
f 2873/1/2737 1176/1/2625 1168/1/2624
f 2873/1/2737 1175/1/2623 1181/1/2738
f 2873/1/2737 2874/1/2739 1182/1/2740
f 2875/1/2741 2874/1/2739 1181/1/2738
f 2874/1/2739 2875/1/2741 1180/1/2742
f 2875/1/2741 1179/1/2743 1177/1/2744
f 2876/1/2745 1178/1/2746 1180/1/2742
f 2876/1/2745 1177/1/2744 1173/1/2496
f 2869/1/2733 1174/1/2500 1178/1/2746
f 2878/1/2747 2877/1/2748 877/1/2683
f 2878/1/2747 870/1/2317 878/1/2685
f 2879/1/2749 2878/1/2747 869/1/2315
f 2878/1/2747 2879/1/2749 1026/1/2318
f 2879/1/2749 1025/1/2314 1035/1/2512
f 2879/1/2749 2880/1/2750 1036/1/2511
f 2880/1/2750 1035/1/2512 877/1/2683
f 2877/1/2748 878/1/2685 1036/1/2511
f 2881/1/2751 1129/1/2435 1133/1/2595
f 2882/1/2752 1134/1/2597 1130/1/2437
f 2882/1/2752 1133/1/2595 1143/1/2753
f 2883/1/2754 1144/1/2755 1134/1/2597
f 2884/1/2756 2883/1/2754 1143/1/2753
f 2883/1/2754 2884/1/2756 1142/1/2675
f 2881/1/2751 2884/1/2756 1141/1/2676
f 2884/1/2756 2881/1/2751 1130/1/2437
f 2885/1/2757 1065/1/2641 1117/1/2758
f 2885/1/2757 2886/1/2759 1118/1/2760
f 2887/1/2761 2886/1/2759 1117/1/2758
f 2886/1/2759 2887/1/2761 1116/1/2762
f 2888/1/2763 2887/1/2761 1115/1/2764
f 2888/1/2763 1078/1/2646 1116/1/2762
f 2885/1/2757 2888/1/2763 1077/1/2644
f 2885/1/2757 1066/1/2643 1078/1/2646
f 2890/1/2765 2889/1/2766 1125/1/2767
f 2890/1/2765 1060/1/2663 1126/1/2768
f 2891/1/2769 2890/1/2765 1059/1/2661
f 2891/1/2769 1064/1/2651 1060/1/2663
f 2891/1/2769 1063/1/2653 1123/1/2770
f 2891/1/2769 2892/1/2771 1124/1/2772
f 2889/1/2766 2892/1/2771 1123/1/2770
f 2889/1/2766 1126/1/2768 1124/1/2772
f 2894/1/2773 2893/1/2774 1061/1/2665
f 2894/1/2773 1060/1/2663 1062/1/2662
f 2894/1/2773 1059/1/2661 1125/1/2767
f 2894/1/2773 2895/1/2775 1126/1/2768
f 2896/1/2776 2895/1/2775 1125/1/2767
f 2896/1/2776 1122/1/2777 1126/1/2768
f 2893/1/2774 2896/1/2776 1121/1/2778
f 2893/1/2774 1062/1/2662 1122/1/2777
f 2898/1/2779 2897/1/2780 1139/1/2301
f 2897/1/2780 2898/1/2779 1146/1/2299
f 2898/1/2779 1145/1/2297 1141/1/2676
f 2898/1/2779 2899/1/2781 1142/1/2675
f 2899/1/2781 1141/1/2676 1143/1/2753
f 2900/1/2782 1144/1/2755 1142/1/2675
f 2897/1/2780 2900/1/2782 1143/1/2753
f 2897/1/2780 1140/1/2298 1144/1/2755
f 2902/1/2783 2901/1/2784 1147/1/2310
f 2902/1/2783 1150/1/2672 1148/1/2312
f 2902/1/2783 1149/1/2671 1141/1/2676
f 2902/1/2783 2903/1/2785 1142/1/2675
f 2904/1/2786 2903/1/2785 1141/1/2676
f 2904/1/2786 1146/1/2299 1142/1/2675
f 2904/1/2786 1145/1/2297 1147/1/2310
f 2904/1/2786 2901/1/2784 1148/1/2312
f 2905/1/2787 971/1/2576 991/1/2573
f 2905/1/2787 2906/1/2788 992/1/2571
f 2907/1/2789 2906/1/2788 991/1/2573
f 2906/1/2788 2907/1/2789 1234/1/2790
f 2908/1/2791 2907/1/2789 1233/1/2792
f 2908/1/2791 1256/1/2793 1234/1/2790
f 2908/1/2791 1255/1/2794 971/1/2576
f 2905/1/2787 972/1/2574 1256/1/2793
f 2910/1/2795 2909/1/2796 885/1/2374
f 2909/1/2796 2910/1/2795 910/1/2797
f 2910/1/2795 909/1/2798 961/1/2799
f 2910/1/2795 2911/1/2800 962/1/2801
f 2911/1/2800 961/1/2799 941/1/2375
f 2912/1/2802 942/1/2377 962/1/2801
f 2909/1/2796 2912/1/2802 941/1/2375
f 2909/1/2796 886/1/2384 942/1/2377
f 2913/1/2803 1119/1/2804 1123/1/2770
f 2913/1/2803 2914/1/2805 1124/1/2772
f 2915/1/2806 2914/1/2805 1123/1/2770
f 2915/1/2806 1064/1/2651 1124/1/2772
f 2915/1/2806 1063/1/2653 1075/1/2650
f 2915/1/2806 2916/1/2807 1076/1/2648
f 2916/1/2807 1075/1/2650 1119/1/2804
f 2916/1/2807 2913/1/2803 1120/1/2808
f 2917/1/2809 1065/1/2641 1061/1/2665
f 2917/1/2809 2918/1/2810 1062/1/2662
f 2918/1/2810 1061/1/2665 1121/1/2778
f 2918/1/2810 2919/1/2811 1122/1/2777
f 2920/1/2812 2919/1/2811 1121/1/2778
f 2920/1/2812 1118/1/2760 1122/1/2777
f 2917/1/2809 2920/1/2812 1117/1/2758
f 2917/1/2809 1066/1/2643 1118/1/2760
f 2922/1/2813 2921/1/2814 1281/1/2506
f 2922/1/2813 1280/1/2815 1282/1/2505
f 2923/1/2816 2922/1/2813 1279/1/2817
f 2922/1/2813 2923/1/2816 894/1/2818
f 2923/1/2816 893/1/2819 887/1/2820
f 2924/1/2821 888/1/2822 894/1/2818
f 2924/1/2821 887/1/2820 1281/1/2506
f 2921/1/2814 1282/1/2505 888/1/2822
f 2925/1/2823 1095/1/2334 1087/1/2293
f 2925/1/2823 2926/1/2824 1088/1/2292
f 2926/1/2824 1087/1/2293 1107/1/2288
f 2926/1/2824 2927/1/2825 1108/1/2290
f 2927/1/2825 1107/1/2288 1103/1/2727
f 2927/1/2825 2928/1/2826 1104/1/2732
f 2925/1/2823 2928/1/2826 1103/1/2727
f 2925/1/2823 1096/1/2336 1104/1/2732
f 2929/1/2827 1187/1/2615 1183/1/2614
f 2930/1/2828 1184/1/2618 1188/1/2617
f 2931/1/2829 2930/1/2828 1183/1/2614
f 2930/1/2828 2931/1/2829 1196/1/2830
f 2932/1/2831 2931/1/2829 1195/1/2832
f 2932/1/2831 1204/1/2833 1196/1/2830
f 2929/1/2827 2932/1/2831 1203/1/2834
f 2932/1/2831 2929/1/2827 1188/1/2617
f 2933/1/2835 1161/1/2224 1165/1/2836
f 2933/1/2835 2934/1/2837 1166/1/2838
f 2935/1/2839 2934/1/2837 1165/1/2836
f 2934/1/2837 2935/1/2839 1164/1/2237
f 2936/1/2840 2935/1/2839 1163/1/2235
f 2935/1/2839 2936/1/2840 1154/1/2233
f 2937/1/2841 2936/1/2840 1153/1/2234
f 2936/1/2840 2937/1/2841 1156/1/2842
f 2937/1/2841 1155/1/2843 1157/1/2241
f 2938/1/2844 1158/1/2243 1156/1/2842
f 2939/1/2845 2938/1/2844 1157/1/2241
f 2939/1/2845 1160/1/2250 1158/1/2243
f 2940/1/2846 2939/1/2845 1159/1/2248
f 2940/1/2846 1152/1/2219 1160/1/2250
f 2933/1/2835 2940/1/2846 1151/1/2217
f 2933/1/2835 1162/1/2226 1152/1/2219
f 2942/1/2847 2941/1/2848 1283/1/2487
f 2942/1/2847 912/1/2388 1284/1/2494
f 2943/1/2849 2942/1/2847 911/1/2386
f 2943/1/2849 954/1/2393 912/1/2388
f 2944/1/2850 2943/1/2849 953/1/2394
f 2944/1/2850 1216/1/2851 954/1/2393
f 2944/1/2850 1215/1/2852 1283/1/2487
f 2944/1/2850 2941/1/2848 1284/1/2494
f 2945/1/2853 1115/1/2764 1119/1/2804
f 2945/1/2853 2946/1/2854 1120/1/2808
f 2947/1/2855 2946/1/2854 1119/1/2804
f 2947/1/2855 1076/1/2648 1120/1/2808
f 2947/1/2855 1075/1/2650 1077/1/2644
f 2948/1/2856 1078/1/2646 1076/1/2648
f 2948/1/2856 1077/1/2644 1115/1/2764
f 2948/1/2856 2945/1/2853 1116/1/2762
f 2950/1/2857 2949/1/2858 919/1/2859
f 2950/1/2857 922/1/2860 920/1/2861
f 2950/1/2857 921/1/2862 889/1/2863
f 2950/1/2857 2951/1/2864 890/1/2865
f 2952/1/2866 2951/1/2864 889/1/2863
f 2952/1/2866 894/1/2818 890/1/2865
f 2952/1/2866 893/1/2819 919/1/2859
f 2952/1/2866 2949/1/2858 920/1/2861
f 2954/1/2867 2953/1/2868 1097/1/2716
f 2954/1/2867 1186/1/2869 1098/1/2718
f 2955/1/2870 2954/1/2867 1185/1/2871
f 2955/1/2870 1184/1/2618 1186/1/2869
f 2955/1/2870 1183/1/2614 1101/1/2331
f 2955/1/2870 2956/1/2872 1102/1/2328
f 2953/1/2868 2956/1/2872 1101/1/2331
f 2953/1/2868 1098/1/2718 1102/1/2328
f 2958/1/2873 2957/1/2874 1209/1/2265
f 2958/1/2873 980/1/2268 1210/1/2270
f 2959/1/2875 2958/1/2873 979/1/2269
f 2958/1/2873 2959/1/2875 1182/1/2740
f 2959/1/2875 1181/1/2738 1175/1/2623
f 2959/1/2875 2960/1/2876 1176/1/2625
f 2960/1/2876 1175/1/2623 1209/1/2265
f 2957/1/2874 1210/1/2270 1176/1/2625
f 2961/1/2877 1107/1/2288 1111/1/2285
f 2961/1/2877 2962/1/2878 1112/1/2287
f 2963/1/2879 2962/1/2878 1111/1/2285
f 2963/1/2879 1114/1/2541 1112/1/2287
f 2964/1/2880 2963/1/2879 1113/1/2539
f 2963/1/2879 2964/1/2880 1110/1/2881
f 2965/1/2882 2964/1/2880 1109/1/2883
f 2964/1/2880 2965/1/2882 1106/1/2728
f 2965/1/2882 1105/1/2730 1103/1/2727
f 2966/1/2884 1104/1/2732 1106/1/2728
f 2961/1/2877 2966/1/2884 1103/1/2727
f 2961/1/2877 1108/1/2290 1104/1/2732
f 2968/1/2885 2967/1/2886 1097/1/2716
f 2968/1/2885 1086/1/2714 1098/1/2718
f 2969/1/2887 2968/1/2885 1085/1/2715
f 2969/1/2887 1190/1/2888 1086/1/2714
f 2970/1/2889 2969/1/2887 1189/1/2890
f 2969/1/2887 2970/1/2889 1186/1/2869
f 2970/1/2889 1185/1/2871 1097/1/2716
f 2970/1/2889 2967/1/2886 1098/1/2718
f 2971/1/2891 1187/1/2615 1191/1/2214
f 2972/1/2892 1192/1/2213 1188/1/2617
f 2972/1/2892 1191/1/2214 1079/1/2707
f 2972/1/2892 2973/1/2893 1080/1/2709
f 2974/1/2894 2973/1/2893 1079/1/2707
f 2974/1/2894 1092/1/2332 1080/1/2709
f 2971/1/2891 2974/1/2894 1091/1/2333
f 2971/1/2891 1188/1/2617 1092/1/2332
f 2976/1/2895 2975/1/2896 1085/1/2715
f 2975/1/2896 2976/1/2895 1082/1/2712
f 2977/1/2897 2976/1/2895 1081/1/2710
f 2977/1/2897 1194/1/2211 1082/1/2712
f 2978/1/2898 2977/1/2897 1193/1/2209
f 2978/1/2898 1190/1/2888 1194/1/2211
f 2978/1/2898 1189/1/2890 1085/1/2715
f 2978/1/2898 2975/1/2896 1086/1/2714
f 2979/1/2899 1193/1/2209 1081/1/2710
f 2979/1/2899 2980/1/2900 1082/1/2712
f 2981/1/2901 2980/1/2900 1081/1/2710
f 2981/1/2901 1080/1/2709 1082/1/2712
f 2982/1/2902 2981/1/2901 1079/1/2707
f 2982/1/2902 1192/1/2213 1080/1/2709
f 2982/1/2902 1191/1/2214 1193/1/2209
f 2982/1/2902 2979/1/2899 1194/1/2211
f 2983/1/2903 1199/1/2904 1073/1/2635
f 2983/1/2903 2984/1/2905 1074/1/2632
f 2985/1/2906 2984/1/2905 1073/1/2635
f 2984/1/2905 2985/1/2906 1072/1/2633
f 2986/1/2907 2985/1/2906 1071/1/2631
f 2986/1/2907 1198/1/2908 1072/1/2633
f 2986/1/2907 1197/1/2909 1199/1/2904
f 2983/1/2903 1200/1/2910 1198/1/2908
f 2988/1/2911 2987/1/2912 1201/1/2205
f 2987/1/2912 2988/1/2911 1206/1/2208
f 2988/1/2911 1205/1/2204 1055/1/2640
f 2988/1/2911 2989/1/2913 1056/1/2639
f 2990/1/2914 2989/1/2913 1055/1/2640
f 2989/1/2913 2990/1/2914 1070/1/2636
f 2987/1/2912 2990/1/2914 1069/1/2638
f 2987/1/2912 1202/1/2207 1070/1/2636
f 2992/1/2915 2991/1/2916 1055/1/2640
f 2992/1/2915 1206/1/2208 1056/1/2639
f 2993/1/2917 2992/1/2915 1205/1/2204
f 2993/1/2917 1204/1/2833 1206/1/2208
f 2993/1/2917 1203/1/2834 1057/1/2655
f 2993/1/2917 2994/1/2918 1058/1/2654
f 2994/1/2918 1057/1/2655 1055/1/2640
f 2994/1/2918 2991/1/2916 1056/1/2639
f 2995/1/2919 1115/1/2764 1117/1/2758
f 2995/1/2919 2996/1/2920 1118/1/2760
f 2997/1/2921 2996/1/2920 1117/1/2758
f 2996/1/2920 2997/1/2921 1122/1/2777
f 2997/1/2921 1121/1/2778 1125/1/2767
f 2997/1/2921 2998/1/2922 1126/1/2768
f 2999/1/2923 2998/1/2922 1125/1/2767
f 2999/1/2923 1124/1/2772 1126/1/2768
f 2999/1/2923 1123/1/2770 1119/1/2804
f 2999/1/2923 3000/1/2924 1120/1/2808
f 3000/1/2924 1119/1/2804 1115/1/2764
f 2995/1/2919 1116/1/2762 1120/1/2808
f 3001/1/2925 863/1/2926 873/1/2927
f 3001/1/2925 3002/1/2928 874/1/2929
f 3002/1/2928 873/1/2927 859/1/2930
f 3002/1/2928 3003/1/2931 860/1/2932
f 3004/1/2933 3003/1/2931 859/1/2930
f 3004/1/2933 854/1/2604 860/1/2932
f 3004/1/2933 853/1/2607 863/1/2926
f 3004/1/2933 3001/1/2925 864/1/2934
f 3005/1/2935 887/1/2820 893/1/2819
f 3005/1/2935 3006/1/2936 894/1/2818
f 3007/1/2937 3006/1/2936 893/1/2819
f 3006/1/2936 3007/1/2937 890/1/2865
f 3007/1/2937 889/1/2863 891/1/2938
f 3008/1/2939 892/1/2940 890/1/2865
f 3008/1/2939 891/1/2938 887/1/2820
f 3005/1/2935 888/1/2822 892/1/2940
f 3009/1/2941 1201/1/2205 1069/1/2638
f 3009/1/2941 3010/1/2942 1070/1/2636
f 3011/1/2943 3010/1/2942 1069/1/2638
f 3010/1/2942 3011/1/2943 1074/1/2632
f 3012/1/2944 3011/1/2943 1073/1/2635
f 3012/1/2944 1200/1/2910 1074/1/2632
f 3009/1/2941 3012/1/2944 1199/1/2904
f 3012/1/2944 3009/1/2941 1202/1/2207
f 3013/1/2945 1071/1/2631 1067/1/2656
f 3014/1/2946 1068/1/2658 1072/1/2633
f 3015/1/2947 3014/1/2946 1067/1/2656
f 3015/1/2947 1196/1/2830 1068/1/2658
f 3015/1/2947 1195/1/2832 1197/1/2909
f 3016/1/2948 1198/1/2908 1196/1/2830
f 3016/1/2948 1197/1/2909 1071/1/2631
f 3016/1/2948 3013/1/2945 1072/1/2633
f 3017/1/2949 1159/1/2248 981/1/2247
f 3018/1/2950 982/1/2246 1160/1/2250
f 3019/1/2951 3018/1/2950 981/1/2247
f 3019/1/2951 1214/1/2218 982/1/2246
f 3020/1/2952 3019/1/2951 1213/1/2221
f 3019/1/2951 3020/1/2952 1152/1/2219
f 3017/1/2949 3020/1/2952 1151/1/2217
f 3017/1/2949 1160/1/2250 1152/1/2219
f 3021/1/2953 849/1/2609 861/1/2954
f 3021/1/2953 3022/1/2955 862/1/2956
f 3022/1/2955 861/1/2954 875/1/2957
f 3022/1/2955 3023/1/2958 876/1/2959
f 3024/1/2960 3023/1/2958 875/1/2957
f 3024/1/2960 868/1/2321 876/1/2959
f 3024/1/2960 867/1/2319 849/1/2609
f 3024/1/2960 3021/1/2953 850/1/2608
f 3026/1/2961 3025/1/2962 1019/1/2562
f 3025/1/2962 3026/1/2961 1022/1/2477
f 3027/1/2963 3026/1/2961 1021/1/2475
f 3027/1/2963 1016/1/2964 1022/1/2477
f 3027/1/2963 1015/1/2965 1017/1/2966
f 3028/1/2967 1018/1/2968 1016/1/2964
f 3028/1/2967 1017/1/2966 1019/1/2562
f 3025/1/2962 1020/1/2561 1018/1/2968
f 3029/1/2969 899/1/2523 897/1/2529
f 3030/1/2970 898/1/2528 900/1/2530
f 3031/1/2971 3030/1/2970 897/1/2529
f 3030/1/2970 3031/1/2971 1178/1/2746
f 3031/1/2971 1177/1/2744 1179/1/2743
f 3032/1/2972 1180/1/2742 1178/1/2746
f 3032/1/2972 1179/1/2743 899/1/2523
f 3029/1/2969 900/1/2530 1180/1/2742
f 3033/1/2973 895/1/2527 1155/1/2843
f 3033/1/2973 3034/1/2974 1156/1/2842
f 3035/1/2975 3034/1/2974 1155/1/2843
f 3034/1/2974 3035/1/2975 1154/1/2233
f 3036/1/2976 3035/1/2975 1153/1/2234
f 3036/1/2976 904/1/2230 1154/1/2233
f 3033/1/2973 3036/1/2976 903/1/2232
f 3033/1/2973 896/1/2525 904/1/2230
f 3037/1/2977 979/1/2269 899/1/2523
f 3038/1/2978 900/1/2530 980/1/2268
f 3038/1/2978 899/1/2523 1179/1/2743
f 3038/1/2978 3039/1/2979 1180/1/2742
f 3039/1/2979 1179/1/2743 1181/1/2738
f 3039/1/2979 3040/1/2980 1182/1/2740
f 3037/1/2977 3040/1/2980 1181/1/2738
f 3037/1/2977 980/1/2268 1182/1/2740
f 3042/1/2981 3041/1/2982 1057/1/2655
f 3042/1/2981 1204/1/2833 1058/1/2654
f 3042/1/2981 1203/1/2834 1195/1/2832
f 3043/1/2983 1196/1/2830 1204/1/2833
f 3043/1/2983 1195/1/2832 1067/1/2656
f 3043/1/2983 3044/1/2984 1068/1/2658
f 3044/1/2984 1067/1/2656 1057/1/2655
f 3041/1/2982 1058/1/2654 1068/1/2658
f 3046/1/2985 3045/1/2986 855/1/2987
f 3046/1/2985 848/1/2605 856/1/2988
f 3046/1/2985 847/1/2603 851/1/2610
f 3046/1/2985 3047/1/2989 852/1/2612
f 3047/1/2989 851/1/2610 857/1/2688
f 3047/1/2989 3048/1/2990 858/1/2687
f 3048/1/2990 857/1/2688 855/1/2987
f 3048/1/2990 3045/1/2986 856/1/2988
f 3049/1/2991 1211/1/2223 1053/1/2564
f 3050/1/2992 1054/1/2566 1212/1/2222
f 3051/1/2993 3050/1/2992 1053/1/2564
f 3050/1/2992 3051/1/2993 1166/1/2838
f 3052/1/2994 3051/1/2993 1165/1/2836
f 3051/1/2993 3052/1/2994 1162/1/2226
f 3052/1/2994 1161/1/2224 1211/1/2223
f 3049/1/2991 1212/1/2222 1162/1/2226
f 3053/1/2995 927/1/2229 1163/1/2235
f 3053/1/2995 3054/1/2996 1164/1/2237
f 3055/1/2997 3054/1/2996 1163/1/2235
f 3055/1/2997 1166/1/2838 1164/1/2237
f 3056/1/2998 3055/1/2997 1165/1/2836
f 3056/1/2998 1054/1/2566 1166/1/2838
f 3053/1/2995 3056/1/2998 1053/1/2564
f 3056/1/2998 3053/1/2995 928/1/2238
f 3058/1/2999 3057/1/3000 901/1/2245
f 3057/1/3000 3058/1/2999 1158/1/2243
f 3059/1/3001 3058/1/2999 1157/1/2241
f 3058/1/2999 3059/1/3001 1156/1/2842
f 3059/1/3001 1155/1/2843 895/1/2527
f 3060/1/3002 896/1/2525 1156/1/2842
f 3060/1/3002 895/1/2527 901/1/2245
f 3060/1/3002 3057/1/3000 902/1/2242
f 3062/1/3003 3061/1/3004 869/1/2315
f 3061/1/3004 3062/1/3003 852/1/2612
f 3062/1/3003 851/1/2610 849/1/2609
f 3062/1/3003 3063/1/3005 850/1/2608
f 3063/1/3005 849/1/2609 867/1/2319
f 3064/1/3006 868/1/2321 850/1/2608
f 3061/1/3004 3064/1/3006 867/1/2319
f 3064/1/3006 3061/1/3004 870/1/2317
f 3066/1/3007 3065/1/3008 847/1/2603
f 3065/1/3008 3066/1/3007 866/1/3009
f 3066/1/3007 865/1/3010 863/1/2926
f 3067/1/3011 864/1/2934 866/1/3009
f 3067/1/3011 863/1/2926 853/1/2607
f 3068/1/3012 854/1/2604 864/1/2934
f 3065/1/3008 3068/1/3012 853/1/2607
f 3068/1/3012 3065/1/3008 848/1/2605
f 3070/1/3013 3069/1/3014 1045/1/2581
f 3070/1/3013 1048/1/2580 1046/1/2583
f 3070/1/3013 1047/1/2578 1127/1/2594
f 3070/1/3013 3071/1/3015 1128/1/2600
f 3071/1/3015 1127/1/2594 1131/1/2444
f 3071/1/3015 3072/1/3016 1132/1/2443
f 3073/1/3017 3072/1/3016 1131/1/2444
f 3073/1/3017 1136/1/2441 1132/1/2443
f 3074/1/3018 3073/1/3017 1135/1/2439
f 3074/1/3018 1050/1/2587 1136/1/2441
f 3074/1/3018 1049/1/2589 1045/1/2581
f 3074/1/3018 3069/1/3014 1046/1/2583
f 3076/1/3019 3075/1/3020 859/1/2930
f 3076/1/3019 862/1/2956 860/1/2932
f 3077/1/3021 3076/1/3019 861/1/2954
f 3077/1/3021 850/1/2608 862/1/2956
f 3078/1/3022 3077/1/3021 849/1/2609
f 3078/1/3022 854/1/2604 850/1/2608
f 3078/1/3022 853/1/2607 859/1/2930
f 3078/1/3022 3075/1/3020 860/1/2932
f 3080/1/3023 3079/1/3024 1035/1/2512
f 3080/1/3023 1220/1/2509 1036/1/2511
f 3080/1/3023 1219/1/2507 923/1/3025
f 3080/1/3023 3081/1/3026 924/1/3027
f 3081/1/3026 923/1/3025 925/1/3028
f 3081/1/3026 3082/1/3029 926/1/3030
f 3082/1/3029 925/1/3028 1215/1/2852
f 3082/1/3029 3083/1/3031 1216/1/2851
f 3084/1/3032 3083/1/3031 1215/1/2852
f 3084/1/3032 954/1/2393 1216/1/2851
f 3085/1/3033 3084/1/3032 953/1/2394
f 3085/1/3033 952/1/2391 954/1/2393
f 3086/1/3034 3085/1/3033 951/1/2389
f 3086/1/3034 1218/1/3035 952/1/2391
f 3086/1/3034 1217/1/3036 1031/1/3037
f 3086/1/3034 3087/1/3038 1032/1/3039
f 3087/1/3038 1031/1/3037 1033/1/3040
f 3087/1/3038 3088/1/3041 1034/1/3042
f 3089/1/3043 3088/1/3041 1033/1/3040
f 3089/1/3043 976/1/3044 1034/1/3042
f 3089/1/3043 975/1/3045 871/1/3046
f 3089/1/3043 3090/1/3047 872/1/3048
f 3091/1/3049 3090/1/3047 871/1/3046
f 3091/1/3049 856/1/2988 872/1/3048
f 3091/1/3049 855/1/2987 857/1/2688
f 3091/1/3049 3092/1/3050 858/1/2687
f 3093/1/3051 3092/1/3050 857/1/2688
f 3093/1/3051 878/1/2685 858/1/2687
f 3093/1/3051 877/1/2683 1035/1/2512
f 3093/1/3051 3079/1/3024 1036/1/2511
f 3094/1/3052 981/1/2247 901/1/2245
f 3095/1/3053 902/1/2242 982/1/2246
f 3095/1/3053 901/1/2245 899/1/2523
f 3095/1/3053 3096/1/3054 900/1/2530
f 3096/1/3054 899/1/2523 979/1/2269
f 3096/1/3054 3097/1/3055 980/1/2268
f 3094/1/3052 3097/1/3055 979/1/2269
f 3097/1/3055 3094/1/3052 982/1/2246
f 3099/1/3056 3098/1/3057 865/1/3010
f 3099/1/3056 848/1/2605 866/1/3009
f 3099/1/3056 847/1/2603 855/1/2987
f 3099/1/3056 3100/1/3058 856/1/2988
f 3101/1/3059 3100/1/3058 855/1/2987
f 3101/1/3059 872/1/3048 856/1/2988
f 3098/1/3057 3101/1/3059 871/1/3046
f 3098/1/3057 866/1/3009 872/1/3048
f 3103/1/3060 3102/1/3061 955/1/3062
f 3102/1/3061 3103/1/3060 958/1/2483
f 3104/1/3063 3103/1/3060 957/1/2484
f 3103/1/3060 3104/1/3063 864/1/2934
f 3105/1/3064 3104/1/3063 863/1/2926
f 3105/1/3064 866/1/3009 864/1/2934
f 3105/1/3064 865/1/3010 955/1/3062
f 3102/1/3061 956/1/3065 866/1/3009
f 3107/1/3066 3106/1/3067 1037/1/3068
f 3107/1/3066 876/1/2959 1038/1/3069
f 3107/1/3066 875/1/2957 861/1/2954
f 3107/1/3066 3108/1/3070 862/1/2956
f 3109/1/3071 3108/1/3070 861/1/2954
f 3109/1/3071 860/1/2932 862/1/2956
f 3109/1/3071 859/1/2930 873/1/2927
f 3109/1/3071 3110/1/3072 874/1/2929
f 3111/1/3073 3110/1/3072 873/1/2927
f 3111/1/3073 978/1/2481 874/1/2929
f 3111/1/3073 977/1/2479 1029/1/2478
f 3111/1/3073 3112/1/3074 1030/1/2476
f 3113/1/3075 3112/1/3074 1029/1/2478
f 3113/1/3075 1028/1/2558 1030/1/2476
f 3114/1/3076 3113/1/3075 1027/1/2557
f 3114/1/3076 1226/1/3077 1028/1/2558
f 3114/1/3076 1225/1/3078 947/1/3079
f 3114/1/3076 3115/1/3080 948/1/3081
f 3115/1/3080 947/1/3079 949/1/3082
f 3115/1/3080 3116/1/3083 950/1/3084
f 3116/1/3083 949/1/3082 1221/1/3085
f 3116/1/3083 3117/1/3086 1222/1/3087
f 3118/1/3088 3117/1/3086 1221/1/3085
f 3118/1/3088 922/1/2860 1222/1/3087
f 3119/1/3089 3118/1/3088 921/1/2862
f 3119/1/3089 920/1/2861 922/1/2860
f 3120/1/3090 3119/1/3089 919/1/2859
f 3120/1/3090 1224/1/3091 920/1/2861
f 3120/1/3090 1223/1/3092 1037/1/3068
f 3120/1/3090 3106/1/3067 1038/1/3069
f 3122/1/3093 3121/1/3094 941/1/2375
f 3122/1/3093 962/1/2801 942/1/2377
f 3122/1/3093 961/1/2799 1227/1/3095
f 3122/1/3093 3123/1/3096 1228/1/3097
f 3123/1/3096 1227/1/3095 1229/1/3098
f 3123/1/3096 3124/1/3099 1230/1/3100
f 3125/1/3101 3124/1/3099 1229/1/3098
f 3125/1/3101 1232/1/3102 1230/1/3100
f 3126/1/3103 3125/1/3101 1231/1/3104
f 3126/1/3103 1010/1/2553 1232/1/3102
f 3127/1/3105 3126/1/3103 1009/1/2554
f 3127/1/3105 1008/1/2551 1010/1/2553
f 3128/1/3106 3127/1/3105 1007/1/2549
f 3128/1/3106 1234/1/2790 1008/1/2551
f 3128/1/3106 1233/1/2792 991/1/2573
f 3128/1/3106 3129/1/3107 992/1/2571
f 3130/1/3108 3129/1/3107 991/1/2573
f 3130/1/3108 940/1/2380 992/1/2571
f 3130/1/3108 939/1/2378 941/1/2375
f 3130/1/3108 3121/1/3094 942/1/2377
f 3132/1/3109 3131/1/3110 923/1/3025
f 3132/1/3109 888/1/2822 924/1/3027
f 3132/1/3109 887/1/2820 891/1/2938
f 3132/1/3109 3133/1/3111 892/1/2940
f 3134/1/3112 3133/1/3111 891/1/2938
f 3134/1/3112 926/1/3030 892/1/2940
f 3134/1/3112 925/1/3028 923/1/3025
f 3134/1/3112 3131/1/3110 924/1/3027
f 3136/1/3113 3135/1/3114 897/1/2529
f 3135/1/3114 3136/1/3113 896/1/2525
f 3137/1/3115 3136/1/3113 895/1/2527
f 3137/1/3115 904/1/2230 896/1/2525
f 3138/1/3116 3137/1/3115 903/1/2232
f 3138/1/3116 906/1/2499 904/1/2230
f 3135/1/3114 3138/1/3116 905/1/2497
f 3135/1/3114 898/1/2528 906/1/2499
f 3140/1/3117 3139/1/3118 907/1/2431
f 3140/1/3117 910/1/2797 908/1/2430
f 3140/1/3117 909/1/2798 885/1/2374
f 3141/1/3119 886/1/2384 910/1/2797
f 3142/1/3120 3141/1/3119 885/1/2374
f 3142/1/3120 880/1/2432 886/1/2384
f 3139/1/3118 3142/1/3120 879/1/2422
f 3142/1/3120 3139/1/3118 908/1/2430
f 3143/1/3121 1005/1/2350 1235/1/2359
f 3143/1/3121 3144/1/3122 1236/1/2358
f 3144/1/3122 1235/1/2359 1239/1/3123
f 3144/1/3122 3145/1/3124 1240/1/3125
f 3146/1/3126 3145/1/3124 1239/1/3123
f 3146/1/3126 1242/1/3127 1240/1/3125
f 3147/1/3128 3146/1/3126 1241/1/3129
f 3147/1/3128 960/1/2427 1242/1/3127
f 3147/1/3128 959/1/2429 945/1/2423
f 3147/1/3128 3148/1/3130 946/1/2425
f 3149/1/3131 3148/1/3130 945/1/2423
f 3149/1/3131 944/1/2464 946/1/2425
f 3149/1/3131 943/1/2462 993/1/2459
f 3149/1/3131 3150/1/3132 994/1/2461
f 3151/1/3133 3150/1/3132 993/1/2459
f 3151/1/3133 1238/1/3134 994/1/2461
f 3151/1/3133 1237/1/3135 1003/1/2515
f 3151/1/3133 3152/1/3136 1004/1/2517
f 3152/1/3136 1003/1/2515 1005/1/2350
f 3152/1/3136 3143/1/3121 1006/1/2360
f 3153/1/3137 897/1/2529 905/1/2497
f 3154/1/3138 906/1/2499 898/1/2528
f 3154/1/3138 905/1/2497 1173/1/2496
f 3154/1/3138 3155/1/3139 1174/1/2500
f 3155/1/3139 1173/1/2496 1177/1/2744
f 3155/1/3139 3156/1/3140 1178/1/2746
f 3153/1/3137 3156/1/3140 1177/1/2744
f 3153/1/3137 898/1/2528 1178/1/2746
f 3158/1/3141 3157/1/3142 1009/1/2554
f 3158/1/3141 1232/1/3102 1010/1/2553
f 3158/1/3141 1231/1/3104 1259/1/2724
f 3158/1/3141 3159/1/3143 1260/1/2722
f 3160/1/3144 3159/1/3143 1259/1/2724
f 3160/1/3144 1002/1/2547 1260/1/2722
f 3157/1/3142 3160/1/3144 1001/1/2545
f 3157/1/3142 1010/1/2553 1002/1/2547
f 3162/1/3145 3161/1/3146 1261/1/2354
f 3162/1/3145 1272/1/3147 1262/1/2356
f 3163/1/3148 3162/1/3145 1271/1/3149
f 3163/1/3148 1240/1/3125 1272/1/3147
f 3164/1/3150 3163/1/3148 1239/1/3123
f 3164/1/3150 1236/1/2358 1240/1/3125
f 3164/1/3150 1235/1/2359 1261/1/2354
f 3164/1/3150 3161/1/3146 1262/1/2356
f 3165/1/3151 947/1/3079 1225/1/3078
f 3165/1/3151 3166/1/3152 1226/1/3077
f 3167/1/3153 3166/1/3152 1225/1/3078
f 3167/1/3153 1252/1/2340 1226/1/3077
f 3167/1/3153 1251/1/2341 913/1/2339
f 3168/1/3154 914/1/2348 1252/1/2340
f 3168/1/3154 913/1/2339 947/1/3079
f 3168/1/3154 3165/1/3151 948/1/3081
f 3170/1/3155 3169/1/3156 973/1/2458
f 3169/1/3156 3170/1/3155 1258/1/3157
f 3170/1/3155 1257/1/3158 1237/1/3135
f 3170/1/3155 3171/1/3159 1238/1/3134
f 3171/1/3159 1237/1/3135 993/1/2459
f 3172/1/3160 994/1/2461 1238/1/3134
f 3169/1/3156 3172/1/3160 993/1/2459
f 3169/1/3156 974/1/2468 994/1/2461
f 3174/1/3161 3173/1/3162 943/1/2462
f 3174/1/3161 946/1/2425 944/1/2464
f 3175/1/3163 3174/1/3161 945/1/2423
f 3175/1/3163 880/1/2432 946/1/2425
f 3176/1/3164 3175/1/3163 879/1/2422
f 3176/1/3164 884/1/2466 880/1/2432
f 3176/1/3164 883/1/2467 943/1/2462
f 3176/1/3164 3173/1/3162 944/1/2464
f 3178/1/3165 3177/1/3166 917/1/2490
f 3178/1/3165 950/1/3084 918/1/2492
f 3178/1/3165 949/1/3082 947/1/3079
f 3178/1/3165 3179/1/3167 948/1/3081
f 3180/1/3168 3179/1/3167 947/1/3079
f 3180/1/3168 914/1/2348 948/1/3081
f 3177/1/3166 3180/1/3168 913/1/2339
f 3180/1/3168 3177/1/3166 918/1/2492
f 3182/1/3169 3181/1/3170 1271/1/3149
f 3182/1/3169 1274/1/3171 1272/1/3147
f 3182/1/3169 1273/1/3172 1241/1/3129
f 3182/1/3169 3183/1/3173 1242/1/3127
f 3184/1/3174 3183/1/3173 1241/1/3129
f 3184/1/3174 1240/1/3125 1242/1/3127
f 3184/1/3174 1239/1/3123 1271/1/3149
f 3184/1/3174 3181/1/3170 1272/1/3147
f 3186/1/3175 3185/1/3176 905/1/2497
f 3186/1/3175 904/1/2230 906/1/2499
f 3186/1/3175 903/1/2232 927/1/2229
f 3187/1/3177 928/1/2238 904/1/2230
f 3188/1/3178 3187/1/3177 927/1/2229
f 3187/1/3177 3188/1/3178 930/1/2277
f 3188/1/3178 929/1/2279 905/1/2497
f 3188/1/3178 3185/1/3176 906/1/2499
f 3190/1/3179 3189/1/3180 1109/1/2883
f 3190/1/3179 1094/1/2701 1110/1/2881
f 3191/1/3181 3190/1/3179 1093/1/2699
f 3191/1/3181 1100/1/2329 1094/1/2701
f 3191/1/3181 1099/1/2327 1105/1/2730
f 3191/1/3181 3192/1/3182 1106/1/2728
f 3189/1/3180 3192/1/3182 1105/1/2730
f 3189/1/3180 1110/1/2881 1106/1/2728
f 3194/1/3183 3193/1/3184 955/1/3062
f 3193/1/3184 3194/1/3183 1016/1/2964
f 3194/1/3183 1015/1/2965 1021/1/2475
f 3195/1/3185 1022/1/2477 1016/1/2964
f 3195/1/3185 1021/1/2475 957/1/2484
f 3196/1/3186 958/1/2483 1022/1/2477
f 3193/1/3184 3196/1/3186 957/1/2484
f 3196/1/3186 3193/1/3184 956/1/3065
f 3198/1/3187 3197/1/3188 1275/1/3189
f 3198/1/3187 1230/1/3100 1276/1/3190
f 3198/1/3187 1229/1/3098 1227/1/3095
f 3198/1/3187 3199/1/3191 1228/1/3097
f 3200/1/3192 3199/1/3191 1227/1/3095
f 3200/1/3192 1278/1/3193 1228/1/3097
f 3200/1/3192 1277/1/3194 1275/1/3189
f 3200/1/3192 3197/1/3188 1276/1/3190
f 3202/1/3195 3201/1/3196 975/1/3045
f 3202/1/3195 956/1/3065 976/1/3044
f 3202/1/3195 955/1/3062 865/1/3010
f 3202/1/3195 3203/1/3197 866/1/3009
f 3203/1/3197 865/1/3010 871/1/3046
f 3203/1/3197 3204/1/3198 872/1/3048
f 3204/1/3198 871/1/3046 975/1/3045
f 3204/1/3198 3201/1/3196 976/1/3044
f 3206/1/3199 3205/1/3200 951/1/2389
f 3206/1/3199 916/1/2347 952/1/2391
f 3207/1/3201 3206/1/3199 915/1/2345
f 3206/1/3199 3207/1/3201 1254/1/2344
f 3207/1/3201 1253/1/2342 1217/1/3036
f 3207/1/3201 3208/1/3202 1218/1/3035
f 3205/1/3200 3208/1/3202 1217/1/3036
f 3205/1/3200 952/1/2391 1218/1/3035
f 3210/1/3203 3209/1/3204 1263/1/3205
f 3210/1/3203 1246/1/2404 1264/1/3206
f 3211/1/3207 3210/1/3203 1245/1/2407
f 3211/1/3207 1244/1/2405 1246/1/2404
f 3211/1/3207 1243/1/2403 1265/1/3208
f 3211/1/3207 3212/1/3209 1266/1/3210
f 3209/1/3204 3212/1/3209 1265/1/3208
f 3209/1/3204 1264/1/3206 1266/1/3210
f 3214/1/3211 3213/1/3212 889/1/2863
f 3214/1/3211 922/1/2860 890/1/2865
f 3215/1/3213 3214/1/3211 921/1/2862
f 3215/1/3213 1222/1/3087 922/1/2860
f 3215/1/3213 1221/1/3085 1285/1/2489
f 3215/1/3213 3216/1/3214 1286/1/2488
f 3213/1/3212 3216/1/3214 1285/1/2489
f 3213/1/3212 890/1/2865 1286/1/2488
f 3217/1/3215 923/1/3025 1219/1/2507
f 3218/1/3216 1220/1/2509 924/1/3027
f 3219/1/3217 3218/1/3216 1219/1/2507
f 3219/1/3217 1282/1/2505 1220/1/2509
f 3220/1/3218 3219/1/3217 1281/1/2506
f 3219/1/3217 3220/1/3218 888/1/2822
f 3220/1/3218 887/1/2820 923/1/3025
f 3220/1/3218 3217/1/3215 924/1/3027
f 3222/1/3219 3221/1/3220 971/1/2576
f 3221/1/3220 3222/1/3219 1256/1/2793
f 3222/1/3219 1255/1/2794 1257/1/3158
f 3222/1/3219 3223/1/3221 1258/1/3157
f 3223/1/3221 1257/1/3158 973/1/2458
f 3224/1/3222 974/1/2468 1258/1/3157
f 3221/1/3220 3224/1/3222 973/1/2458
f 3224/1/3222 3221/1/3220 972/1/2574
f 3225/1/3223 1015/1/2965 955/1/3062
f 3226/1/3224 956/1/3065 1016/1/2964
f 3226/1/3224 955/1/3062 975/1/3045
f 3226/1/3224 3227/1/3225 976/1/3044
f 3228/1/3226 3227/1/3225 975/1/3045
f 3228/1/3226 1034/1/3042 976/1/3044
f 3228/1/3226 1033/1/3040 1015/1/2965
f 3228/1/3226 3225/1/3223 1016/1/2964
f 3229/1/3227 985/1/2262 983/1/2260
f 3230/1/3228 984/1/2258 986/1/2261
f 3230/1/3228 983/1/2260 1039/1/2304
f 3230/1/3228 3231/1/3229 1040/1/2306
f 3232/1/3230 3231/1/3229 1039/1/2304
f 3232/1/3230 1042/1/2302 1040/1/2306
f 3229/1/3227 3232/1/3230 1041/1/2303
f 3229/1/3227 986/1/2261 1042/1/2302
f 3233/1/3231 1229/1/3098 1275/1/3189
f 3233/1/3231 3234/1/3232 1276/1/3190
f 3234/1/3232 1275/1/3189 1259/1/2724
f 3234/1/3232 3235/1/3233 1260/1/2722
f 3236/1/3234 3235/1/3233 1259/1/2724
f 3236/1/3234 1232/1/3102 1260/1/2722
f 3236/1/3234 1231/1/3104 1229/1/3098
f 3236/1/3234 3233/1/3231 1230/1/3100
f 3237/1/3235 1051/1/2281 1053/1/2564
f 3238/1/3236 1054/1/2566 1052/1/2280
f 3239/1/3237 3238/1/3236 1053/1/2564
f 3239/1/3237 1212/1/2222 1054/1/2566
f 3239/1/3237 1211/1/2223 1207/1/2398
f 3239/1/3237 3240/1/3238 1208/1/2397
f 3237/1/3235 3240/1/3238 1207/1/2398
f 3237/1/3235 1052/1/2280 1208/1/2397
f 3242/1/3239 3241/1/3240 1273/1/3172
f 3241/1/3240 3242/1/3239 1272/1/3147
f 3242/1/3239 1271/1/3149 1275/1/3189
f 3242/1/3239 3243/1/3241 1276/1/3190
f 3243/1/3241 1275/1/3189 1277/1/3194
f 3244/1/3242 1278/1/3193 1276/1/3190
f 3244/1/3242 1277/1/3194 1273/1/3172
f 3241/1/3240 1274/1/3171 1278/1/3193
f 3245/1/3243 1013/1/3244 1043/1/2309
f 3245/1/3243 3246/1/3245 1044/1/2308
f 3246/1/3245 1043/1/2309 1039/1/2304
f 3247/1/3246 1040/1/2306 1044/1/2308
f 3248/1/3247 3247/1/3246 1039/1/2304
f 3248/1/3247 984/1/2258 1040/1/2306
f 3245/1/3243 3248/1/3247 983/1/2260
f 3248/1/3247 3245/1/3243 1014/1/3248
f 3249/1/3249 1023/1/2324 1037/1/3068
f 3249/1/3249 3250/1/3250 1038/1/3069
f 3250/1/3250 1037/1/3068 1223/1/3092
f 3250/1/3250 3251/1/3251 1224/1/3091
f 3252/1/3252 3251/1/3251 1223/1/3092
f 3252/1/3252 1280/1/2815 1224/1/3091
f 3252/1/3252 1279/1/2817 1023/1/2324
f 3252/1/3252 3249/1/3249 1024/1/2323
f 3254/1/3253 3253/1/3254 977/1/2479
f 3254/1/3253 874/1/2929 978/1/2481
f 3255/1/3255 3254/1/3253 873/1/2927
f 3255/1/3255 864/1/2934 874/1/2929
f 3256/1/3256 3255/1/3255 863/1/2926
f 3256/1/3256 958/1/2483 864/1/2934
f 3256/1/3256 957/1/2484 977/1/2479
f 3256/1/3256 3253/1/3254 978/1/2481
f 3258/1/3257 3257/1/3258 883/1/2467
f 3257/1/3258 3258/1/3257 882/1/2382
f 3259/1/3259 3258/1/3257 881/1/2383
f 3258/1/3257 3259/1/3259 972/1/2574
f 3260/1/3260 3259/1/3259 971/1/2576
f 3259/1/3259 3260/1/3260 974/1/2468
f 3260/1/3260 973/1/2458 883/1/2467
f 3257/1/3258 884/1/2466 974/1/2468
f 3262/1/3261 3261/1/3262 1031/1/3037
f 3262/1/3261 1018/1/2968 1032/1/3039
f 3262/1/3261 1017/1/2966 1015/1/2965
f 3262/1/3261 3263/1/3263 1016/1/2964
f 3264/1/3264 3263/1/3263 1015/1/2965
f 3264/1/3264 1034/1/3042 1016/1/2964
f 3264/1/3264 1033/1/3040 1031/1/3037
f 3264/1/3264 3261/1/3262 1032/1/3039
f 3265/1/3265 1201/1/2205 1199/1/2904
f 3266/1/3266 1200/1/2910 1202/1/2207
f 3267/1/3267 3266/1/3266 1199/1/2904
f 3266/1/3266 3267/1/3267 1190/1/2888
f 3267/1/3267 1189/1/2890 1193/1/2209
f 3268/1/3268 1194/1/2211 1190/1/2888
f 3268/1/3268 1193/1/2209 1201/1/2205
f 3265/1/3265 1202/1/2207 1194/1/2211
f 3270/1/3269 3269/1/3270 1263/1/3205
f 3269/1/3270 3270/1/3269 1266/1/3210
f 3270/1/3269 1265/1/3208 1269/1/2411
f 3270/1/3269 3271/1/3271 1270/1/2413
f 3271/1/3271 1269/1/2411 1267/1/2410
f 3272/1/3272 1268/1/2420 1270/1/2413
f 3269/1/3270 3272/1/3272 1267/1/2410
f 3272/1/3272 3269/1/3270 1264/1/3206
f 3273/1/3273 1279/1/2817 1223/1/3092
f 3273/1/3273 3274/1/3274 1224/1/3091
f 3275/1/3275 3274/1/3274 1223/1/3092
f 3274/1/3274 3275/1/3275 920/1/2861
f 3276/1/3276 3275/1/3275 919/1/2859
f 3276/1/3276 894/1/2818 920/1/2861
f 3276/1/3276 893/1/2819 1279/1/2817
f 3273/1/3273 1280/1/2815 894/1/2818
f 3278/1/3277 3277/1/3278 1281/1/2506
f 3277/1/3278 3278/1/3277 1026/1/2318
f 3278/1/3277 1025/1/2314 1023/1/2324
f 3278/1/3277 3279/1/3279 1024/1/2323
f 3279/1/3279 1023/1/2324 1279/1/2817
f 3280/1/3280 1280/1/2815 1024/1/2323
f 3277/1/3278 3280/1/3280 1279/1/2817
f 3280/1/3280 3277/1/3278 1282/1/2505
f 3281/1/3281 1271/1/3149 1261/1/2354
f 3282/1/3282 1262/1/2356 1272/1/3147
f 3283/1/3283 3282/1/3282 1261/1/2354
f 3282/1/3282 3283/1/3283 1260/1/2722
f 3284/1/3284 3283/1/3283 1259/1/2724
f 3283/1/3283 3284/1/3284 1276/1/3190
f 3284/1/3284 1275/1/3189 1271/1/3149
f 3281/1/3281 1272/1/3147 1276/1/3190
f 3285/1/3285 891/1/2938 889/1/2863
f 3286/1/3286 890/1/2865 892/1/2940
f 3287/1/3287 3286/1/3286 889/1/2863
f 3286/1/3286 3287/1/3287 1286/1/2488
f 3288/1/3288 3287/1/3287 1285/1/2489
f 3287/1/3287 3288/1/3288 1284/1/2494
f 3288/1/3288 1283/1/2487 891/1/2938
f 3285/1/3285 892/1/2940 1284/1/2494
f 3289/1/3289 949/1/3082 917/1/2490
f 3289/1/3289 3290/1/3290 918/1/2492
f 3290/1/3290 917/1/2490 1285/1/2489
f 3290/1/3290 3291/1/3291 1286/1/2488
f 3292/1/3292 3291/1/3291 1285/1/2489
f 3292/1/3292 1222/1/3087 1286/1/2488
f 3292/1/3292 1221/1/3085 949/1/3082
f 3292/1/3292 3289/1/3289 950/1/3084
f 3294/1/3293 3293/1/3294 931/1/2362
f 3293/1/3294 3294/1/3293 938/1/2370
f 3295/1/3295 3294/1/3293 937/1/2371
f 3294/1/3293 3295/1/3295 934/1/2449
f 3295/1/3295 933/1/2447 935/1/2446
f 3296/1/3296 936/1/2456 934/1/2449
f 3296/1/3296 935/1/2446 931/1/2362
f 3293/1/3294 932/1/2372 936/1/2456
f 3298/1/3297 3297/1/3298 1185/1/2871
f 3298/1/3297 1190/1/2888 1186/1/2869
f 3299/1/3299 3298/1/3297 1189/1/2890
f 3298/1/3297 3299/1/3299 1200/1/2910
f 3300/1/3300 3299/1/3299 1199/1/2904
f 3300/1/3300 1198/1/2908 1200/1/2910
f 3297/1/3298 3300/1/3300 1197/1/2909
f 3297/1/3298 1186/1/2869 1198/1/2908
f 3302/1/3301 3301/1/3302 1109/1/2883
f 3302/1/3301 1114/1/2541 1110/1/2881
f 3303/1/3303 3302/1/3301 1113/1/2539
f 3303/1/3303 1090/1/2538 1114/1/2541
f 3304/1/3304 3303/1/3303 1089/1/2536
f 3304/1/3304 1094/1/2701 1090/1/2538
f 3304/1/3304 1093/1/2699 1109/1/2883
f 3304/1/3304 3301/1/3302 1110/1/2881
f 3306/1/3305 3305/1/3306 875/1/2957
f 3305/1/3306 3306/1/3305 1038/1/3069
f 3307/1/3307 3306/1/3305 1037/1/3068
f 3307/1/3307 1024/1/2323 1038/1/3069
f 3307/1/3307 1023/1/2324 867/1/2319
f 3308/1/3308 868/1/2321 1024/1/2323
f 3308/1/3308 867/1/2319 875/1/2957
f 3308/1/3308 3305/1/3306 876/1/2959
f 3309/1/3309 1183/1/2614 1185/1/2871
f 3309/1/3309 3310/1/3310 1186/1/2869
f 3311/1/3311 3310/1/3310 1185/1/2871
f 3310/1/3310 3311/1/3311 1198/1/2908
f 3312/1/3312 3311/1/3311 1197/1/2909
f 3311/1/3311 3312/1/3312 1196/1/2830
f 3309/1/3309 3312/1/3312 1195/1/2832
f 3312/1/3312 3309/1/3309 1184/1/2618
f 3314/1/3313 3313/1/3314 1191/1/2214
f 3313/1/3314 3314/1/3313 1188/1/2617
f 3314/1/3313 1187/1/2615 1203/1/2834
f 3314/1/3313 3315/1/3315 1204/1/2833
f 3316/1/3316 3315/1/3315 1203/1/2834
f 3316/1/3316 1206/1/2208 1204/1/2833
f 3313/1/3314 3316/1/3316 1205/1/2204
f 3313/1/3314 1192/1/2213 1206/1/2208
f 3317/1/3317 1013/1/3244 983/1/2260
f 3318/1/3318 984/1/2258 1014/1/3248
f 3319/1/3319 3318/1/3318 983/1/2260
f 3318/1/3318 3319/1/3319 990/1/2255
f 3320/1/3320 3319/1/3319 989/1/2253
f 3319/1/3319 3320/1/3320 1012/1/2590
f 3320/1/3320 1011/1/2591 1013/1/3244
f 3317/1/3317 1014/1/3248 1012/1/2590
f 3321/1/3321 891/1/2938 1283/1/2487
f 3321/1/3321 3322/1/3322 1284/1/2494
f 3323/1/3323 3322/1/3322 1283/1/2487
f 3323/1/3323 1216/1/2851 1284/1/2494
f 3323/1/3323 1215/1/2852 925/1/3028
f 3323/1/3323 3324/1/3324 926/1/3030
f 3324/1/3324 925/1/3028 891/1/2938
f 3324/1/3324 3321/1/3321 892/1/2940
f 3326/1/3325 1/1/386 3325/1/3326
f 3326/1/3325 2/1/388 6/1/391
f 3326/1/3325 41/1/288 5/1/390
f 3326/1/3325 42/1/290 3327/1/3327
f 3328/1/3328 41/1/288 3327/1/3327
f 3328/1/3328 42/1/290 44/1/293
f 3328/1/3328 1/1/386 43/1/294
f 3328/1/3328 2/1/388 3325/1/3326
f 1287/1/1 1288/1/5 105/1/2
f 1287/1/1 108/1/18 106/1/4
f 1289/1/6 77/1/9 105/1/2
f 1288/1/5 106/1/4 78/1/7
f 1290/1/8 81/1/12 77/1/9
f 1290/1/8 1289/1/6 78/1/7
f 1290/1/8 1291/1/14 331/1/11
f 1290/1/8 82/1/10 332/1/13
f 1292/1/15 333/1/17 331/1/11
f 1292/1/15 1291/1/14 332/1/13
f 1287/1/1 107/1/3 333/1/17
f 1287/1/1 1292/1/15 334/1/16
f 1294/1/19 47/1/25 7/1/20
f 1294/1/19 1293/1/21 8/1/22
f 1294/1/19 1295/1/27 45/1/24
f 1294/1/19 48/1/23 46/1/26
f 1296/1/28 3/1/30 45/1/24
f 1296/1/28 1295/1/27 46/1/26
f 1296/1/28 1293/1/21 7/1/20
f 1296/1/28 4/1/29 8/1/22
f 1298/1/31 123/1/37 121/1/32
f 1298/1/31 1297/1/33 122/1/34
f 1298/1/31 1299/1/39 73/1/36
f 1298/1/31 124/1/35 74/1/38
f 1300/1/40 69/1/42 73/1/36
f 1300/1/40 1299/1/39 74/1/38
f 1300/1/40 1297/1/33 121/1/32
f 1300/1/40 70/1/41 122/1/34
f 1301/1/43 1302/1/47 9/1/44
f 1301/1/43 50/1/51 10/1/46
f 1303/1/48 51/1/50 9/1/44
f 1303/1/48 1302/1/47 10/1/46
f 1301/1/43 49/1/45 51/1/50
f 1303/1/48 52/1/49 50/1/51
f 1304/1/52 1305/1/53 49/1/45
f 1304/1/52 10/1/46 50/1/51
f 1305/1/53 1306/1/56 15/1/54
f 1305/1/53 50/1/51 16/1/55
f 1304/1/52 9/1/44 15/1/54
f 1304/1/52 1306/1/56 16/1/55
f 1308/1/57 13/1/63 53/1/58
f 1308/1/57 1307/1/59 54/1/60
f 1308/1/57 1309/1/65 11/1/62
f 1308/1/57 14/1/61 12/1/64
f 1307/1/59 53/1/58 11/1/62
f 1307/1/59 1309/1/65 12/1/64
f 1311/1/66 53/1/58 13/1/63
f 1311/1/66 1310/1/67 14/1/61
f 1311/1/66 1312/1/69 55/1/68
f 1312/1/69 1311/1/66 54/1/60
f 1312/1/69 1310/1/67 13/1/63
f 1312/1/69 56/1/70 14/1/61
f 1314/1/71 27/1/76 25/1/72
f 1313/1/73 26/1/82 28/1/74
f 1314/1/71 1315/1/77 21/1/75
f 1315/1/77 1314/1/71 28/1/74
f 1316/1/79 19/1/81 21/1/75
f 1315/1/77 22/1/78 20/1/80
f 1313/1/73 25/1/72 19/1/81
f 1316/1/79 20/1/80 26/1/82
f 1318/1/83 15/1/54 9/1/44
f 1318/1/83 1317/1/84 10/1/46
f 1319/1/85 11/1/62 15/1/54
f 1318/1/83 16/1/55 12/1/64
f 1319/1/85 1320/1/86 13/1/63
f 1319/1/85 12/1/64 14/1/61
f 1317/1/84 9/1/44 13/1/63
f 1320/1/86 14/1/61 10/1/46
f 1321/1/87 339/1/89 1322/1/90
f 1322/1/90 352/1/92 1321/1/87
f 1322/1/90 341/1/93 1323/1/94
f 1323/1/94 340/1/91 1322/1/90
f 1323/1/94 353/1/96 1324/1/97
f 1324/1/97 342/1/95 1323/1/94
f 1321/1/87 353/1/96 351/1/88
f 1324/1/97 352/1/92 354/1/98
f 1325/1/99 1326/1/102 395/1/100
f 1326/1/102 1325/1/99 96/1/103
f 1326/1/102 1327/1/106 391/1/105
f 1327/1/106 1326/1/102 396/1/104
f 1328/1/108 91/1/110 391/1/105
f 1327/1/106 392/1/107 92/1/109
f 1328/1/108 1325/1/99 95/1/101
f 1325/1/99 1328/1/108 92/1/109
f 1330/1/111 381/1/113 371/1/116
f 1329/1/112 372/1/114 382/1/122
f 1331/1/115 371/1/116 369/1/118
f 1330/1/111 370/1/117 372/1/114
f 1331/1/115 379/1/119 1332/1/120
f 1331/1/115 380/1/121 370/1/117
f 1332/1/120 381/1/113 1329/1/112
f 1329/1/112 380/1/121 1332/1/120
f 1334/1/123 19/1/81 97/1/124
f 1334/1/123 1333/1/125 98/1/126
f 1335/1/127 23/1/130 19/1/81
f 1334/1/123 20/1/80 24/1/128
f 1335/1/127 1336/1/132 99/1/129
f 1335/1/127 24/1/128 100/1/131
f 1336/1/132 1333/1/125 97/1/124
f 1336/1/132 100/1/131 98/1/126
f 1338/1/133 9/1/44 51/1/50
f 1338/1/133 1337/1/134 52/1/49
f 1339/1/135 13/1/63 9/1/44
f 1339/1/135 1338/1/133 10/1/46
f 1339/1/135 1340/1/138 39/1/136
f 1339/1/135 14/1/61 40/1/137
f 1341/1/139 79/1/142 39/1/136
f 1340/1/138 40/1/137 80/1/140
f 1342/1/141 85/1/144 79/1/142
f 1342/1/141 1341/1/139 80/1/140
f 1342/1/141 1343/1/145 95/1/101
f 1342/1/141 86/1/143 96/1/103
f 1344/1/146 91/1/110 95/1/101
f 1343/1/145 96/1/103 92/1/109
f 1345/1/147 81/1/12 91/1/110
f 1345/1/147 1344/1/146 92/1/109
f 1345/1/147 1346/1/150 87/1/148
f 1345/1/147 82/1/10 88/1/149
f 1346/1/150 1347/1/153 93/1/151
f 1346/1/150 88/1/149 94/1/152
f 1347/1/153 1348/1/156 89/1/154
f 1347/1/153 94/1/152 90/1/155
f 1348/1/156 1337/1/134 51/1/50
f 1337/1/134 1348/1/156 90/1/155
f 1350/1/157 107/1/3 105/1/2
f 1350/1/157 1349/1/158 106/1/4
f 1351/1/159 35/1/162 107/1/3
f 1351/1/159 1350/1/157 108/1/18
f 1351/1/159 1352/1/163 33/1/161
f 1352/1/163 1351/1/159 36/1/160
f 1352/1/163 1349/1/158 105/1/2
f 1352/1/163 34/1/164 106/1/4
f 1354/1/165 131/1/171 129/1/166
f 1354/1/165 1353/1/167 130/1/168
f 1355/1/170 385/1/174 131/1/171
f 1354/1/165 132/1/169 386/1/172
f 1356/1/173 315/1/176 385/1/174
f 1356/1/173 1355/1/170 386/1/172
f 1356/1/173 1353/1/167 129/1/166
f 1353/1/167 1356/1/173 316/1/175
f 1357/1/177 1358/1/179 127/1/178
f 1358/1/179 1357/1/177 124/1/35
f 1358/1/179 1359/1/183 67/1/181
f 1358/1/179 128/1/180 68/1/182
f 1360/1/184 73/1/36 67/1/181
f 1360/1/184 1359/1/183 68/1/182
f 1357/1/177 123/1/37 73/1/36
f 1357/1/177 1360/1/184 74/1/38
f 1362/1/185 77/1/9 37/1/186
f 1362/1/185 1361/1/187 38/1/188
f 1362/1/185 1363/1/189 105/1/2
f 1363/1/189 1362/1/185 78/1/7
f 1364/1/190 33/1/161 105/1/2
f 1364/1/190 1363/1/189 106/1/4
f 1361/1/187 37/1/186 33/1/161
f 1364/1/190 34/1/164 38/1/188
f 1366/1/191 31/1/197 109/1/192
f 1366/1/191 1365/1/193 110/1/194
f 1367/1/196 29/1/200 31/1/197
f 1366/1/191 32/1/195 30/1/198
f 1367/1/196 1368/1/202 111/1/199
f 1367/1/196 30/1/198 112/1/201
f 1368/1/202 1365/1/193 109/1/192
f 1368/1/202 112/1/201 110/1/194
f 1370/1/203 57/1/206 97/1/124
f 1369/1/204 98/1/126 58/1/205
f 1370/1/203 1371/1/207 25/1/72
f 1370/1/203 58/1/205 26/1/82
f 1371/1/207 1372/1/208 19/1/81
f 1372/1/208 1371/1/207 26/1/82
f 1372/1/208 1369/1/204 97/1/124
f 1372/1/208 20/1/80 98/1/126
f 1373/1/209 361/1/210 1374/1/211
f 1374/1/211 382/1/122 1373/1/209
f 1374/1/211 349/1/213 1375/1/214
f 1375/1/214 362/1/212 1374/1/211
f 1376/1/216 349/1/213 371/1/116
f 1375/1/214 372/1/114 350/1/215
f 1373/1/209 371/1/116 381/1/113
f 1376/1/216 382/1/122 372/1/114
f 1377/1/217 1378/1/220 101/1/218
f 1378/1/220 1377/1/217 60/1/221
f 1379/1/223 21/1/75 101/1/218
f 1379/1/223 1378/1/220 102/1/222
f 1380/1/224 27/1/76 21/1/75
f 1379/1/223 22/1/78 28/1/74
f 1377/1/217 59/1/219 27/1/76
f 1377/1/217 1380/1/224 28/1/74
f 1382/1/225 71/1/230 403/1/226
f 1381/1/227 404/1/236 72/1/228
f 1383/1/229 61/1/233 71/1/230
f 1383/1/229 1382/1/225 72/1/228
f 1383/1/229 1384/1/234 335/1/232
f 1384/1/234 1383/1/229 62/1/231
f 1384/1/234 1381/1/227 403/1/226
f 1384/1/234 336/1/235 404/1/236
f 1386/1/237 63/1/242 125/1/238
f 1386/1/237 1385/1/239 126/1/240
f 1386/1/237 1387/1/243 67/1/181
f 1386/1/237 64/1/241 68/1/182
f 1388/1/244 127/1/178 67/1/181
f 1388/1/244 1387/1/243 68/1/182
f 1388/1/244 1385/1/239 125/1/238
f 1388/1/244 128/1/180 126/1/240
f 1389/1/245 543/1/247 1390/1/248
f 1390/1/248 546/1/250 1389/1/245
f 1390/1/248 599/1/251 1391/1/252
f 1390/1/248 600/1/253 544/1/249
f 1392/1/254 599/1/251 601/1/256
f 1392/1/254 600/1/253 1391/1/252
f 1389/1/245 601/1/256 545/1/246
f 1389/1/245 602/1/255 1392/1/254
f 1394/1/257 129/1/166 93/1/151
f 1394/1/257 1393/1/258 94/1/152
f 1394/1/257 1395/1/259 89/1/154
f 1395/1/259 1394/1/257 130/1/168
f 1395/1/259 1393/1/258 93/1/151
f 1395/1/259 90/1/155 94/1/152
f 1397/1/260 93/1/151 129/1/166
f 1397/1/260 1396/1/261 130/1/168
f 1397/1/260 1398/1/262 131/1/171
f 1397/1/260 94/1/152 132/1/169
f 1396/1/261 129/1/166 131/1/171
f 1396/1/261 1398/1/262 132/1/169
f 1399/1/263 1400/1/266 133/1/264
f 1399/1/263 88/1/149 134/1/265
f 1400/1/266 1401/1/269 135/1/267
f 1400/1/266 134/1/265 136/1/268
f 1399/1/263 87/1/148 135/1/267
f 1399/1/263 1401/1/269 136/1/268
f 1402/1/270 1403/1/271 87/1/148
f 1402/1/270 134/1/265 88/1/149
f 1404/1/272 83/1/274 87/1/148
f 1404/1/272 1403/1/271 88/1/149
f 1402/1/270 133/1/264 83/1/274
f 1404/1/272 84/1/273 134/1/265
f 1405/1/275 1406/1/276 47/1/25
f 1405/1/275 46/1/26 48/1/23
f 1406/1/276 1407/1/277 63/1/242
f 1406/1/276 48/1/23 64/1/241
f 1408/1/278 125/1/238 63/1/242
f 1408/1/278 1407/1/277 64/1/241
f 1408/1/278 1405/1/275 45/1/24
f 1408/1/278 126/1/240 46/1/26
f 1410/1/279 75/1/284 399/1/280
f 1409/1/281 400/1/286 76/1/282
f 1411/1/283 71/1/230 75/1/284
f 1410/1/279 76/1/282 72/1/228
f 1411/1/283 1412/1/285 403/1/226
f 1412/1/285 1411/1/283 72/1/228
f 1409/1/281 399/1/280 403/1/226
f 1412/1/285 404/1/236 400/1/286
f 1414/1/287 121/1/32 41/1/288
f 1414/1/287 1413/1/289 42/1/290
f 1414/1/287 1415/1/291 69/1/42
f 1414/1/287 122/1/34 70/1/41
f 1416/1/292 43/1/294 69/1/42
f 1416/1/292 1415/1/291 70/1/41
f 1413/1/289 41/1/288 43/1/294
f 1413/1/289 1416/1/292 44/1/293
f 1418/1/295 47/1/25 63/1/242
f 1418/1/295 1417/1/296 64/1/241
f 1418/1/295 1419/1/297 57/1/206
f 1418/1/295 48/1/23 58/1/205
f 1419/1/297 1420/1/298 61/1/233
f 1419/1/297 58/1/205 62/1/231
f 1420/1/298 1421/1/299 71/1/230
f 1420/1/298 62/1/231 72/1/228
f 1421/1/299 1422/1/300 75/1/284
f 1421/1/299 72/1/228 76/1/282
f 1423/1/301 65/1/303 75/1/284
f 1423/1/301 1422/1/300 76/1/282
f 1423/1/301 1424/1/304 73/1/36
f 1423/1/301 66/1/302 74/1/38
f 1424/1/304 1425/1/305 67/1/181
f 1424/1/304 74/1/38 68/1/182
f 1425/1/305 1417/1/296 63/1/242
f 1425/1/305 68/1/182 64/1/241
f 1426/1/306 155/1/308 1427/1/309
f 1426/1/306 156/1/310 148/1/320
f 1427/1/309 175/1/311 1428/1/312
f 1427/1/309 176/1/313 156/1/310
f 1428/1/312 171/1/314 1429/1/315
f 1428/1/312 172/1/316 176/1/313
f 1430/1/317 171/1/314 169/1/319
f 1430/1/317 172/1/316 1429/1/315
f 1426/1/306 169/1/319 147/1/307
f 1426/1/306 170/1/318 1430/1/317
f 1431/1/321 1432/1/322 49/1/45
f 1431/1/321 16/1/55 50/1/51
f 1433/1/323 141/1/326 49/1/45
f 1432/1/322 50/1/51 142/1/324
f 1434/1/325 117/1/328 141/1/326
f 1434/1/325 1433/1/323 142/1/324
f 1434/1/325 1431/1/321 15/1/54
f 1431/1/321 1434/1/325 118/1/327
f 1436/1/329 23/1/130 17/1/330
f 1436/1/329 1435/1/331 18/1/332
f 1436/1/329 1437/1/333 19/1/81
f 1437/1/333 1436/1/329 24/1/128
f 1438/1/334 21/1/75 19/1/81
f 1438/1/334 1437/1/333 20/1/80
f 1435/1/331 17/1/330 21/1/75
f 1438/1/334 22/1/78 18/1/332
f 1439/1/335 1440/1/336 75/1/284
f 1439/1/335 66/1/302 76/1/282
f 1440/1/336 1441/1/337 399/1/280
f 1441/1/337 1440/1/336 76/1/282
f 1442/1/338 327/1/340 399/1/280
f 1442/1/338 1441/1/337 400/1/286
f 1439/1/335 65/1/303 327/1/340
f 1442/1/338 328/1/339 66/1/302
f 1444/1/341 177/1/343 159/1/346
f 1444/1/341 178/1/345 1443/1/342
f 1444/1/341 149/1/347 1445/1/348
f 1444/1/341 150/1/349 160/1/344
f 1445/1/348 173/1/350 1446/1/351
f 1446/1/351 150/1/349 1445/1/348
f 1446/1/351 177/1/343 1443/1/342
f 1446/1/351 178/1/345 174/1/352
f 1447/1/353 375/1/355 1448/1/356
f 1447/1/353 376/1/357 278/1/364
f 1448/1/356 373/1/358 1449/1/359
f 1448/1/356 374/1/360 376/1/357
f 1450/1/361 373/1/358 273/1/363
f 1450/1/361 374/1/360 1449/1/359
f 1450/1/361 277/1/354 1447/1/353
f 1450/1/361 278/1/364 274/1/362
f 1452/1/365 149/1/347 153/1/368
f 1451/1/366 154/1/367 150/1/349
f 1452/1/365 145/1/369 1453/1/370
f 1453/1/370 154/1/367 1452/1/365
f 1454/1/372 145/1/369 147/1/307
f 1453/1/370 148/1/320 146/1/371
f 1451/1/366 147/1/307 149/1/347
f 1454/1/372 150/1/349 148/1/320
f 1455/1/373 207/1/375 1456/1/376
f 1456/1/376 256/1/378 1455/1/373
f 1456/1/376 219/1/379 1457/1/380
f 1457/1/380 208/1/377 1456/1/376
f 1458/1/382 219/1/379 267/1/384
f 1457/1/380 268/1/383 220/1/381
f 1458/1/382 255/1/374 1455/1/373
f 1458/1/382 256/1/378 268/1/383
f 1459/1/385 1460/1/387 7/1/20
f 1460/1/387 1459/1/385 2/1/388
f 1461/1/389 3/1/30 7/1/20
f 1461/1/389 1460/1/387 8/1/22
f 1461/1/389 1462/1/392 5/1/390
f 1461/1/389 4/1/29 6/1/391
f 1462/1/392 1459/1/385 1/1/386
f 1462/1/392 6/1/391 2/1/388
f 1463/1/393 1464/1/395 53/1/58
f 1464/1/395 1463/1/393 144/1/396
f 1465/1/397 11/1/62 53/1/58
f 1465/1/397 1464/1/395 54/1/60
f 1466/1/398 119/1/400 11/1/62
f 1465/1/397 12/1/64 120/1/399
f 1466/1/398 1463/1/393 143/1/394
f 1466/1/398 120/1/399 144/1/396
f 1468/1/401 103/1/405 101/1/218
f 1468/1/401 1467/1/402 102/1/222
f 1469/1/404 17/1/330 103/1/405
f 1469/1/404 1468/1/401 104/1/403
f 1469/1/404 1470/1/406 21/1/75
f 1470/1/406 1469/1/404 18/1/332
f 1470/1/406 1467/1/402 101/1/218
f 1470/1/406 22/1/78 102/1/222
f 1472/1/407 119/1/400 117/1/328
f 1471/1/408 118/1/327 120/1/399
f 1472/1/407 1473/1/409 11/1/62
f 1473/1/409 1472/1/407 120/1/399
f 1474/1/410 15/1/54 11/1/62
f 1474/1/410 1473/1/409 12/1/64
f 1471/1/408 117/1/328 15/1/54
f 1474/1/410 16/1/55 118/1/327
f 1475/1/411 189/1/413 1476/1/414
f 1476/1/414 184/1/416 1475/1/411
f 1477/1/417 189/1/413 151/1/420
f 1477/1/417 190/1/415 1476/1/414
f 1478/1/419 151/1/420 145/1/369
f 1478/1/419 152/1/418 1477/1/417
f 1478/1/419 183/1/412 1475/1/411
f 1478/1/419 184/1/416 146/1/371
f 1480/1/421 53/1/58 133/1/264
f 1480/1/421 1479/1/422 134/1/265
f 1481/1/423 143/1/394 53/1/58
f 1480/1/421 54/1/60 144/1/396
f 1482/1/424 319/1/426 143/1/394
f 1482/1/424 1481/1/423 144/1/396
f 1482/1/424 1479/1/422 133/1/264
f 1479/1/422 1482/1/424 320/1/425
f 1483/1/427 175/1/311 1484/1/429
f 1483/1/427 176/1/313 164/1/431
f 1484/1/429 155/1/308 1485/1/430
f 1485/1/430 176/1/313 1484/1/429
f 1483/1/427 155/1/308 163/1/428
f 1483/1/427 156/1/310 1485/1/430
f 1486/1/432 163/1/428 1487/1/433
f 1486/1/432 164/1/431 176/1/313
f 1487/1/433 179/1/434 1488/1/435
f 1487/1/433 180/1/436 164/1/431
f 1486/1/432 179/1/434 175/1/311
f 1486/1/432 180/1/436 1488/1/435
f 1490/1/437 147/1/307 145/1/369
f 1490/1/437 148/1/320 1489/1/438
f 1490/1/437 151/1/420 1491/1/439
f 1490/1/437 152/1/418 146/1/371
f 1492/1/440 151/1/420 155/1/308
f 1491/1/439 156/1/310 152/1/418
f 1489/1/438 155/1/308 147/1/307
f 1489/1/438 156/1/310 1492/1/440
f 1494/1/441 163/1/428 165/1/444
f 1494/1/441 164/1/431 1493/1/442
f 1494/1/441 181/1/445 1495/1/446
f 1494/1/441 182/1/447 166/1/443
f 1496/1/448 181/1/445 179/1/434
f 1496/1/448 182/1/447 1495/1/446
f 1493/1/442 179/1/434 163/1/428
f 1496/1/448 164/1/431 180/1/436
f 1497/1/449 173/1/350 1498/1/450
f 1497/1/449 174/1/352 170/1/318
f 1499/1/451 173/1/350 149/1/347
f 1499/1/451 174/1/352 1498/1/450
f 1499/1/451 147/1/307 1500/1/452
f 1499/1/451 148/1/320 150/1/349
f 1497/1/449 147/1/307 169/1/319
f 1500/1/452 170/1/318 148/1/320
f 1502/1/453 187/1/455 185/1/459
f 1502/1/453 188/1/457 1501/1/454
f 1503/1/458 185/1/459 153/1/368
f 1502/1/453 154/1/367 186/1/456
f 1504/1/460 153/1/368 161/1/462
f 1504/1/460 154/1/367 1503/1/458
f 1504/1/460 187/1/455 1501/1/454
f 1504/1/460 188/1/457 162/1/461
f 1506/1/463 189/1/413 157/1/466
f 1506/1/463 190/1/415 1505/1/464
f 1506/1/463 151/1/420 1507/1/467
f 1506/1/463 152/1/418 158/1/465
f 1505/1/464 151/1/420 189/1/413
f 1507/1/467 190/1/415 152/1/418
f 1509/1/468 157/1/466 189/1/413
f 1509/1/468 158/1/465 1508/1/469
f 1509/1/468 191/1/470 1510/1/471
f 1509/1/468 192/1/472 190/1/415
f 1508/1/469 191/1/470 157/1/466
f 1508/1/469 192/1/472 1510/1/471
f 1511/1/473 191/1/470 1512/1/474
f 1512/1/474 158/1/465 1511/1/473
f 1512/1/474 193/1/475 1513/1/476
f 1512/1/474 194/1/477 192/1/472
f 1514/1/478 193/1/475 195/1/481
f 1514/1/478 194/1/477 1513/1/476
f 1515/1/480 195/1/481 167/1/483
f 1515/1/480 196/1/479 1514/1/478
f 1515/1/480 157/1/466 1511/1/473
f 1515/1/480 158/1/465 168/1/482
f 1517/1/484 243/1/486 231/1/489
f 1516/1/485 232/1/487 244/1/495
f 1518/1/488 231/1/489 253/1/492
f 1517/1/484 254/1/490 232/1/487
f 1519/1/491 253/1/492 257/1/494
f 1519/1/491 254/1/490 1518/1/488
f 1519/1/491 243/1/486 1516/1/485
f 1516/1/485 258/1/493 1519/1/491
f 1520/1/496 231/1/489 1521/1/497
f 1521/1/497 254/1/490 1520/1/496
f 1521/1/497 229/1/498 1522/1/499
f 1521/1/497 230/1/500 232/1/487
f 1523/1/501 229/1/498 245/1/503
f 1522/1/499 246/1/502 230/1/500
f 1523/1/501 253/1/492 1520/1/496
f 1523/1/501 254/1/490 246/1/502
f 1525/1/504 339/1/89 295/1/507
f 1525/1/504 340/1/91 1524/1/505
f 1525/1/504 293/1/508 1526/1/509
f 1525/1/504 294/1/510 296/1/506
f 1526/1/509 341/1/93 1527/1/511
f 1526/1/509 342/1/95 294/1/510
f 1527/1/511 339/1/89 1524/1/505
f 1527/1/511 340/1/91 342/1/95
f 1529/1/512 237/1/514 243/1/486
f 1529/1/512 238/1/515 1528/1/513
f 1529/1/512 241/1/516 1530/1/517
f 1529/1/512 242/1/518 244/1/495
f 1531/1/519 241/1/516 239/1/521
f 1531/1/519 242/1/518 1530/1/517
f 1531/1/519 237/1/514 1528/1/513
f 1531/1/519 238/1/515 240/1/520
f 1532/1/522 159/1/346 1533/1/524
f 1533/1/524 224/1/525 1532/1/522
f 1533/1/524 177/1/343 1534/1/526
f 1533/1/524 178/1/345 160/1/344
f 1535/1/527 177/1/343 221/1/529
f 1534/1/526 222/1/528 178/1/345
f 1532/1/522 221/1/529 223/1/523
f 1535/1/527 224/1/525 222/1/528
f 1536/1/530 1537/1/531 135/1/267
f 1536/1/530 132/1/169 136/1/268
f 1538/1/532 383/1/534 135/1/267
f 1537/1/531 136/1/268 384/1/533
f 1538/1/532 1539/1/535 385/1/174
f 1539/1/535 1538/1/532 384/1/533
f 1539/1/535 1536/1/530 131/1/171
f 1536/1/530 1539/1/535 386/1/172
f 1541/1/536 185/1/459 183/1/412
f 1541/1/536 186/1/456 1540/1/537
f 1541/1/536 145/1/369 1542/1/538
f 1542/1/538 184/1/416 1541/1/536
f 1543/1/539 145/1/369 153/1/368
f 1543/1/539 146/1/371 1542/1/538
f 1543/1/539 185/1/459 1540/1/537
f 1543/1/539 186/1/456 154/1/367
f 1544/1/540 235/1/542 1545/1/543
f 1545/1/543 234/1/545 1544/1/540
f 1545/1/543 187/1/455 1546/1/546
f 1546/1/546 236/1/544 1545/1/543
f 1547/1/547 187/1/455 161/1/462
f 1547/1/547 188/1/457 1546/1/546
f 1544/1/540 161/1/462 233/1/541
f 1547/1/547 234/1/545 162/1/461
f 1549/1/548 379/1/119 369/1/118
f 1548/1/549 370/1/117 380/1/121
f 1549/1/548 367/1/550 1550/1/551
f 1550/1/551 370/1/117 1549/1/548
f 1551/1/553 367/1/550 377/1/555
f 1551/1/553 368/1/552 1550/1/551
f 1548/1/549 377/1/555 379/1/119
f 1551/1/553 380/1/121 378/1/554
f 1553/1/556 201/1/558 207/1/375
f 1553/1/556 202/1/559 1552/1/557
f 1553/1/556 205/1/560 1554/1/561
f 1553/1/556 206/1/562 208/1/377
f 1555/1/563 205/1/560 203/1/565
f 1555/1/563 206/1/562 1554/1/561
f 1555/1/563 201/1/558 1552/1/557
f 1555/1/563 202/1/559 204/1/564
f 1556/1/566 379/1/119 1557/1/567
f 1556/1/566 380/1/121 382/1/122
f 1558/1/568 379/1/119 289/1/570
f 1558/1/568 380/1/121 1557/1/567
f 1558/1/568 287/1/571 1559/1/572
f 1558/1/568 288/1/573 290/1/569
f 1556/1/566 287/1/571 381/1/113
f 1559/1/572 382/1/122 288/1/573
f 1561/1/574 139/1/578 45/1/24
f 1560/1/575 46/1/26 140/1/576
f 1562/1/577 115/1/580 139/1/578
f 1562/1/577 1561/1/574 140/1/576
f 1562/1/577 1563/1/581 3/1/30
f 1563/1/581 1562/1/577 116/1/579
f 1563/1/581 1560/1/575 45/1/24
f 1563/1/581 4/1/29 46/1/26
f 1564/1/582 213/1/583 1565/1/584
f 1564/1/582 214/1/585 220/1/381
f 1566/1/586 213/1/583 215/1/588
f 1566/1/586 214/1/585 1565/1/584
f 1566/1/586 217/1/589 1567/1/590
f 1566/1/586 218/1/591 216/1/587
f 1564/1/582 217/1/589 219/1/379
f 1564/1/582 218/1/591 1567/1/590
f 1569/1/592 249/1/594 261/1/598
f 1569/1/592 250/1/596 1568/1/593
f 1570/1/597 261/1/598 257/1/494
f 1569/1/592 258/1/493 262/1/595
f 1570/1/597 253/1/492 1571/1/599
f 1571/1/599 258/1/493 1570/1/597
f 1571/1/599 249/1/594 1568/1/593
f 1568/1/593 254/1/490 1571/1/599
f 1573/1/600 209/1/602 213/1/583
f 1572/1/601 214/1/585 210/1/607
f 1574/1/603 213/1/583 201/1/558
f 1573/1/600 202/1/559 214/1/585
f 1574/1/603 197/1/604 1575/1/605
f 1575/1/605 202/1/559 1574/1/603
f 1575/1/605 209/1/602 1572/1/601
f 1575/1/605 210/1/607 198/1/606
f 1576/1/608 311/1/610 1577/1/611
f 1576/1/608 312/1/612 310/1/649
f 1578/1/613 311/1/610 313/1/615
f 1578/1/613 312/1/612 1577/1/611
f 1578/1/613 293/1/508 1579/1/616
f 1578/1/613 294/1/510 314/1/614
f 1579/1/616 295/1/507 1580/1/617
f 1579/1/616 296/1/506 294/1/510
f 1581/1/618 295/1/507 297/1/621
f 1581/1/618 296/1/506 1580/1/617
f 1582/1/620 297/1/621 193/1/475
f 1582/1/620 298/1/619 1581/1/618
f 1582/1/620 191/1/470 1583/1/622
f 1582/1/620 192/1/472 194/1/477
f 1583/1/622 189/1/413 1584/1/623
f 1584/1/623 192/1/472 1583/1/622
f 1584/1/623 183/1/412 1585/1/624
f 1585/1/624 190/1/415 1584/1/623
f 1586/1/625 183/1/412 185/1/459
f 1585/1/624 186/1/456 184/1/416
f 1587/1/626 185/1/459 187/1/455
f 1587/1/626 186/1/456 1586/1/625
f 1587/1/626 235/1/542 1588/1/627
f 1587/1/626 236/1/544 188/1/457
f 1588/1/627 239/1/521 1589/1/628
f 1588/1/627 240/1/520 236/1/544
f 1590/1/629 239/1/521 241/1/516
f 1590/1/629 240/1/520 1589/1/628
f 1590/1/629 259/1/630 1591/1/631
f 1590/1/629 260/1/632 242/1/518
f 1592/1/633 259/1/630 263/1/635
f 1592/1/633 260/1/632 1591/1/631
f 1592/1/633 265/1/636 1593/1/637
f 1592/1/633 266/1/638 264/1/634
f 1594/1/639 265/1/636 217/1/589
f 1594/1/639 266/1/638 1593/1/637
f 1594/1/639 303/1/640 1595/1/641
f 1594/1/639 304/1/642 218/1/591
f 1595/1/641 305/1/643 1596/1/644
f 1595/1/641 306/1/645 304/1/642
f 1597/1/646 305/1/643 307/1/648
f 1597/1/646 306/1/645 1596/1/644
f 1597/1/646 309/1/609 1576/1/608
f 1597/1/646 310/1/649 308/1/647
f 1599/1/650 225/1/652 237/1/514
f 1599/1/650 226/1/653 1598/1/651
f 1599/1/650 233/1/541 1600/1/654
f 1600/1/654 238/1/515 1599/1/650
f 1601/1/655 233/1/541 223/1/523
f 1601/1/655 234/1/545 1600/1/654
f 1598/1/651 223/1/523 225/1/652
f 1601/1/655 226/1/653 224/1/525
f 1603/1/656 249/1/594 255/1/374
f 1602/1/657 256/1/378 250/1/596
f 1604/1/658 255/1/374 267/1/384
f 1603/1/656 268/1/383 256/1/378
f 1604/1/658 261/1/598 1605/1/659
f 1605/1/659 268/1/383 1604/1/658
f 1602/1/657 261/1/598 249/1/594
f 1605/1/659 250/1/596 262/1/595
f 1606/1/660 249/1/594 1607/1/661
f 1607/1/661 256/1/378 1606/1/660
f 1607/1/661 247/1/662 1608/1/663
f 1607/1/661 248/1/664 250/1/596
f 1609/1/665 247/1/662 251/1/667
f 1609/1/665 248/1/664 1608/1/663
f 1609/1/665 255/1/374 1606/1/660
f 1609/1/665 256/1/378 252/1/666
f 1611/1/668 229/1/498 231/1/489
f 1611/1/668 230/1/500 1610/1/669
f 1611/1/668 225/1/652 1612/1/670
f 1611/1/668 226/1/653 232/1/487
f 1613/1/671 225/1/652 227/1/673
f 1613/1/671 226/1/653 1612/1/670
f 1613/1/671 229/1/498 1610/1/669
f 1613/1/671 230/1/500 228/1/672
f 1614/1/674 219/1/379 1615/1/675
f 1615/1/675 268/1/383 1614/1/674
f 1615/1/675 217/1/589 1616/1/676
f 1615/1/675 218/1/591 220/1/381
f 1617/1/677 217/1/589 265/1/636
f 1616/1/676 266/1/638 218/1/591
f 1617/1/677 267/1/384 1614/1/674
f 1617/1/677 268/1/383 266/1/638
f 1618/1/678 355/1/679 1619/1/680
f 1619/1/680 354/1/98 1618/1/678
f 1619/1/680 279/1/682 1620/1/683
f 1620/1/683 356/1/681 1619/1/680
f 1621/1/685 279/1/682 275/1/687
f 1620/1/683 276/1/686 280/1/684
f 1621/1/685 353/1/96 1618/1/678
f 1621/1/685 354/1/98 276/1/686
f 1623/1/688 357/1/690 359/1/693
f 1623/1/688 358/1/692 1622/1/689
f 1623/1/688 283/1/694 1624/1/695
f 1624/1/695 360/1/691 1623/1/688
f 1625/1/697 283/1/694 281/1/699
f 1625/1/697 284/1/696 1624/1/695
f 1625/1/697 357/1/690 1622/1/689
f 1625/1/697 358/1/692 282/1/698
f 1627/1/700 249/1/594 253/1/492
f 1626/1/701 254/1/490 250/1/596
f 1628/1/702 253/1/492 245/1/503
f 1628/1/702 254/1/490 1627/1/700
f 1628/1/702 247/1/662 1629/1/703
f 1628/1/702 248/1/664 246/1/502
f 1626/1/701 247/1/662 249/1/594
f 1626/1/701 248/1/664 1629/1/703
f 1630/1/704 263/1/635 1631/1/705
f 1630/1/704 264/1/634 262/1/595
f 1632/1/706 263/1/635 259/1/630
f 1632/1/706 264/1/634 1631/1/705
f 1632/1/706 257/1/494 1633/1/707
f 1632/1/706 258/1/493 260/1/632
f 1633/1/707 261/1/598 1630/1/704
f 1630/1/704 258/1/493 1633/1/707
f 1635/1/708 369/1/118 371/1/116
f 1635/1/708 370/1/117 1634/1/709
f 1635/1/708 305/1/643 1636/1/710
f 1636/1/710 372/1/114 1635/1/708
f 1637/1/711 305/1/643 303/1/640
f 1637/1/711 306/1/645 1636/1/710
f 1637/1/711 369/1/118 1634/1/709
f 1637/1/711 370/1/117 304/1/642
f 1638/1/712 149/1/347 1639/1/713
f 1638/1/712 150/1/349 154/1/367
f 1639/1/713 159/1/346 1640/1/714
f 1640/1/714 150/1/349 1639/1/713
f 1640/1/714 161/1/462 1641/1/715
f 1641/1/715 160/1/344 1640/1/714
f 1638/1/712 161/1/462 153/1/368
f 1641/1/715 154/1/367 162/1/461
f 1643/1/716 171/1/314 175/1/311
f 1643/1/716 172/1/316 1642/1/717
f 1643/1/716 273/1/363 1644/1/718
f 1643/1/716 274/1/362 176/1/313
f 1645/1/719 273/1/363 271/1/721
f 1645/1/719 274/1/362 1644/1/718
f 1642/1/717 271/1/721 171/1/314
f 1645/1/719 172/1/316 272/1/720
f 1647/1/722 39/1/136 31/1/197
f 1646/1/723 32/1/195 40/1/137
f 1647/1/722 1648/1/724 37/1/186
f 1647/1/722 40/1/137 38/1/188
f 1648/1/724 1649/1/725 33/1/161
f 1649/1/725 1648/1/724 38/1/188
f 1649/1/725 1646/1/723 31/1/197
f 1646/1/723 1649/1/725 34/1/164
f 1651/1/726 165/1/444 163/1/428
f 1650/1/727 164/1/431 166/1/443
f 1652/1/728 163/1/428 157/1/466
f 1651/1/726 158/1/465 164/1/431
f 1652/1/728 167/1/483 1653/1/729
f 1653/1/729 158/1/465 1652/1/728
f 1650/1/727 167/1/483 165/1/444
f 1653/1/729 166/1/443 168/1/482
f 1654/1/730 1655/1/731 93/1/151
f 1654/1/730 132/1/169 94/1/152
f 1655/1/731 1656/1/732 87/1/148
f 1655/1/731 94/1/152 88/1/149
f 1657/1/733 135/1/267 87/1/148
f 1657/1/733 1656/1/732 88/1/149
f 1657/1/733 1654/1/730 131/1/171
f 1657/1/733 136/1/268 132/1/169
f 1658/1/734 219/1/379 1659/1/735
f 1659/1/735 214/1/585 1658/1/734
f 1660/1/736 219/1/379 207/1/375
f 1659/1/735 208/1/377 220/1/381
f 1661/1/737 207/1/375 201/1/558
f 1660/1/736 202/1/559 208/1/377
f 1658/1/734 201/1/558 213/1/583
f 1661/1/737 214/1/585 202/1/559
f 1662/1/738 271/1/721 1663/1/739
f 1663/1/739 172/1/316 1662/1/738
f 1663/1/739 269/1/740 1664/1/741
f 1663/1/739 270/1/742 272/1/720
f 1665/1/743 269/1/740 275/1/687
f 1665/1/743 270/1/742 1664/1/741
f 1666/1/744 275/1/687 279/1/682
f 1666/1/744 276/1/686 1665/1/743
f 1666/1/744 281/1/699 1667/1/745
f 1666/1/744 282/1/698 280/1/684
f 1668/1/746 281/1/699 283/1/694
f 1668/1/746 282/1/698 1667/1/745
f 1669/1/747 283/1/694 285/1/749
f 1669/1/747 284/1/696 1668/1/746
f 1669/1/747 287/1/571 1670/1/750
f 1669/1/747 288/1/573 286/1/748
f 1670/1/750 289/1/570 1671/1/751
f 1670/1/750 290/1/569 288/1/573
f 1672/1/752 289/1/570 291/1/754
f 1672/1/752 290/1/569 1671/1/751
f 1672/1/752 277/1/354 1673/1/755
f 1672/1/752 278/1/364 292/1/753
f 1674/1/756 277/1/354 273/1/363
f 1674/1/756 278/1/364 1673/1/755
f 1675/1/757 273/1/363 175/1/311
f 1675/1/757 274/1/362 1674/1/756
f 1675/1/757 179/1/434 1676/1/758
f 1675/1/757 180/1/436 176/1/313
f 1677/1/759 179/1/434 181/1/445
f 1677/1/759 180/1/436 1676/1/758
f 1677/1/759 199/1/760 1678/1/761
f 1677/1/759 200/1/762 182/1/447
f 1678/1/761 203/1/565 1679/1/763
f 1678/1/761 204/1/564 200/1/762
f 1680/1/764 203/1/565 205/1/560
f 1680/1/764 204/1/564 1679/1/763
f 1680/1/764 251/1/667 1681/1/765
f 1680/1/764 252/1/666 206/1/562
f 1682/1/766 251/1/667 247/1/662
f 1682/1/766 252/1/666 1681/1/765
f 1682/1/766 245/1/503 1683/1/767
f 1682/1/766 246/1/502 248/1/664
f 1684/1/768 245/1/503 229/1/498
f 1684/1/768 246/1/502 1683/1/767
f 1684/1/768 227/1/673 1685/1/769
f 1684/1/768 228/1/672 230/1/500
f 1686/1/770 227/1/673 221/1/529
f 1686/1/770 228/1/672 1685/1/769
f 1687/1/771 221/1/529 177/1/343
f 1687/1/771 222/1/528 1686/1/770
f 1687/1/771 173/1/350 1688/1/772
f 1687/1/771 174/1/352 178/1/345
f 1688/1/772 169/1/319 1689/1/773
f 1689/1/773 174/1/352 1688/1/772
f 1662/1/738 169/1/319 171/1/314
f 1662/1/738 170/1/318 1689/1/773
f 1691/1/774 157/1/466 163/1/428
f 1690/1/775 164/1/431 158/1/465
f 1691/1/774 155/1/308 1692/1/776
f 1692/1/776 164/1/431 1691/1/774
f 1692/1/776 151/1/420 1693/1/777
f 1693/1/777 156/1/310 1692/1/776
f 1690/1/775 151/1/420 157/1/466
f 1693/1/777 158/1/465 152/1/418
f 1695/1/778 315/1/176 129/1/166
f 1694/1/779 130/1/168 316/1/175
f 1695/1/778 1696/1/780 141/1/326
f 1695/1/778 316/1/175 142/1/324
f 1696/1/780 1697/1/781 49/1/45
f 1697/1/781 1696/1/780 142/1/324
f 1697/1/781 1694/1/779 129/1/166
f 1697/1/781 50/1/51 130/1/168
f 1698/1/782 161/1/462 1699/1/783
f 1699/1/783 234/1/545 1698/1/782
f 1700/1/784 161/1/462 159/1/346
f 1700/1/784 162/1/461 1699/1/783
f 1701/1/785 159/1/346 223/1/523
f 1700/1/784 224/1/525 160/1/344
f 1698/1/782 223/1/523 233/1/541
f 1698/1/782 224/1/525 1701/1/785
f 1703/1/786 211/1/788 195/1/481
f 1703/1/786 212/1/789 1702/1/787
f 1703/1/786 193/1/475 1704/1/790
f 1703/1/786 194/1/477 196/1/479
f 1705/1/791 193/1/475 297/1/621
f 1705/1/791 194/1/477 1704/1/790
f 1705/1/791 299/1/792 1706/1/793
f 1705/1/791 300/1/794 298/1/619
f 1707/1/795 299/1/792 301/1/798
f 1707/1/795 300/1/794 1706/1/793
f 1708/1/797 301/1/798 303/1/640
f 1708/1/797 302/1/796 1707/1/795
f 1709/1/799 303/1/640 217/1/589
f 1709/1/799 304/1/642 1708/1/797
f 1709/1/799 215/1/588 1710/1/800
f 1709/1/799 216/1/587 218/1/591
f 1702/1/787 215/1/588 211/1/788
f 1702/1/787 216/1/587 1710/1/800
f 1712/1/801 41/1/288 121/1/32
f 1712/1/801 1711/1/802 122/1/34
f 1713/1/803 137/1/806 41/1/288
f 1712/1/801 42/1/290 138/1/804
f 1714/1/805 317/1/808 137/1/806
f 1714/1/805 1713/1/803 138/1/804
f 1714/1/805 1711/1/802 121/1/32
f 1711/1/802 1714/1/805 318/1/807
f 1716/1/809 113/1/812 5/1/390
f 1715/1/810 6/1/391 114/1/811
f 1716/1/809 1717/1/813 137/1/806
f 1716/1/809 114/1/811 138/1/804
f 1717/1/813 1718/1/814 41/1/288
f 1718/1/814 1717/1/813 138/1/804
f 1715/1/810 5/1/390 41/1/288
f 1715/1/810 1718/1/814 42/1/290
f 1720/1/815 321/1/818 125/1/238
f 1719/1/816 126/1/240 322/1/817
f 1720/1/815 1721/1/819 139/1/578
f 1720/1/815 322/1/817 140/1/576
f 1721/1/819 1722/1/820 45/1/24
f 1722/1/820 1721/1/819 140/1/576
f 1722/1/820 1719/1/816 125/1/238
f 1722/1/820 46/1/26 126/1/240
f 1724/1/821 115/1/580 3/1/30
f 1723/1/822 4/1/29 116/1/579
f 1725/1/823 113/1/812 115/1/580
f 1725/1/823 1724/1/821 116/1/579
f 1725/1/823 1726/1/824 5/1/390
f 1726/1/824 1725/1/823 114/1/811
f 1723/1/822 3/1/30 5/1/390
f 1723/1/822 1726/1/824 6/1/391
f 1728/1/825 299/1/792 297/1/621
f 1728/1/825 300/1/794 1727/1/826
f 1728/1/825 363/1/827 1729/1/828
f 1728/1/825 364/1/829 298/1/619
f 1730/1/830 363/1/827 365/1/832
f 1730/1/830 364/1/829 1729/1/828
f 1727/1/826 365/1/832 299/1/792
f 1727/1/826 366/1/831 1730/1/830
f 1732/1/833 59/1/219 101/1/218
f 1731/1/834 102/1/222 60/1/221
f 1733/1/835 65/1/303 59/1/219
f 1733/1/835 1732/1/833 60/1/221
f 1733/1/835 1734/1/836 327/1/340
f 1733/1/835 66/1/302 328/1/339
f 1735/1/837 329/1/840 327/1/340
f 1735/1/837 1734/1/836 328/1/339
f 1736/1/839 103/1/405 329/1/840
f 1736/1/839 1735/1/837 330/1/838
f 1736/1/839 1731/1/834 101/1/218
f 1736/1/839 104/1/403 102/1/222
f 1737/1/841 243/1/486 1738/1/842
f 1738/1/842 232/1/487 1737/1/841
f 1739/1/843 243/1/486 237/1/514
f 1738/1/842 238/1/515 244/1/495
f 1739/1/843 225/1/652 1740/1/844
f 1740/1/844 238/1/515 1739/1/843
f 1740/1/844 231/1/489 1737/1/841
f 1737/1/841 226/1/653 1740/1/844
f 1742/1/845 391/1/105 393/1/846
f 1741/1/847 394/1/852 392/1/107
f 1743/1/848 395/1/100 391/1/105
f 1742/1/845 392/1/107 396/1/104
f 1743/1/848 1744/1/850 397/1/849
f 1744/1/850 1743/1/848 396/1/104
f 1744/1/850 1741/1/847 393/1/846
f 1744/1/850 398/1/851 394/1/852
f 1745/1/853 1746/1/856 337/1/854
f 1745/1/853 100/1/131 338/1/855
f 1746/1/856 1747/1/857 335/1/232
f 1746/1/856 338/1/855 336/1/235
f 1748/1/858 61/1/233 335/1/232
f 1748/1/858 1747/1/857 336/1/235
f 1748/1/858 1749/1/859 57/1/206
f 1749/1/859 1748/1/858 62/1/231
f 1749/1/859 1750/1/860 97/1/124
f 1750/1/860 1749/1/859 58/1/205
f 1745/1/853 99/1/129 97/1/124
f 1745/1/853 1750/1/860 98/1/126
f 1752/1/861 203/1/565 199/1/760
f 1752/1/861 204/1/564 1751/1/862
f 1752/1/861 197/1/604 1753/1/863
f 1752/1/861 198/1/606 200/1/762
f 1754/1/864 197/1/604 201/1/558
f 1754/1/864 198/1/606 1753/1/863
f 1751/1/862 201/1/558 203/1/565
f 1751/1/862 202/1/559 1754/1/864
f 1756/1/865 351/1/88 353/1/96
f 1756/1/865 352/1/92 1755/1/866
f 1757/1/867 353/1/96 275/1/687
f 1757/1/867 354/1/98 1756/1/865
f 1758/1/868 275/1/687 269/1/740
f 1758/1/868 276/1/686 1757/1/867
f 1758/1/868 351/1/88 1755/1/866
f 1758/1/868 352/1/92 270/1/742
f 1760/1/869 79/1/142 109/1/192
f 1759/1/870 110/1/194 80/1/140
f 1760/1/869 1761/1/871 39/1/136
f 1761/1/871 1760/1/869 80/1/140
f 1761/1/871 1762/1/872 31/1/197
f 1762/1/872 1761/1/871 40/1/137
f 1762/1/872 1759/1/870 109/1/192
f 1762/1/872 32/1/195 110/1/194
f 1764/1/873 357/1/690 281/1/699
f 1764/1/873 358/1/692 1763/1/874
f 1764/1/873 279/1/682 1765/1/875
f 1764/1/873 280/1/684 282/1/698
f 1766/1/876 279/1/682 355/1/679
f 1765/1/875 356/1/681 280/1/684
f 1763/1/874 355/1/679 357/1/690
f 1766/1/876 358/1/692 356/1/681
f 1768/1/877 181/1/445 165/1/444
f 1768/1/877 182/1/447 1767/1/878
f 1769/1/879 165/1/444 197/1/604
f 1768/1/877 198/1/606 166/1/443
f 1769/1/879 199/1/760 1770/1/880
f 1770/1/880 198/1/606 1769/1/879
f 1770/1/880 181/1/445 1767/1/878
f 1767/1/878 200/1/762 1770/1/880
f 1771/1/881 349/1/213 1772/1/882
f 1772/1/882 372/1/114 1771/1/881
f 1772/1/882 307/1/648 1773/1/883
f 1772/1/882 308/1/647 350/1/215
f 1774/1/884 307/1/648 305/1/643
f 1774/1/884 308/1/647 1773/1/883
f 1774/1/884 371/1/116 1771/1/881
f 1774/1/884 372/1/114 306/1/645
f 1775/1/885 1776/1/888 325/1/886
f 1775/1/885 112/1/201 326/1/887
f 1776/1/888 1777/1/891 323/1/889
f 1776/1/888 326/1/887 324/1/890
f 1778/1/892 85/1/144 323/1/889
f 1778/1/892 1777/1/891 324/1/890
f 1778/1/892 1779/1/893 79/1/142
f 1778/1/892 86/1/143 80/1/140
f 1779/1/893 1780/1/894 109/1/192
f 1780/1/894 1779/1/893 80/1/140
f 1775/1/885 111/1/199 109/1/192
f 1775/1/885 1780/1/894 110/1/194
f 1781/1/895 367/1/550 1782/1/896
f 1782/1/896 366/1/831 1781/1/895
f 1782/1/896 301/1/798 1783/1/897
f 1783/1/897 368/1/552 1782/1/896
f 1784/1/898 301/1/798 299/1/792
f 1783/1/897 300/1/794 302/1/796
f 1784/1/898 365/1/832 1781/1/895
f 1784/1/898 366/1/831 300/1/794
f 1786/1/899 307/1/648 349/1/213
f 1786/1/899 308/1/647 1785/1/900
f 1787/1/901 349/1/213 347/1/904
f 1786/1/899 348/1/902 350/1/215
f 1788/1/903 347/1/904 309/1/609
f 1788/1/903 348/1/902 1787/1/901
f 1788/1/903 307/1/648 1785/1/900
f 1788/1/903 308/1/647 310/1/649
f 1790/1/905 195/1/481 211/1/788
f 1789/1/906 212/1/789 196/1/479
f 1791/1/907 211/1/788 209/1/602
f 1790/1/905 210/1/607 212/1/789
f 1791/1/907 167/1/483 1792/1/908
f 1792/1/908 210/1/607 1791/1/907
f 1792/1/908 195/1/481 1789/1/906
f 1792/1/908 196/1/479 168/1/482
f 1794/1/909 261/1/598 267/1/384
f 1793/1/910 268/1/383 262/1/595
f 1795/1/911 267/1/384 265/1/636
f 1795/1/911 268/1/383 1794/1/909
f 1795/1/911 263/1/635 1796/1/912
f 1795/1/911 264/1/634 266/1/638
f 1793/1/910 263/1/635 261/1/598
f 1793/1/910 264/1/634 1796/1/912
f 1798/1/913 291/1/754 377/1/555
f 1797/1/914 378/1/554 292/1/753
f 1799/1/915 377/1/555 375/1/355
f 1798/1/913 376/1/357 378/1/554
f 1800/1/916 375/1/355 277/1/354
f 1800/1/916 376/1/357 1799/1/915
f 1800/1/916 291/1/754 1797/1/914
f 1797/1/914 278/1/364 1800/1/916
f 1802/1/917 291/1/754 289/1/570
f 1802/1/917 292/1/753 1801/1/918
f 1802/1/917 379/1/119 1803/1/919
f 1802/1/917 380/1/121 290/1/569
f 1803/1/919 377/1/555 1804/1/920
f 1804/1/920 380/1/121 1803/1/919
f 1804/1/920 291/1/754 1801/1/918
f 1801/1/918 378/1/554 1804/1/920
f 1806/1/921 257/1/494 259/1/630
f 1806/1/921 258/1/493 1805/1/922
f 1806/1/921 241/1/516 1807/1/923
f 1807/1/923 260/1/632 1806/1/921
f 1808/1/924 241/1/516 243/1/486
f 1808/1/924 242/1/518 1807/1/923
f 1805/1/922 243/1/486 257/1/494
f 1808/1/924 258/1/493 244/1/495
f 1810/1/925 361/1/210 381/1/113
f 1809/1/926 382/1/122 362/1/212
f 1811/1/927 381/1/113 287/1/571
f 1811/1/927 382/1/122 1810/1/925
f 1811/1/927 285/1/749 1812/1/928
f 1811/1/927 286/1/748 288/1/573
f 1809/1/926 285/1/749 361/1/210
f 1809/1/926 286/1/748 1812/1/928
f 1813/1/929 167/1/483 1814/1/930
f 1814/1/930 166/1/443 1813/1/929
f 1815/1/931 167/1/483 209/1/602
f 1814/1/930 210/1/607 168/1/482
f 1816/1/932 209/1/602 197/1/604
f 1816/1/932 210/1/607 1815/1/931
f 1816/1/932 165/1/444 1813/1/929
f 1813/1/929 198/1/606 1816/1/932
f 1818/1/933 313/1/615 343/1/937
f 1817/1/934 344/1/935 314/1/614
f 1819/1/936 343/1/937 341/1/93
f 1818/1/933 342/1/95 344/1/935
f 1820/1/938 341/1/93 293/1/508
f 1820/1/938 342/1/95 1819/1/936
f 1820/1/938 313/1/615 1817/1/934
f 1817/1/934 294/1/510 1820/1/938
f 1822/1/939 313/1/615 311/1/610
f 1822/1/939 314/1/614 1821/1/940
f 1822/1/939 345/1/941 1823/1/942
f 1822/1/939 346/1/943 312/1/612
f 1823/1/942 343/1/937 1824/1/944
f 1824/1/944 346/1/943 1823/1/942
f 1824/1/944 313/1/615 1821/1/940
f 1821/1/940 344/1/935 1824/1/944
f 1826/1/945 207/1/375 255/1/374
f 1825/1/946 256/1/378 208/1/377
f 1827/1/947 255/1/374 251/1/667
f 1827/1/947 256/1/378 1826/1/945
f 1827/1/947 205/1/560 1828/1/948
f 1828/1/948 252/1/666 1827/1/947
f 1825/1/946 205/1/560 207/1/375
f 1825/1/946 206/1/562 1828/1/948
f 1829/1/949 361/1/210 1830/1/950
f 1830/1/950 360/1/691 1829/1/949
f 1830/1/950 285/1/749 1831/1/951
f 1830/1/950 286/1/748 362/1/212
f 1832/1/952 285/1/749 283/1/694
f 1832/1/952 286/1/748 1831/1/951
f 1832/1/952 359/1/693 1829/1/949
f 1832/1/952 360/1/691 284/1/696
f 1834/1/953 387/1/957 127/1/178
f 1833/1/954 128/1/180 388/1/955
f 1835/1/956 321/1/818 387/1/957
f 1835/1/956 1834/1/953 388/1/955
f 1835/1/956 1836/1/958 125/1/238
f 1836/1/958 1835/1/956 322/1/817
f 1833/1/954 127/1/178 125/1/238
f 1833/1/954 1836/1/958 126/1/240
f 1838/1/959 317/1/808 121/1/32
f 1837/1/960 122/1/34 318/1/807
f 1838/1/959 1839/1/963 389/1/961
f 1838/1/959 318/1/807 390/1/962
f 1839/1/963 1840/1/964 123/1/37
f 1840/1/964 1839/1/963 390/1/962
f 1840/1/964 1837/1/960 121/1/32
f 1840/1/964 124/1/35 122/1/34
f 1841/1/965 227/1/673 1842/1/966
f 1841/1/965 228/1/672 222/1/528
f 1842/1/966 225/1/652 1843/1/967
f 1842/1/966 226/1/653 228/1/672
f 1843/1/967 223/1/523 1844/1/968
f 1843/1/967 224/1/525 226/1/653
f 1841/1/965 223/1/523 221/1/529
f 1841/1/965 224/1/525 1844/1/968
f 1845/1/969 1846/1/970 47/1/25
f 1846/1/970 1845/1/969 58/1/205
f 1846/1/970 1847/1/971 7/1/20
f 1847/1/971 1846/1/970 48/1/23
f 1848/1/972 1/1/386 7/1/20
f 1847/1/971 8/1/22 2/1/388
f 1848/1/972 1849/1/973 43/1/294
f 1848/1/972 2/1/388 44/1/293
f 1850/1/974 69/1/42 43/1/294
f 1849/1/973 44/1/293 70/1/41
f 1851/1/975 73/1/36 69/1/42
f 1851/1/975 1850/1/974 70/1/41
f 1851/1/975 1852/1/976 65/1/303
f 1851/1/975 74/1/38 66/1/302
f 1852/1/976 1853/1/977 59/1/219
f 1852/1/976 66/1/302 60/1/221
f 1853/1/977 1854/1/978 27/1/76
f 1853/1/977 60/1/221 28/1/74
f 1854/1/978 1855/1/979 25/1/72
f 1855/1/979 1854/1/978 28/1/74
f 1845/1/969 57/1/206 25/1/72
f 1845/1/969 1855/1/979 26/1/82
f 1857/1/980 343/1/937 355/1/679
f 1857/1/980 344/1/935 1856/1/981
f 1858/1/982 355/1/679 353/1/96
f 1857/1/980 354/1/98 356/1/681
f 1859/1/983 353/1/96 341/1/93
f 1858/1/982 342/1/95 354/1/98
f 1859/1/983 343/1/937 1856/1/981
f 1856/1/981 342/1/95 1859/1/983
f 1860/1/984 361/1/210 1861/1/985
f 1861/1/985 350/1/215 1860/1/984
f 1862/1/986 361/1/210 359/1/693
f 1861/1/985 360/1/691 362/1/212
f 1862/1/986 347/1/904 1863/1/987
f 1863/1/987 360/1/691 1862/1/986
f 1863/1/987 349/1/213 1860/1/984
f 1860/1/984 348/1/902 1863/1/987
f 1864/1/988 1865/1/989 127/1/178
f 1865/1/989 1864/1/988 388/1/955
f 1865/1/989 1866/1/990 123/1/37
f 1865/1/989 128/1/180 124/1/35
f 1867/1/991 389/1/961 123/1/37
f 1866/1/990 124/1/35 390/1/962
f 1864/1/988 387/1/957 389/1/961
f 1864/1/988 1867/1/991 390/1/962
f 1869/1/992 369/1/118 303/1/640
f 1869/1/992 370/1/117 1868/1/993
f 1869/1/992 301/1/798 1870/1/994
f 1869/1/992 302/1/796 304/1/642
f 1871/1/995 301/1/798 367/1/550
f 1870/1/994 368/1/552 302/1/796
f 1868/1/993 367/1/550 369/1/118
f 1871/1/995 370/1/117 368/1/552
f 1872/1/996 1873/1/997 135/1/267
f 1873/1/997 1872/1/996 384/1/533
f 1873/1/997 1874/1/998 133/1/264
f 1873/1/997 136/1/268 134/1/265
f 1875/1/999 319/1/426 133/1/264
f 1874/1/998 134/1/265 320/1/425
f 1875/1/999 1872/1/996 383/1/534
f 1875/1/999 320/1/425 384/1/533
f 1876/1/1000 359/1/693 1877/1/1001
f 1877/1/1001 348/1/902 1876/1/1000
f 1878/1/1002 359/1/693 357/1/690
f 1877/1/1001 358/1/692 360/1/691
f 1879/1/1003 357/1/690 345/1/941
f 1878/1/1002 346/1/943 358/1/692
f 1879/1/1003 347/1/904 1876/1/1000
f 1876/1/1000 346/1/943 1879/1/1003
f 1881/1/1004 377/1/555 367/1/550
f 1880/1/1005 368/1/552 378/1/554
f 1882/1/1006 367/1/550 365/1/832
f 1881/1/1004 366/1/831 368/1/552
f 1883/1/1007 365/1/832 375/1/355
f 1882/1/1006 376/1/357 366/1/831
f 1883/1/1007 377/1/555 1880/1/1005
f 1880/1/1005 376/1/357 1883/1/1007
f 1884/1/1008 357/1/690 1885/1/1009
f 1885/1/1009 346/1/943 1884/1/1008
f 1885/1/1009 355/1/679 1886/1/1010
f 1886/1/1010 358/1/692 1885/1/1009
f 1887/1/1011 355/1/679 343/1/937
f 1886/1/1010 344/1/935 356/1/681
f 1884/1/1008 343/1/937 345/1/941
f 1887/1/1011 346/1/943 344/1/935
f 1888/1/1012 215/1/588 1889/1/1013
f 1888/1/1012 216/1/587 212/1/789
f 1889/1/1013 213/1/583 1890/1/1014
f 1889/1/1013 214/1/585 216/1/587
f 1890/1/1014 209/1/602 1891/1/1015
f 1890/1/1014 210/1/607 214/1/585
f 1888/1/1012 209/1/602 211/1/788
f 1888/1/1012 210/1/607 1891/1/1015
f 1893/1/1016 365/1/832 363/1/827
f 1892/1/1017 364/1/829 366/1/831
f 1894/1/1018 363/1/827 373/1/358
f 1893/1/1016 374/1/360 364/1/829
f 1894/1/1018 375/1/355 1895/1/1019
f 1895/1/1019 374/1/360 1894/1/1018
f 1895/1/1019 365/1/832 1892/1/1017
f 1892/1/1017 376/1/357 1895/1/1019
f 1896/1/1020 363/1/827 1897/1/1021
f 1897/1/1021 340/1/91 1896/1/1020
f 1898/1/1022 363/1/827 297/1/621
f 1898/1/1022 364/1/829 1897/1/1021
f 1898/1/1022 295/1/507 1899/1/1023
f 1898/1/1022 296/1/506 298/1/619
f 1899/1/1023 339/1/89 1896/1/1020
f 1899/1/1023 340/1/91 296/1/506
f 1900/1/1024 1901/1/1025 393/1/846
f 1901/1/1025 1900/1/1024 392/1/107
f 1902/1/1026 333/1/17 393/1/846
f 1902/1/1026 1901/1/1025 394/1/852
f 1903/1/1027 331/1/11 333/1/17
f 1903/1/1027 1902/1/1026 334/1/16
f 1903/1/1027 1900/1/1024 391/1/105
f 1903/1/1027 332/1/13 392/1/107
f 1905/1/1028 403/1/226 399/1/280
f 1904/1/1029 400/1/286 404/1/236
f 1905/1/1028 1906/1/1031 405/1/1030
f 1906/1/1031 1905/1/1028 404/1/236
f 1906/1/1031 1907/1/1034 401/1/1033
f 1907/1/1034 1906/1/1031 406/1/1032
f 1904/1/1029 399/1/280 401/1/1033
f 1907/1/1034 402/1/1035 400/1/286
f 1908/1/1036 1909/1/1037 397/1/849
f 1908/1/1036 326/1/887 398/1/851
f 1910/1/1038 395/1/100 397/1/849
f 1909/1/1037 398/1/851 396/1/104
f 1911/1/1039 323/1/889 395/1/100
f 1911/1/1039 1910/1/1038 396/1/104
f 1911/1/1039 1908/1/1036 325/1/886
f 1911/1/1039 324/1/890 326/1/887
f 1912/1/1040 1913/1/1041 37/1/186
f 1912/1/1040 78/1/7 38/1/188
f 1914/1/1042 39/1/136 37/1/186
f 1914/1/1042 1913/1/1041 38/1/188
f 1914/1/1042 1915/1/1043 13/1/63
f 1914/1/1042 40/1/137 14/1/61
f 1915/1/1043 1916/1/1044 55/1/68
f 1915/1/1043 14/1/61 56/1/70
f 1917/1/1045 83/1/274 55/1/68
f 1916/1/1044 56/1/70 84/1/273
f 1918/1/1046 87/1/148 83/1/274
f 1918/1/1046 1917/1/1045 84/1/273
f 1918/1/1046 1919/1/1047 81/1/12
f 1918/1/1046 88/1/149 82/1/10
f 1919/1/1047 1912/1/1040 77/1/9
f 1919/1/1047 82/1/10 78/1/7
f 1920/1/1048 363/1/827 1921/1/1049
f 1920/1/1048 364/1/829 374/1/360
f 1921/1/1049 339/1/89 1922/1/1050
f 1921/1/1049 340/1/91 364/1/829
f 1923/1/1051 339/1/89 351/1/88
f 1923/1/1051 340/1/91 1922/1/1050
f 1920/1/1048 351/1/88 373/1/358
f 1923/1/1051 374/1/360 352/1/92
f 1925/1/1052 271/1/721 273/1/363
f 1925/1/1052 272/1/720 1924/1/1053
f 1925/1/1052 373/1/358 1926/1/1054
f 1925/1/1052 374/1/360 274/1/362
f 1926/1/1054 351/1/88 1927/1/1055
f 1926/1/1054 352/1/92 374/1/360
f 1928/1/1056 351/1/88 269/1/740
f 1928/1/1056 352/1/92 1927/1/1055
f 1928/1/1056 271/1/721 1924/1/1053
f 1928/1/1056 272/1/720 270/1/742
f 1930/1/1057 309/1/609 347/1/904
f 1929/1/1058 348/1/902 310/1/649
f 1930/1/1057 345/1/941 1931/1/1059
f 1930/1/1057 346/1/943 348/1/902
f 1932/1/1060 345/1/941 311/1/610
f 1932/1/1060 346/1/943 1931/1/1059
f 1932/1/1060 309/1/609 1929/1/1058
f 1932/1/1060 310/1/649 312/1/612
f 1934/1/1061 327/1/340 329/1/840
f 1934/1/1061 1933/1/1062 330/1/838
f 1934/1/1061 1935/1/1063 399/1/280
f 1934/1/1061 328/1/339 400/1/286
f 1935/1/1063 1936/1/1064 401/1/1033
f 1936/1/1064 1935/1/1063 400/1/286
f 1933/1/1062 329/1/840 401/1/1033
f 1933/1/1062 1936/1/1064 402/1/1035
f 1938/1/1065 237/1/514 239/1/521
f 1938/1/1065 238/1/515 1937/1/1066
f 1939/1/1067 239/1/521 235/1/542
f 1939/1/1067 240/1/520 1938/1/1065
f 1939/1/1067 233/1/541 1940/1/1068
f 1939/1/1067 234/1/545 236/1/544
f 1937/1/1066 233/1/541 237/1/514
f 1937/1/1066 234/1/545 1940/1/1068
f 1941/1/1069 1942/1/1070 51/1/50
f 1941/1/1069 50/1/51 52/1/49
f 1942/1/1070 1943/1/1071 89/1/154
f 1942/1/1070 52/1/49 90/1/155
f 1944/1/1072 129/1/166 89/1/154
f 1944/1/1072 1943/1/1071 90/1/155
f 1944/1/1072 1941/1/1069 49/1/45
f 1944/1/1072 130/1/168 50/1/51
f 1946/1/1073 55/1/68 83/1/274
f 1946/1/1073 1945/1/1074 84/1/273
f 1947/1/1075 53/1/58 55/1/68
f 1947/1/1075 1946/1/1073 56/1/70
f 1948/1/1076 133/1/264 53/1/58
f 1948/1/1076 1947/1/1075 54/1/60
f 1948/1/1076 1945/1/1074 83/1/274
f 1948/1/1076 134/1/265 84/1/273
f 1949/1/1077 1950/1/1078 91/1/110
f 1949/1/1077 82/1/10 92/1/109
f 1950/1/1078 1951/1/1079 391/1/105
f 1951/1/1079 1950/1/1078 92/1/109
f 1952/1/1080 331/1/11 391/1/105
f 1952/1/1080 1951/1/1079 392/1/107
f 1949/1/1077 81/1/12 331/1/11
f 1952/1/1080 332/1/13 82/1/10
f 1954/1/1081 403/1/226 405/1/1030
f 1953/1/1082 406/1/1032 404/1/236
f 1955/1/1083 335/1/232 403/1/226
f 1955/1/1083 1954/1/1081 404/1/236
f 1955/1/1083 1956/1/1084 337/1/854
f 1955/1/1083 336/1/235 338/1/855
f 1956/1/1084 1953/1/1082 405/1/1030
f 1956/1/1084 338/1/855 406/1/1032
f 1958/1/1085 95/1/101 395/1/100
f 1957/1/1086 396/1/104 96/1/103
f 1959/1/1087 85/1/144 95/1/101
f 1959/1/1087 1958/1/1085 96/1/103
f 1959/1/1087 1960/1/1088 323/1/889
f 1960/1/1088 1959/1/1087 86/1/143
f 1960/1/1088 1957/1/1086 395/1/100
f 1960/1/1088 324/1/890 396/1/104
f 1962/1/1089 35/1/162 33/1/161
f 1961/1/1090 34/1/164 36/1/160
f 1963/1/1091 29/1/200 35/1/162
f 1963/1/1091 1962/1/1089 36/1/160
f 1963/1/1091 1964/1/1092 31/1/197
f 1964/1/1092 1963/1/1091 30/1/198
f 1961/1/1090 33/1/161 31/1/197
f 1964/1/1092 32/1/195 34/1/164
f 1966/1/1093 457/1/1095 465/1/1097
f 1965/1/1094 466/1/1096 458/1/1104
f 1966/1/1093 733/1/1098 1967/1/1099
f 1966/1/1093 734/1/1100 466/1/1096
f 1967/1/1099 737/1/1101 1968/1/1102
f 1968/1/1102 734/1/1100 1967/1/1099
f 1965/1/1094 737/1/1101 457/1/1095
f 1965/1/1094 738/1/1103 1968/1/1102
f 1969/1/1105 705/1/1107 1970/1/1108
f 1969/1/1105 706/1/1109 708/1/1118
f 1971/1/1110 705/1/1107 699/1/1113
f 1971/1/1110 706/1/1109 1970/1/1108
f 1972/1/1112 699/1/1113 601/1/256
f 1972/1/1112 700/1/1111 1971/1/1110
f 1972/1/1112 599/1/251 1973/1/1114
f 1972/1/1112 600/1/253 602/1/255
f 1974/1/1115 599/1/251 603/1/1117
f 1974/1/1115 600/1/253 1973/1/1114
f 1974/1/1115 707/1/1106 1969/1/1105
f 1974/1/1115 708/1/1118 604/1/1116
f 1976/1/1119 717/1/1121 461/1/1125
f 1976/1/1119 718/1/1123 1975/1/1120
f 1977/1/1124 461/1/1125 541/1/1127
f 1977/1/1124 462/1/1122 1976/1/1119
f 1977/1/1124 719/1/1128 1978/1/1129
f 1977/1/1124 720/1/1130 542/1/1126
f 1975/1/1120 719/1/1128 717/1/1121
f 1978/1/1129 718/1/1123 720/1/1130
f 1980/1/1131 421/1/1133 419/1/1136
f 1980/1/1131 422/1/1135 1979/1/1132
f 1980/1/1131 433/1/1137 1981/1/1138
f 1980/1/1131 434/1/1139 420/1/1134
f 1982/1/1140 433/1/1137 537/1/1142
f 1982/1/1140 434/1/1139 1981/1/1138
f 1982/1/1140 589/1/1143 1983/1/1144
f 1982/1/1140 590/1/1145 538/1/1141
f 1984/1/1146 589/1/1143 587/1/1149
f 1984/1/1146 590/1/1145 1983/1/1144
f 1985/1/1148 587/1/1149 785/1/1151
f 1985/1/1148 588/1/1147 1984/1/1146
f 1985/1/1148 507/1/1152 1986/1/1153
f 1985/1/1148 508/1/1154 786/1/1150
f 1986/1/1153 509/1/1155 1987/1/1156
f 1986/1/1153 510/1/1157 508/1/1154
f 1987/1/1156 781/1/1158 1988/1/1159
f 1987/1/1156 782/1/1160 510/1/1157
f 1989/1/1161 781/1/1158 481/1/1164
f 1989/1/1161 782/1/1160 1988/1/1159
f 1990/1/1163 481/1/1164 479/1/1167
f 1990/1/1163 482/1/1162 1989/1/1161
f 1991/1/1166 479/1/1167 783/1/1169
f 1991/1/1166 480/1/1165 1990/1/1163
f 1991/1/1166 597/1/1170 1992/1/1171
f 1991/1/1166 598/1/1172 784/1/1168
f 1993/1/1173 597/1/1170 435/1/1175
f 1993/1/1173 598/1/1172 1992/1/1171
f 1993/1/1173 421/1/1133 1979/1/1132
f 1993/1/1173 422/1/1135 436/1/1174
f 1995/1/1176 637/1/1178 631/1/1181
f 1995/1/1176 638/1/1180 1994/1/1177
f 1995/1/1176 633/1/1182 1996/1/1183
f 1995/1/1176 634/1/1184 632/1/1179
f 1997/1/1185 633/1/1182 629/1/1188
f 1997/1/1185 634/1/1184 1996/1/1183
f 1998/1/1187 629/1/1188 615/1/1191
f 1997/1/1185 616/1/1189 630/1/1186
f 1999/1/1190 615/1/1191 617/1/1194
f 1999/1/1190 616/1/1189 1998/1/1187
f 2000/1/1193 617/1/1194 623/1/1196
f 2000/1/1193 618/1/1192 1999/1/1190
f 2000/1/1193 619/1/1197 2001/1/1198
f 2000/1/1193 620/1/1199 624/1/1195
f 2002/1/1200 619/1/1197 621/1/1202
f 2002/1/1200 620/1/1199 2001/1/1198
f 2002/1/1200 625/1/1203 2003/1/1204
f 2002/1/1200 626/1/1205 622/1/1201
f 1994/1/1177 625/1/1203 637/1/1178
f 1994/1/1177 626/1/1205 2003/1/1204
f 2005/1/1206 643/1/1208 649/1/1211
f 2005/1/1206 644/1/1210 2004/1/1207
f 2005/1/1206 673/1/1212 2006/1/1213
f 2005/1/1206 674/1/1214 650/1/1209
f 2007/1/1215 673/1/1212 671/1/1217
f 2007/1/1215 674/1/1214 2006/1/1213
f 2004/1/1207 671/1/1217 643/1/1208
f 2004/1/1207 672/1/1216 2007/1/1215
f 2009/1/1218 457/1/1095 455/1/1221
f 2009/1/1218 458/1/1104 2008/1/1219
f 2009/1/1218 463/1/1222 2010/1/1223
f 2009/1/1218 464/1/1224 456/1/1220
f 2011/1/1225 463/1/1222 465/1/1097
f 2010/1/1223 466/1/1096 464/1/1224
f 2008/1/1219 465/1/1097 457/1/1095
f 2008/1/1219 466/1/1096 2011/1/1225
f 2013/1/1226 555/1/1228 561/1/1231
f 2012/1/1227 562/1/1229 556/1/1237
f 2014/1/1230 561/1/1231 557/1/1233
f 2013/1/1226 558/1/1232 562/1/1229
f 2014/1/1230 559/1/1234 2015/1/1235
f 2015/1/1235 558/1/1232 2014/1/1230
f 2012/1/1227 559/1/1234 555/1/1228
f 2012/1/1227 560/1/1236 2015/1/1235
f 2017/1/1238 411/1/1240 429/1/1243
f 2017/1/1238 412/1/1242 2016/1/1239
f 2017/1/1238 437/1/1244 2018/1/1245
f 2017/1/1238 438/1/1246 430/1/1241
f 2019/1/1247 437/1/1244 417/1/1249
f 2019/1/1247 438/1/1246 2018/1/1245
f 2016/1/1239 417/1/1249 411/1/1240
f 2016/1/1239 418/1/1248 2019/1/1247
f 2020/1/1250 773/1/1252 2021/1/1253
f 2021/1/1253 770/1/1255 2020/1/1250
f 2022/1/1256 773/1/1252 541/1/1127
f 2022/1/1256 774/1/1254 2021/1/1253
f 2023/1/1257 541/1/1127 539/1/1259
f 2023/1/1257 542/1/1126 2022/1/1256
f 2023/1/1257 769/1/1251 2020/1/1250
f 2020/1/1250 540/1/1258 2023/1/1257
f 2024/1/1260 795/1/1262 2025/1/1263
f 2024/1/1260 796/1/1264 566/1/1289
f 2025/1/1263 799/1/1265 2026/1/1266
f 2025/1/1263 800/1/1267 796/1/1264
f 2027/1/1268 799/1/1265 801/1/1271
f 2027/1/1268 800/1/1267 2026/1/1266
f 2028/1/1270 801/1/1271 519/1/1273
f 2028/1/1270 802/1/1269 2027/1/1268
f 2028/1/1270 505/1/1274 2029/1/1275
f 2028/1/1270 506/1/1276 520/1/1272
f 2030/1/1277 505/1/1274 503/1/1279
f 2030/1/1277 506/1/1276 2029/1/1275
f 2030/1/1277 553/1/1280 2031/1/1281
f 2030/1/1277 554/1/1282 504/1/1278
f 2032/1/1283 553/1/1280 797/1/1285
f 2032/1/1283 554/1/1282 2031/1/1281
f 2032/1/1283 563/1/1286 2033/1/1287
f 2032/1/1283 564/1/1288 798/1/1284
f 2033/1/1287 565/1/1261 2024/1/1260
f 2033/1/1287 566/1/1289 564/1/1288
f 2034/1/1290 671/1/1217 2035/1/1291
f 2034/1/1290 672/1/1216 644/1/1210
f 2036/1/1292 671/1/1217 667/1/1295
f 2035/1/1291 668/1/1293 672/1/1216
f 2037/1/1294 667/1/1295 647/1/1297
f 2037/1/1294 668/1/1293 2036/1/1292
f 2034/1/1290 647/1/1297 643/1/1208
f 2034/1/1290 648/1/1296 2037/1/1294
f 2038/1/1298 529/1/1300 2039/1/1301
f 2038/1/1298 530/1/1302 492/1/1309
f 2040/1/1303 529/1/1300 527/1/1306
f 2040/1/1303 530/1/1302 2039/1/1301
f 2041/1/1305 527/1/1306 497/1/1308
f 2041/1/1305 528/1/1304 2040/1/1303
f 2038/1/1298 497/1/1308 491/1/1299
f 2038/1/1298 498/1/1307 2041/1/1305
f 2042/1/1310 501/1/1312 2043/1/1313
f 2042/1/1310 502/1/1314 446/1/1321
f 2043/1/1313 499/1/1315 2044/1/1316
f 2043/1/1313 500/1/1317 502/1/1314
f 2045/1/1318 499/1/1315 441/1/1320
f 2045/1/1318 500/1/1317 2044/1/1316
f 2045/1/1318 445/1/1311 2042/1/1310
f 2045/1/1318 446/1/1321 442/1/1319
f 2047/1/1322 479/1/1167 481/1/1164
f 2047/1/1322 480/1/1165 2046/1/1323
f 2047/1/1322 449/1/1324 2048/1/1325
f 2047/1/1322 450/1/1326 482/1/1162
f 2049/1/1327 449/1/1324 453/1/1329
f 2049/1/1327 450/1/1326 2048/1/1325
f 2049/1/1327 479/1/1167 2046/1/1323
f 2049/1/1327 480/1/1165 454/1/1328
f 2051/1/1330 835/1/1332 789/1/1335
f 2051/1/1330 836/1/1334 2050/1/1331
f 2051/1/1330 787/1/1336 2052/1/1337
f 2051/1/1330 788/1/1338 790/1/1333
f 2053/1/1339 787/1/1336 837/1/1341
f 2053/1/1339 788/1/1338 2052/1/1337
f 2053/1/1339 835/1/1332 2050/1/1331
f 2053/1/1339 836/1/1334 838/1/1340
f 2055/1/1342 535/1/1344 515/1/1347
f 2055/1/1342 536/1/1346 2054/1/1343
f 2055/1/1342 425/1/1348 2056/1/1349
f 2055/1/1342 426/1/1350 516/1/1345
f 2056/1/1349 431/1/1351 2057/1/1352
f 2056/1/1349 432/1/1353 426/1/1350
f 2057/1/1352 535/1/1344 2054/1/1343
f 2057/1/1352 536/1/1346 432/1/1353
f 2059/1/1354 445/1/1311 469/1/1357
f 2058/1/1355 470/1/1356 446/1/1321
f 2059/1/1354 521/1/1358 2060/1/1359
f 2059/1/1354 522/1/1360 470/1/1356
f 2060/1/1359 501/1/1312 2061/1/1361
f 2061/1/1361 522/1/1360 2060/1/1359
f 2058/1/1355 501/1/1312 445/1/1311
f 2058/1/1355 502/1/1314 2061/1/1361
f 2062/1/1362 829/1/1364 2063/1/1365
f 2062/1/1362 830/1/1366 828/1/1373
f 2064/1/1367 829/1/1364 807/1/1369
f 2064/1/1367 830/1/1366 2063/1/1365
f 2064/1/1367 809/1/1370 2065/1/1371
f 2064/1/1367 810/1/1372 808/1/1368
f 2065/1/1371 827/1/1363 2062/1/1362
f 2065/1/1371 828/1/1373 810/1/1372
f 2067/1/1374 707/1/1106 709/1/1377
f 2067/1/1374 708/1/1118 2066/1/1375
f 2067/1/1374 701/1/1378 2068/1/1379
f 2067/1/1374 702/1/1380 710/1/1376
f 2069/1/1381 701/1/1378 705/1/1107
f 2069/1/1381 702/1/1380 2068/1/1379
f 2069/1/1381 707/1/1106 2066/1/1375
f 2069/1/1381 708/1/1118 706/1/1109
f 2070/1/1382 493/1/1384 2071/1/1385
f 2070/1/1382 494/1/1386 496/1/1393
f 2071/1/1385 523/1/1387 2072/1/1388
f 2071/1/1385 524/1/1389 494/1/1386
f 2072/1/1388 525/1/1390 2073/1/1391
f 2072/1/1388 526/1/1392 524/1/1389
f 2070/1/1382 525/1/1390 495/1/1383
f 2070/1/1382 526/1/1392 2073/1/1391
f 2074/1/1394 767/1/1395 2075/1/1396
f 2075/1/1396 770/1/1255 2074/1/1394
f 2076/1/1398 767/1/1395 771/1/1400
f 2076/1/1398 768/1/1397 2075/1/1396
f 2076/1/1398 773/1/1252 2077/1/1401
f 2077/1/1401 772/1/1399 2076/1/1398
f 2074/1/1394 773/1/1252 769/1/1251
f 2074/1/1394 774/1/1254 2077/1/1401
f 2078/1/1402 477/1/1403 2079/1/1404
f 2078/1/1402 478/1/1405 510/1/1157
f 2079/1/1404 845/1/1406 2080/1/1407
f 2079/1/1404 846/1/1408 478/1/1405
f 2081/1/1409 845/1/1406 781/1/1158
f 2081/1/1409 846/1/1408 2080/1/1407
f 2081/1/1409 509/1/1155 2078/1/1402
f 2081/1/1409 510/1/1157 782/1/1160
f 2082/1/1410 501/1/1312 2083/1/1411
f 2082/1/1410 502/1/1314 500/1/1317
f 2084/1/1412 501/1/1312 521/1/1358
f 2084/1/1412 502/1/1314 2083/1/1411
f 2084/1/1412 787/1/1336 2085/1/1413
f 2084/1/1412 788/1/1338 522/1/1360
f 2085/1/1413 789/1/1335 2086/1/1414
f 2085/1/1413 790/1/1333 788/1/1338
f 2087/1/1415 789/1/1335 791/1/1418
f 2087/1/1415 790/1/1333 2086/1/1414
f 2088/1/1417 791/1/1418 569/1/1421
f 2088/1/1417 792/1/1416 2087/1/1415
f 2089/1/1420 569/1/1421 567/1/1424
f 2089/1/1420 570/1/1419 2088/1/1417
f 2090/1/1423 567/1/1424 793/1/1426
f 2090/1/1423 568/1/1422 2089/1/1420
f 2090/1/1423 551/1/1427 2091/1/1428
f 2090/1/1423 552/1/1429 794/1/1425
f 2082/1/1410 551/1/1427 499/1/1315
f 2082/1/1410 552/1/1429 2091/1/1428
f 2093/1/1430 491/1/1299 497/1/1308
f 2092/1/1431 498/1/1307 492/1/1309
f 2093/1/1430 493/1/1384 2094/1/1432
f 2094/1/1432 498/1/1307 2093/1/1430
f 2094/1/1432 495/1/1383 2095/1/1433
f 2095/1/1433 494/1/1386 2094/1/1432
f 2092/1/1431 495/1/1383 491/1/1299
f 2095/1/1433 492/1/1309 496/1/1393
f 2097/1/1434 447/1/1436 453/1/1329
f 2097/1/1434 448/1/1437 2096/1/1435
f 2098/1/1438 453/1/1329 449/1/1324
f 2097/1/1434 450/1/1326 454/1/1328
f 2098/1/1438 451/1/1439 2099/1/1440
f 2099/1/1440 450/1/1326 2098/1/1438
f 2099/1/1440 447/1/1436 2096/1/1435
f 2096/1/1435 452/1/1441 2099/1/1440
f 2101/1/1442 407/1/1444 413/1/1448
f 2101/1/1442 408/1/1446 2100/1/1443
f 2102/1/1447 413/1/1448 409/1/1450
f 2101/1/1442 410/1/1449 414/1/1445
f 2102/1/1447 411/1/1240 2103/1/1451
f 2103/1/1451 410/1/1449 2102/1/1447
f 2103/1/1451 407/1/1444 2100/1/1443
f 2100/1/1443 412/1/1242 2103/1/1451
f 2104/1/1452 597/1/1170 2105/1/1454
f 2104/1/1452 598/1/1172 584/1/1459
f 2105/1/1454 783/1/1169 2106/1/1455
f 2105/1/1454 784/1/1168 598/1/1172
f 2107/1/1456 783/1/1169 839/1/1458
f 2107/1/1456 784/1/1168 2106/1/1455
f 2107/1/1456 583/1/1453 2104/1/1452
f 2107/1/1456 584/1/1459 840/1/1457
f 2109/1/1460 557/1/1233 565/1/1261
f 2109/1/1460 558/1/1232 2108/1/1461
f 2109/1/1460 563/1/1286 2110/1/1462
f 2109/1/1460 564/1/1288 566/1/1289
f 2111/1/1463 563/1/1286 559/1/1234
f 2111/1/1463 564/1/1288 2110/1/1462
f 2111/1/1463 557/1/1233 2108/1/1461
f 2111/1/1463 558/1/1232 560/1/1236
f 2113/1/1464 747/1/1466 743/1/1469
f 2113/1/1464 748/1/1468 2112/1/1465
f 2113/1/1464 755/1/1470 2114/1/1471
f 2114/1/1471 744/1/1467 2113/1/1464
f 2115/1/1473 755/1/1470 763/1/1475
f 2115/1/1473 756/1/1472 2114/1/1471
f 2115/1/1473 747/1/1466 2112/1/1465
f 2115/1/1473 748/1/1468 764/1/1474
f 2117/1/1476 561/1/1231 555/1/1228
f 2117/1/1476 562/1/1229 2116/1/1477
f 2117/1/1476 567/1/1424 2118/1/1478
f 2117/1/1476 568/1/1422 556/1/1237
f 2119/1/1479 567/1/1424 569/1/1421
f 2119/1/1479 568/1/1422 2118/1/1478
f 2119/1/1479 561/1/1231 2116/1/1477
f 2119/1/1479 562/1/1229 570/1/1419
f 2121/1/1480 587/1/1149 589/1/1143
f 2121/1/1480 588/1/1147 2120/1/1481
f 2121/1/1480 581/1/1482 2122/1/1483
f 2121/1/1480 582/1/1484 590/1/1145
f 2123/1/1485 581/1/1482 579/1/1487
f 2123/1/1485 582/1/1484 2122/1/1483
f 2123/1/1485 587/1/1149 2120/1/1481
f 2123/1/1485 588/1/1147 580/1/1486
f 2124/1/1488 543/1/247 2125/1/1490
f 2125/1/1490 574/1/1491 2124/1/1488
f 2126/1/1492 543/1/247 549/1/1495
f 2125/1/1490 550/1/1493 544/1/249
f 2127/1/1494 549/1/1495 571/1/1497
f 2126/1/1492 572/1/1496 550/1/1493
f 2127/1/1494 573/1/1489 2124/1/1488
f 2124/1/1488 572/1/1496 2127/1/1494
f 2128/1/1498 607/1/1500 2129/1/1501
f 2128/1/1498 608/1/1502 548/1/1507
f 2129/1/1501 605/1/1503 2130/1/1504
f 2129/1/1501 606/1/1505 608/1/1502
f 2131/1/1506 605/1/1503 549/1/1495
f 2131/1/1506 606/1/1505 2130/1/1504
f 2128/1/1498 549/1/1495 547/1/1499
f 2131/1/1506 548/1/1507 550/1/1493
f 2133/1/1508 605/1/1503 609/1/1512
f 2132/1/1509 610/1/1510 606/1/1505
f 2134/1/1511 609/1/1512 571/1/1497
f 2134/1/1511 610/1/1510 2133/1/1508
f 2134/1/1511 549/1/1495 2135/1/1513
f 2135/1/1513 572/1/1496 2134/1/1511
f 2135/1/1513 605/1/1503 2132/1/1509
f 2135/1/1513 606/1/1505 550/1/1493
f 2136/1/1514 693/1/1516 2137/1/1517
f 2136/1/1514 694/1/1518 688/1/1525
f 2138/1/1519 693/1/1516 689/1/1522
f 2137/1/1517 690/1/1520 694/1/1518
f 2139/1/1521 689/1/1522 691/1/1524
f 2139/1/1521 690/1/1520 2138/1/1519
f 2139/1/1521 687/1/1515 2136/1/1514
f 2136/1/1514 692/1/1523 2139/1/1521
f 2141/1/1526 537/1/1142 433/1/1137
f 2141/1/1526 538/1/1141 2140/1/1527
f 2142/1/1528 433/1/1137 423/1/1531
f 2142/1/1528 434/1/1139 2141/1/1526
f 2143/1/1530 423/1/1531 517/1/1533
f 2143/1/1530 424/1/1529 2142/1/1528
f 2143/1/1530 537/1/1142 2140/1/1527
f 2143/1/1530 538/1/1141 518/1/1532
f 2145/1/1534 459/1/1536 461/1/1125
f 2145/1/1534 460/1/1537 2144/1/1535
f 2145/1/1534 455/1/1221 2146/1/1538
f 2146/1/1538 462/1/1122 2145/1/1534
f 2146/1/1538 457/1/1095 2147/1/1539
f 2147/1/1539 456/1/1220 2146/1/1538
f 2144/1/1535 457/1/1095 459/1/1536
f 2147/1/1539 460/1/1537 458/1/1104
f 2148/1/1540 641/1/1542 2149/1/1543
f 2148/1/1540 642/1/1544 754/1/1551
f 2149/1/1543 639/1/1545 2150/1/1546
f 2149/1/1543 640/1/1547 642/1/1544
f 2151/1/1548 639/1/1545 751/1/1550
f 2151/1/1548 640/1/1547 2150/1/1546
f 2148/1/1540 751/1/1550 753/1/1541
f 2151/1/1548 754/1/1551 752/1/1549
f 2152/1/1552 747/1/1466 2153/1/1553
f 2152/1/1552 748/1/1468 744/1/1467
f 2153/1/1553 651/1/1554 2154/1/1555
f 2153/1/1553 652/1/1556 748/1/1468
f 2154/1/1555 661/1/1557 2155/1/1558
f 2154/1/1555 662/1/1559 652/1/1556
f 2152/1/1552 661/1/1557 743/1/1469
f 2152/1/1552 662/1/1559 2155/1/1558
f 2157/1/1560 709/1/1377 697/1/1564
f 2156/1/1561 698/1/1562 710/1/1376
f 2158/1/1563 697/1/1564 689/1/1522
f 2157/1/1560 690/1/1520 698/1/1562
f 2158/1/1563 701/1/1378 2159/1/1565
f 2159/1/1565 690/1/1520 2158/1/1563
f 2159/1/1565 709/1/1377 2156/1/1561
f 2156/1/1561 702/1/1380 2159/1/1565
f 2160/1/1566 429/1/1243 2161/1/1568
f 2161/1/1568 586/1/1569 2160/1/1566
f 2161/1/1568 427/1/1570 2162/1/1571
f 2162/1/1571 430/1/1241 2161/1/1568
f 2163/1/1573 427/1/1570 583/1/1453
f 2162/1/1571 584/1/1459 428/1/1572
f 2160/1/1566 583/1/1453 585/1/1567
f 2163/1/1573 586/1/1569 584/1/1459
f 2164/1/1574 463/1/1222 2165/1/1576
f 2164/1/1574 464/1/1224 488/1/1583
f 2166/1/1577 463/1/1222 713/1/1579
f 2165/1/1576 714/1/1578 464/1/1224
f 2166/1/1577 723/1/1580 2167/1/1581
f 2167/1/1581 714/1/1578 2166/1/1577
f 2167/1/1581 487/1/1575 2164/1/1574
f 2164/1/1574 724/1/1582 2167/1/1581
f 2168/1/1584 715/1/1585 2169/1/1586
f 2168/1/1584 716/1/1587 456/1/1220
f 2170/1/1588 715/1/1585 713/1/1579
f 2169/1/1586 714/1/1578 716/1/1587
f 2171/1/1589 713/1/1579 463/1/1222
f 2171/1/1589 714/1/1578 2170/1/1588
f 2168/1/1584 463/1/1222 455/1/1221
f 2171/1/1589 456/1/1220 464/1/1224
f 2173/1/1590 711/1/1592 773/1/1252
f 2173/1/1590 712/1/1593 2172/1/1591
f 2174/1/1594 773/1/1252 771/1/1400
f 2173/1/1590 772/1/1399 774/1/1254
f 2174/1/1594 721/1/1595 2175/1/1596
f 2174/1/1594 722/1/1597 772/1/1399
f 2172/1/1591 721/1/1595 711/1/1592
f 2172/1/1591 722/1/1597 2175/1/1596
f 2177/1/1598 541/1/1127 461/1/1125
f 2176/1/1599 462/1/1122 542/1/1126
f 2178/1/1600 461/1/1125 459/1/1536
f 2178/1/1600 462/1/1122 2177/1/1598
f 2178/1/1600 539/1/1259 2179/1/1601
f 2179/1/1601 460/1/1537 2178/1/1600
f 2179/1/1601 541/1/1127 2176/1/1599
f 2176/1/1599 540/1/1258 2179/1/1601
f 2181/1/1602 651/1/1554 639/1/1545
f 2181/1/1602 652/1/1556 2180/1/1603
f 2182/1/1604 639/1/1545 643/1/1208
f 2182/1/1604 640/1/1547 2181/1/1602
f 2182/1/1604 647/1/1297 2183/1/1605
f 2182/1/1604 648/1/1296 644/1/1210
f 2183/1/1605 655/1/1606 2184/1/1607
f 2184/1/1607 648/1/1296 2183/1/1605
f 2185/1/1609 655/1/1606 659/1/1612
f 2184/1/1607 660/1/1610 656/1/1608
f 2186/1/1611 659/1/1612 653/1/1615
f 2185/1/1609 654/1/1613 660/1/1610
f 2187/1/1614 653/1/1615 649/1/1211
f 2187/1/1614 654/1/1613 2186/1/1611
f 2188/1/1616 649/1/1211 645/1/1618
f 2188/1/1616 650/1/1209 2187/1/1614
f 2188/1/1616 657/1/1619 2189/1/1620
f 2188/1/1616 658/1/1621 646/1/1617
f 2190/1/1622 657/1/1619 661/1/1557
f 2189/1/1620 662/1/1559 658/1/1621
f 2190/1/1622 651/1/1554 2180/1/1603
f 2190/1/1622 652/1/1556 662/1/1559
f 2191/1/1623 679/1/1625 2192/1/1626
f 2191/1/1623 680/1/1627 676/1/1632
f 2193/1/1628 679/1/1625 635/1/1631
f 2193/1/1628 680/1/1627 2192/1/1626
f 2194/1/1630 635/1/1631 637/1/1178
f 2194/1/1630 636/1/1629 2193/1/1628
f 2194/1/1630 675/1/1624 2191/1/1623
f 2194/1/1630 676/1/1632 638/1/1180
f 2196/1/1633 419/1/1136 421/1/1133
f 2196/1/1633 420/1/1134 2195/1/1634
f 2197/1/1635 421/1/1133 409/1/1450
f 2197/1/1635 422/1/1135 2196/1/1633
f 2198/1/1636 409/1/1450 413/1/1448
f 2198/1/1636 410/1/1449 2197/1/1635
f 2198/1/1636 419/1/1136 2195/1/1634
f 2198/1/1636 420/1/1134 414/1/1445
f 2199/1/1637 645/1/1618 2200/1/1638
f 2200/1/1638 658/1/1621 2199/1/1637
f 2201/1/1639 645/1/1618 749/1/1642
f 2201/1/1639 646/1/1617 2200/1/1638
f 2202/1/1641 749/1/1642 745/1/1644
f 2202/1/1641 750/1/1640 2201/1/1639
f 2202/1/1641 657/1/1619 2199/1/1637
f 2202/1/1641 658/1/1621 746/1/1643
f 2204/1/1645 663/1/1647 665/1/1651
f 2204/1/1645 664/1/1649 2203/1/1646
f 2205/1/1650 665/1/1651 659/1/1612
f 2205/1/1650 666/1/1648 2204/1/1645
f 2205/1/1650 655/1/1606 2206/1/1652
f 2205/1/1650 656/1/1608 660/1/1610
f 2206/1/1652 663/1/1647 2203/1/1646
f 2206/1/1652 664/1/1649 656/1/1608
f 2207/1/1653 693/1/1516 2208/1/1654
f 2208/1/1654 690/1/1520 2207/1/1653
f 2209/1/1655 693/1/1516 703/1/1658
f 2208/1/1654 704/1/1656 694/1/1518
f 2210/1/1657 703/1/1658 701/1/1378
f 2209/1/1655 702/1/1380 704/1/1656
f 2210/1/1657 689/1/1522 2207/1/1653
f 2207/1/1653 702/1/1380 2210/1/1657
f 2212/1/1659 679/1/1625 683/1/1663
f 2212/1/1659 680/1/1627 2211/1/1660
f 2213/1/1662 683/1/1663 623/1/1196
f 2213/1/1662 684/1/1661 2212/1/1659
f 2213/1/1662 635/1/1631 2214/1/1664
f 2213/1/1662 636/1/1629 624/1/1195
f 2214/1/1664 679/1/1625 2211/1/1660
f 2214/1/1664 680/1/1627 636/1/1629
f 2215/1/1665 721/1/1595 2216/1/1666
f 2216/1/1666 712/1/1593 2215/1/1665
f 2217/1/1667 721/1/1595 725/1/1670
f 2217/1/1667 722/1/1597 2216/1/1666
f 2218/1/1669 725/1/1670 723/1/1580
f 2217/1/1667 724/1/1582 726/1/1668
f 2218/1/1669 713/1/1579 2219/1/1671
f 2218/1/1669 714/1/1578 724/1/1582
f 2219/1/1671 715/1/1585 2220/1/1672
f 2219/1/1671 716/1/1587 714/1/1578
f 2220/1/1672 717/1/1121 2221/1/1673
f 2221/1/1673 716/1/1587 2220/1/1672
f 2222/1/1674 717/1/1121 719/1/1128
f 2222/1/1674 718/1/1123 2221/1/1673
f 2222/1/1674 711/1/1592 2215/1/1665
f 2222/1/1674 712/1/1593 720/1/1130
f 2223/1/1675 729/1/1676 2224/1/1677
f 2224/1/1677 734/1/1100 2223/1/1675
f 2225/1/1679 729/1/1676 731/1/1681
f 2225/1/1679 730/1/1678 2224/1/1677
f 2225/1/1679 727/1/1682 2226/1/1683
f 2226/1/1683 732/1/1680 2225/1/1679
f 2227/1/1685 727/1/1682 735/1/1687
f 2226/1/1683 736/1/1686 728/1/1684
f 2227/1/1685 741/1/1688 2228/1/1689
f 2228/1/1689 736/1/1686 2227/1/1685
f 2228/1/1689 739/1/1691 2229/1/1692
f 2228/1/1689 740/1/1693 742/1/1690
f 2230/1/1694 739/1/1691 737/1/1101
f 2230/1/1694 740/1/1693 2229/1/1692
f 2223/1/1675 737/1/1101 733/1/1098
f 2230/1/1694 734/1/1100 738/1/1103
f 2231/1/1695 673/1/1212 2232/1/1697
f 2231/1/1695 674/1/1214 670/1/1700
f 2233/1/1698 673/1/1212 649/1/1211
f 2233/1/1698 674/1/1214 2232/1/1697
f 2233/1/1698 653/1/1615 2234/1/1699
f 2233/1/1698 654/1/1613 650/1/1209
f 2234/1/1699 669/1/1696 2231/1/1695
f 2234/1/1699 670/1/1700 654/1/1613
f 2236/1/1701 621/1/1202 619/1/1197
f 2236/1/1701 622/1/1201 2235/1/1702
f 2236/1/1701 685/1/1703 2237/1/1704
f 2236/1/1701 686/1/1705 620/1/1199
f 2238/1/1706 685/1/1703 681/1/1708
f 2238/1/1706 686/1/1705 2237/1/1704
f 2235/1/1702 681/1/1708 621/1/1202
f 2235/1/1702 682/1/1707 2238/1/1706
f 2240/1/1709 699/1/1113 705/1/1107
f 2239/1/1710 706/1/1109 700/1/1111
f 2240/1/1709 701/1/1378 2241/1/1711
f 2240/1/1709 702/1/1380 706/1/1109
f 2241/1/1711 703/1/1658 2242/1/1712
f 2242/1/1712 702/1/1380 2241/1/1711
f 2239/1/1710 703/1/1658 699/1/1113
f 2239/1/1710 704/1/1656 2242/1/1712
f 2243/1/1713 505/1/1274 2244/1/1715
f 2243/1/1713 506/1/1276 440/1/1720
f 2245/1/1716 505/1/1274 519/1/1273
f 2244/1/1715 520/1/1272 506/1/1276
f 2246/1/1717 519/1/1273 467/1/1719
f 2246/1/1717 520/1/1272 2245/1/1716
f 2246/1/1717 439/1/1714 2243/1/1713
f 2243/1/1713 468/1/1718 2246/1/1717
f 2248/1/1721 533/1/1723 817/1/1725
f 2247/1/1722 818/1/1724 534/1/1728
f 2248/1/1721 797/1/1285 2249/1/1726
f 2248/1/1721 798/1/1284 818/1/1724
f 2249/1/1726 553/1/1280 2250/1/1727
f 2250/1/1727 798/1/1284 2249/1/1726
f 2247/1/1722 553/1/1280 533/1/1723
f 2247/1/1722 554/1/1282 2250/1/1727
f 2252/1/1729 689/1/1522 697/1/1564
f 2252/1/1729 690/1/1520 2251/1/1730
f 2252/1/1729 695/1/1731 2253/1/1732
f 2252/1/1729 696/1/1733 698/1/1562
f 2254/1/1734 695/1/1731 691/1/1524
f 2254/1/1734 696/1/1733 2253/1/1732
f 2254/1/1734 689/1/1522 2251/1/1730
f 2254/1/1734 690/1/1520 692/1/1523
f 2256/1/1735 625/1/1203 621/1/1202
f 2256/1/1735 626/1/1205 2255/1/1736
f 2256/1/1735 681/1/1708 2257/1/1737
f 2256/1/1735 682/1/1707 622/1/1201
f 2258/1/1738 681/1/1708 677/1/1740
f 2258/1/1738 682/1/1707 2257/1/1737
f 2255/1/1736 677/1/1740 625/1/1203
f 2255/1/1736 678/1/1739 2258/1/1738
f 2259/1/1741 677/1/1740 2260/1/1742
f 2259/1/1741 678/1/1739 626/1/1205
f 2260/1/1742 675/1/1624 2261/1/1743
f 2260/1/1742 676/1/1632 678/1/1739
f 2262/1/1744 675/1/1624 637/1/1178
f 2262/1/1744 676/1/1632 2261/1/1743
f 2262/1/1744 625/1/1203 2259/1/1741
f 2262/1/1744 626/1/1205 638/1/1180
f 2264/1/1745 841/1/1747 839/1/1458
f 2264/1/1745 842/1/1748 2263/1/1746
f 2265/1/1749 839/1/1458 453/1/1329
f 2264/1/1745 454/1/1328 840/1/1457
f 2266/1/1750 453/1/1329 447/1/1436
f 2265/1/1749 448/1/1437 454/1/1328
f 2266/1/1750 841/1/1747 2263/1/1746
f 2263/1/1746 448/1/1437 2266/1/1750
f 2268/1/1751 685/1/1703 619/1/1197
f 2268/1/1751 686/1/1705 2267/1/1752
f 2269/1/1753 619/1/1197 623/1/1196
f 2269/1/1753 620/1/1199 2268/1/1751
f 2269/1/1753 683/1/1663 2270/1/1754
f 2269/1/1753 684/1/1661 624/1/1195
f 2267/1/1752 683/1/1663 685/1/1703
f 2267/1/1752 684/1/1661 2270/1/1754
f 2272/1/1755 439/1/1714 445/1/1311
f 2271/1/1756 446/1/1321 440/1/1720
f 2272/1/1755 441/1/1320 2273/1/1757
f 2273/1/1757 446/1/1321 2272/1/1755
f 2274/1/1758 441/1/1320 443/1/1760
f 2273/1/1757 444/1/1759 442/1/1319
f 2271/1/1756 443/1/1760 439/1/1714
f 2274/1/1758 440/1/1720 444/1/1759
f 2276/1/1761 515/1/1347 575/1/1765
f 2275/1/1762 576/1/1763 516/1/1345
f 2277/1/1764 575/1/1765 581/1/1482
f 2277/1/1764 576/1/1763 2276/1/1761
f 2277/1/1764 517/1/1533 2278/1/1766
f 2278/1/1766 582/1/1484 2277/1/1764
f 2275/1/1762 517/1/1533 515/1/1347
f 2278/1/1766 516/1/1345 518/1/1532
f 2279/1/1767 677/1/1740 2280/1/1768
f 2280/1/1768 676/1/1632 2279/1/1767
f 2281/1/1769 677/1/1740 681/1/1708
f 2281/1/1769 678/1/1739 2280/1/1768
f 2282/1/1770 681/1/1708 685/1/1703
f 2281/1/1769 686/1/1705 682/1/1707
f 2282/1/1770 683/1/1663 2283/1/1771
f 2283/1/1771 686/1/1705 2282/1/1770
f 2283/1/1771 679/1/1625 2284/1/1772
f 2284/1/1772 684/1/1661 2283/1/1771
f 2284/1/1772 675/1/1624 2279/1/1767
f 2279/1/1767 680/1/1627 2284/1/1772
f 2286/1/1773 635/1/1631 623/1/1196
f 2286/1/1773 636/1/1629 2285/1/1774
f 2287/1/1775 623/1/1196 617/1/1194
f 2287/1/1775 624/1/1195 2286/1/1773
f 2287/1/1775 627/1/1776 2288/1/1777
f 2287/1/1775 628/1/1778 618/1/1192
f 2289/1/1779 627/1/1776 631/1/1181
f 2289/1/1779 628/1/1778 2288/1/1777
f 2290/1/1780 631/1/1181 637/1/1178
f 2290/1/1780 632/1/1179 2289/1/1779
f 2290/1/1780 635/1/1631 2285/1/1774
f 2290/1/1780 636/1/1629 638/1/1180
f 2291/1/1781 671/1/1217 2292/1/1782
f 2292/1/1782 668/1/1293 2291/1/1781
f 2292/1/1782 673/1/1212 2293/1/1783
f 2292/1/1782 674/1/1214 672/1/1216
f 2293/1/1783 669/1/1696 2294/1/1784
f 2293/1/1783 670/1/1700 674/1/1214
f 2295/1/1785 669/1/1696 665/1/1651
f 2294/1/1784 666/1/1648 670/1/1700
f 2296/1/1786 665/1/1651 663/1/1647
f 2295/1/1785 664/1/1649 666/1/1648
f 2291/1/1781 663/1/1647 667/1/1295
f 2291/1/1781 664/1/1649 2296/1/1786
f 2297/1/1787 727/1/1682 2298/1/1788
f 2297/1/1787 728/1/1684 736/1/1686
f 2299/1/1789 727/1/1682 767/1/1395
f 2299/1/1789 728/1/1684 2298/1/1788
f 2299/1/1789 769/1/1251 2300/1/1790
f 2299/1/1789 770/1/1255 768/1/1397
f 2300/1/1790 735/1/1687 2297/1/1787
f 2300/1/1790 736/1/1686 770/1/1255
f 2302/1/1791 657/1/1619 745/1/1644
f 2302/1/1791 658/1/1621 2301/1/1792
f 2302/1/1791 743/1/1469 2303/1/1793
f 2302/1/1791 744/1/1467 746/1/1643
f 2303/1/1793 661/1/1557 2304/1/1794
f 2303/1/1793 662/1/1559 744/1/1467
f 2301/1/1792 661/1/1557 657/1/1619
f 2301/1/1792 662/1/1559 2304/1/1794
f 2305/1/1795 765/1/1797 2306/1/1798
f 2306/1/1798 762/1/1800 2305/1/1795
f 2306/1/1798 615/1/1191 2307/1/1801
f 2306/1/1798 616/1/1189 766/1/1799
f 2307/1/1801 629/1/1188 2308/1/1802
f 2308/1/1802 616/1/1189 2307/1/1801
f 2305/1/1795 629/1/1188 761/1/1796
f 2305/1/1795 630/1/1186 2308/1/1802
f 2309/1/1803 477/1/1403 2310/1/1805
f 2309/1/1803 478/1/1405 472/1/1812
f 2310/1/1805 473/1/1806 2311/1/1807
f 2311/1/1807 478/1/1405 2310/1/1805
f 2311/1/1807 475/1/1809 2312/1/1810
f 2312/1/1810 474/1/1808 2311/1/1807
f 2309/1/1803 475/1/1809 471/1/1804
f 2312/1/1810 472/1/1812 476/1/1811
f 2313/1/1813 751/1/1550 2314/1/1814
f 2314/1/1814 748/1/1468 2313/1/1813
f 2314/1/1814 639/1/1545 2315/1/1815
f 2314/1/1814 640/1/1547 752/1/1549
f 2315/1/1815 651/1/1554 2316/1/1816
f 2316/1/1816 640/1/1547 2315/1/1815
f 2313/1/1813 651/1/1554 747/1/1466
f 2313/1/1813 652/1/1556 2316/1/1816
f 2318/1/1817 615/1/1191 765/1/1797
f 2318/1/1817 616/1/1189 2317/1/1818
f 2318/1/1817 763/1/1475 2319/1/1819
f 2318/1/1817 764/1/1474 766/1/1799
f 2319/1/1819 617/1/1194 2320/1/1820
f 2319/1/1819 618/1/1192 764/1/1474
f 2317/1/1818 617/1/1194 615/1/1191
f 2320/1/1820 616/1/1189 618/1/1192
f 2321/1/1821 629/1/1188 2322/1/1822
f 2321/1/1821 630/1/1186 762/1/1800
f 2323/1/1823 629/1/1188 633/1/1182
f 2323/1/1823 630/1/1186 2322/1/1822
f 2324/1/1824 633/1/1182 759/1/1826
f 2324/1/1824 634/1/1184 2323/1/1823
f 2324/1/1824 761/1/1796 2321/1/1821
f 2324/1/1824 762/1/1800 760/1/1825
f 2326/1/1827 669/1/1696 653/1/1615
f 2326/1/1827 670/1/1700 2325/1/1828
f 2327/1/1829 653/1/1615 659/1/1612
f 2327/1/1829 654/1/1613 2326/1/1827
f 2327/1/1829 665/1/1651 2328/1/1830
f 2327/1/1829 666/1/1648 660/1/1610
f 2328/1/1830 669/1/1696 2325/1/1828
f 2325/1/1828 666/1/1648 2328/1/1830
f 2330/1/1831 617/1/1194 763/1/1475
f 2330/1/1831 618/1/1192 2329/1/1832
f 2331/1/1833 763/1/1475 755/1/1470
f 2330/1/1831 756/1/1472 764/1/1474
f 2331/1/1833 627/1/1776 2332/1/1834
f 2331/1/1833 628/1/1778 756/1/1472
f 2329/1/1832 627/1/1776 617/1/1194
f 2332/1/1834 618/1/1192 628/1/1778
f 2333/1/1835 633/1/1182 2334/1/1836
f 2333/1/1835 634/1/1184 760/1/1825
f 2335/1/1837 633/1/1182 631/1/1181
f 2334/1/1836 632/1/1179 634/1/1184
f 2336/1/1838 631/1/1181 757/1/1840
f 2336/1/1838 632/1/1179 2335/1/1837
f 2336/1/1838 759/1/1826 2333/1/1835
f 2336/1/1838 760/1/1825 758/1/1839
f 2337/1/1841 627/1/1776 2338/1/1842
f 2338/1/1842 632/1/1179 2337/1/1841
f 2339/1/1843 627/1/1776 755/1/1470
f 2339/1/1843 628/1/1778 2338/1/1842
f 2340/1/1844 755/1/1470 757/1/1840
f 2339/1/1843 758/1/1839 756/1/1472
f 2340/1/1844 631/1/1181 2337/1/1841
f 2340/1/1844 632/1/1179 758/1/1839
f 2342/1/1845 645/1/1618 641/1/1542
f 2341/1/1846 642/1/1544 646/1/1617
f 2343/1/1847 641/1/1542 753/1/1541
f 2343/1/1847 642/1/1544 2342/1/1845
f 2344/1/1848 753/1/1541 749/1/1642
f 2343/1/1847 750/1/1640 754/1/1551
f 2344/1/1848 645/1/1618 2341/1/1846
f 2344/1/1848 646/1/1617 750/1/1640
f 2345/1/1849 723/1/1580 2346/1/1850
f 2345/1/1849 724/1/1582 488/1/1583
f 2347/1/1851 723/1/1580 725/1/1670
f 2347/1/1851 724/1/1582 2346/1/1850
f 2348/1/1852 725/1/1670 613/1/1854
f 2348/1/1852 726/1/1668 2347/1/1851
f 2345/1/1849 613/1/1854 487/1/1575
f 2345/1/1849 614/1/1853 2348/1/1852
f 2350/1/1855 407/1/1444 425/1/1348
f 2349/1/1856 426/1/1350 408/1/1446
f 2351/1/1857 425/1/1348 423/1/1531
f 2350/1/1855 424/1/1529 426/1/1350
f 2351/1/1857 413/1/1448 2352/1/1858
f 2352/1/1858 424/1/1529 2351/1/1857
f 2349/1/1856 413/1/1448 407/1/1444
f 2349/1/1856 414/1/1445 2352/1/1858
f 2353/1/1859 541/1/1127 2354/1/1860
f 2354/1/1860 720/1/1130 2353/1/1859
f 2355/1/1861 541/1/1127 773/1/1252
f 2354/1/1860 774/1/1254 542/1/1126
f 2356/1/1862 773/1/1252 711/1/1592
f 2355/1/1861 712/1/1593 774/1/1254
f 2353/1/1859 711/1/1592 719/1/1128
f 2353/1/1859 712/1/1593 2356/1/1862
f 2358/1/1863 727/1/1682 731/1/1681
f 2357/1/1864 732/1/1680 728/1/1684
f 2358/1/1863 611/1/1865 2359/1/1866
f 2359/1/1866 732/1/1680 2358/1/1863
f 2360/1/1868 611/1/1865 767/1/1395
f 2360/1/1868 612/1/1867 2359/1/1866
f 2357/1/1864 767/1/1395 727/1/1682
f 2360/1/1868 728/1/1684 768/1/1397
f 2361/1/1869 465/1/1097 2362/1/1870
f 2362/1/1870 734/1/1100 2361/1/1869
f 2362/1/1870 489/1/1871 2363/1/1872
f 2363/1/1872 466/1/1096 2362/1/1870
f 2364/1/1874 489/1/1871 729/1/1676
f 2363/1/1872 730/1/1678 490/1/1873
f 2361/1/1869 729/1/1676 733/1/1098
f 2361/1/1869 730/1/1678 2364/1/1874
f 2366/1/1875 415/1/1877 407/1/1444
f 2366/1/1875 416/1/1878 2365/1/1876
f 2366/1/1875 411/1/1240 2367/1/1879
f 2366/1/1875 412/1/1242 408/1/1446
f 2367/1/1879 417/1/1249 2368/1/1880
f 2367/1/1879 418/1/1248 412/1/1242
f 2368/1/1880 415/1/1877 2365/1/1876
f 2368/1/1880 416/1/1878 418/1/1248
f 2370/1/1881 643/1/1208 639/1/1545
f 2370/1/1881 644/1/1210 2369/1/1882
f 2370/1/1881 641/1/1542 2371/1/1883
f 2370/1/1881 642/1/1544 640/1/1547
f 2372/1/1884 641/1/1542 645/1/1618
f 2372/1/1884 642/1/1544 2371/1/1883
f 2372/1/1884 649/1/1211 2373/1/1885
f 2372/1/1884 650/1/1209 646/1/1617
f 2373/1/1885 643/1/1208 2369/1/1882
f 2373/1/1885 644/1/1210 650/1/1209
f 2375/1/1886 731/1/1681 729/1/1676
f 2374/1/1887 730/1/1678 732/1/1680
f 2376/1/1888 729/1/1676 489/1/1871
f 2376/1/1888 730/1/1678 2375/1/1886
f 2377/1/1889 489/1/1871 611/1/1865
f 2377/1/1889 490/1/1873 2376/1/1888
f 2377/1/1889 731/1/1681 2374/1/1887
f 2377/1/1889 732/1/1680 612/1/1867
f 2378/1/1890 613/1/1854 2379/1/1891
f 2379/1/1891 772/1/1399 2378/1/1890
f 2380/1/1892 613/1/1854 725/1/1670
f 2379/1/1891 726/1/1668 614/1/1853
f 2381/1/1893 725/1/1670 721/1/1595
f 2381/1/1893 726/1/1668 2380/1/1892
f 2381/1/1893 771/1/1400 2378/1/1890
f 2378/1/1890 722/1/1597 2381/1/1893
f 2383/1/1894 557/1/1233 561/1/1231
f 2382/1/1895 562/1/1229 558/1/1232
f 2384/1/1896 561/1/1231 819/1/1899
f 2383/1/1894 820/1/1897 562/1/1229
f 2385/1/1898 819/1/1899 821/1/1901
f 2384/1/1896 822/1/1900 820/1/1897
f 2385/1/1898 557/1/1233 2382/1/1895
f 2382/1/1895 822/1/1900 2385/1/1898
f 2387/1/1902 425/1/1348 407/1/1444
f 2387/1/1902 426/1/1350 2386/1/1903
f 2387/1/1902 415/1/1877 2388/1/1904
f 2387/1/1902 416/1/1878 408/1/1446
f 2389/1/1905 415/1/1877 431/1/1351
f 2389/1/1905 416/1/1878 2388/1/1904
f 2386/1/1903 431/1/1351 425/1/1348
f 2386/1/1903 432/1/1353 2389/1/1905
f 2390/1/1906 549/1/1495 2391/1/1907
f 2391/1/1907 548/1/1507 2390/1/1906
f 2391/1/1907 543/1/247 2392/1/1908
f 2392/1/1908 550/1/1493 2391/1/1907
f 2393/1/1909 543/1/247 545/1/246
f 2392/1/1908 546/1/250 544/1/249
f 2393/1/1909 547/1/1499 2390/1/1906
f 2390/1/1906 546/1/250 2393/1/1909
f 2395/1/1910 461/1/1125 717/1/1121
f 2394/1/1911 718/1/1123 462/1/1122
f 2395/1/1910 715/1/1585 2396/1/1912
f 2395/1/1910 716/1/1587 718/1/1123
f 2396/1/1912 455/1/1221 2397/1/1913
f 2397/1/1913 716/1/1587 2396/1/1912
f 2397/1/1913 461/1/1125 2394/1/1911
f 2397/1/1913 462/1/1122 456/1/1220
f 2399/1/1914 695/1/1731 609/1/1512
f 2399/1/1914 696/1/1733 2398/1/1915
f 2399/1/1914 605/1/1503 2400/1/1916
f 2399/1/1914 606/1/1505 610/1/1510
f 2401/1/1917 605/1/1503 607/1/1500
f 2401/1/1917 606/1/1505 2400/1/1916
f 2401/1/1917 687/1/1515 2402/1/1918
f 2401/1/1917 688/1/1525 608/1/1502
f 2402/1/1918 691/1/1524 2403/1/1919
f 2402/1/1918 692/1/1523 688/1/1525
f 2398/1/1915 691/1/1524 695/1/1731
f 2398/1/1915 692/1/1523 2403/1/1919
f 2405/1/1920 429/1/1243 411/1/1240
f 2404/1/1921 412/1/1242 430/1/1241
f 2406/1/1922 411/1/1240 409/1/1450
f 2405/1/1920 410/1/1449 412/1/1242
f 2406/1/1922 427/1/1570 2407/1/1923
f 2407/1/1923 410/1/1449 2406/1/1922
f 2404/1/1921 427/1/1570 429/1/1243
f 2407/1/1923 430/1/1241 428/1/1572
f 2408/1/1924 421/1/1133 2409/1/1925
f 2408/1/1924 422/1/1135 410/1/1449
f 2409/1/1925 435/1/1175 2410/1/1926
f 2409/1/1925 436/1/1174 422/1/1135
f 2411/1/1927 435/1/1175 427/1/1570
f 2411/1/1927 436/1/1174 2410/1/1926
f 2411/1/1927 409/1/1450 2408/1/1924
f 2411/1/1927 410/1/1449 428/1/1572
f 2412/1/1928 433/1/1137 2413/1/1929
f 2412/1/1928 434/1/1139 424/1/1529
f 2413/1/1929 419/1/1136 2414/1/1930
f 2413/1/1929 420/1/1134 434/1/1139
f 2415/1/1931 419/1/1136 413/1/1448
f 2415/1/1931 420/1/1134 2414/1/1930
f 2415/1/1931 423/1/1531 2412/1/1928
f 2415/1/1931 424/1/1529 414/1/1445
f 2417/1/1932 511/1/1934 777/1/1937
f 2417/1/1932 512/1/1936 2416/1/1933
f 2417/1/1932 591/1/1938 2418/1/1939
f 2417/1/1932 592/1/1940 778/1/1935
f 2418/1/1939 593/1/1941 2419/1/1942
f 2418/1/1939 594/1/1943 592/1/1940
f 2420/1/1944 593/1/1941 535/1/1344
f 2420/1/1944 594/1/1943 2419/1/1942
f 2420/1/1944 431/1/1351 2421/1/1945
f 2420/1/1944 432/1/1353 536/1/1346
f 2422/1/1946 431/1/1351 415/1/1877
f 2422/1/1946 432/1/1353 2421/1/1945
f 2422/1/1946 417/1/1249 2423/1/1947
f 2422/1/1946 418/1/1248 416/1/1878
f 2424/1/1948 417/1/1249 437/1/1244
f 2424/1/1948 418/1/1248 2423/1/1947
f 2424/1/1948 595/1/1949 2425/1/1950
f 2424/1/1948 596/1/1951 438/1/1246
f 2426/1/1952 595/1/1949 779/1/1954
f 2426/1/1952 596/1/1951 2425/1/1950
f 2426/1/1952 483/1/1955 2427/1/1956
f 2426/1/1952 484/1/1957 780/1/1953
f 2427/1/1956 485/1/1958 2428/1/1959
f 2427/1/1956 486/1/1960 484/1/1957
f 2428/1/1959 775/1/1961 2429/1/1962
f 2428/1/1959 776/1/1963 486/1/1960
f 2430/1/1964 775/1/1961 513/1/1966
f 2430/1/1964 776/1/1963 2429/1/1962
f 2416/1/1933 513/1/1966 511/1/1934
f 2416/1/1933 514/1/1965 2430/1/1964
f 2431/1/1967 459/1/1536 2432/1/1968
f 2431/1/1967 460/1/1537 540/1/1258
f 2432/1/1968 739/1/1691 2433/1/1969
f 2432/1/1968 740/1/1693 460/1/1537
f 2433/1/1969 741/1/1688 2434/1/1970
f 2434/1/1970 740/1/1693 2433/1/1969
f 2431/1/1967 741/1/1688 539/1/1259
f 2431/1/1967 742/1/1690 2434/1/1970
f 2436/1/1971 579/1/1487 581/1/1482
f 2435/1/1972 582/1/1484 580/1/1486
f 2437/1/1973 581/1/1482 575/1/1765
f 2436/1/1971 576/1/1763 582/1/1484
f 2437/1/1973 577/1/1974 2438/1/1975
f 2438/1/1975 576/1/1763 2437/1/1973
f 2435/1/1972 577/1/1974 579/1/1487
f 2435/1/1972 578/1/1976 2438/1/1975
f 2440/1/1977 477/1/1403 509/1/1155
f 2440/1/1977 478/1/1405 2439/1/1978
f 2440/1/1977 507/1/1152 2441/1/1979
f 2440/1/1977 508/1/1154 510/1/1157
f 2442/1/1980 507/1/1152 473/1/1806
f 2442/1/1980 508/1/1154 2441/1/1979
f 2439/1/1978 473/1/1806 477/1/1403
f 2442/1/1980 478/1/1405 474/1/1808
f 2444/1/1981 459/1/1536 457/1/1095
f 2443/1/1982 458/1/1104 460/1/1537
f 2445/1/1983 457/1/1095 737/1/1101
f 2444/1/1981 738/1/1103 458/1/1104
f 2446/1/1984 737/1/1101 739/1/1691
f 2445/1/1983 740/1/1693 738/1/1103
f 2446/1/1984 459/1/1536 2443/1/1982
f 2443/1/1982 740/1/1693 2446/1/1984
f 2447/1/1985 469/1/1357 2448/1/1986
f 2447/1/1985 470/1/1356 468/1/1718
f 2448/1/1986 445/1/1311 2449/1/1987
f 2449/1/1987 470/1/1356 2448/1/1986
f 2450/1/1988 445/1/1311 439/1/1714
f 2449/1/1987 440/1/1720 446/1/1321
f 2447/1/1985 439/1/1714 467/1/1719
f 2450/1/1988 468/1/1718 440/1/1720
f 2452/1/1989 769/1/1251 539/1/1259
f 2451/1/1990 540/1/1258 770/1/1255
f 2453/1/1991 539/1/1259 741/1/1688
f 2452/1/1989 742/1/1690 540/1/1258
f 2454/1/1992 741/1/1688 735/1/1687
f 2453/1/1991 736/1/1686 742/1/1690
f 2454/1/1992 769/1/1251 2451/1/1990
f 2451/1/1990 736/1/1686 2454/1/1992
f 2456/1/1993 831/1/1995 833/1/1998
f 2456/1/1993 832/1/1997 2455/1/1994
f 2456/1/1993 801/1/1271 2457/1/1999
f 2456/1/1993 802/1/1269 834/1/1996
f 2458/1/2000 801/1/1271 799/1/1265
f 2458/1/2000 802/1/1269 2457/1/1999
f 2458/1/2000 831/1/1995 2455/1/1994
f 2458/1/2000 832/1/1997 800/1/1267
f 2460/1/2001 803/1/2003 805/1/2007
f 2460/1/2001 804/1/2005 2459/1/2002
f 2461/1/2006 805/1/2007 527/1/1306
f 2461/1/2006 806/1/2004 2460/1/2001
f 2462/1/2008 527/1/1306 529/1/1300
f 2462/1/2008 528/1/1304 2461/1/2006
f 2462/1/2008 803/1/2003 2459/1/2002
f 2462/1/2008 804/1/2005 530/1/1302
f 2464/1/2009 473/1/1806 811/1/2013
f 2463/1/2010 812/1/2011 474/1/1808
f 2465/1/2012 811/1/2013 813/1/2015
f 2465/1/2012 812/1/2011 2464/1/2009
f 2465/1/2012 475/1/1809 2466/1/2016
f 2466/1/2016 814/1/2014 2465/1/2012
f 2463/1/2010 475/1/1809 473/1/1806
f 2466/1/2016 474/1/1808 476/1/1811
f 2467/1/2017 475/1/1809 2468/1/2018
f 2468/1/2018 472/1/1812 2467/1/2017
f 2468/1/2018 511/1/1934 2469/1/2019
f 2468/1/2018 512/1/1936 476/1/1811
f 2470/1/2020 511/1/1934 513/1/1966
f 2470/1/2020 512/1/1936 2469/1/2019
f 2470/1/2020 471/1/1804 2467/1/2017
f 2470/1/2020 472/1/1812 514/1/1965
f 2472/1/2021 483/1/1955 447/1/1436
f 2472/1/2021 484/1/1957 2471/1/2022
f 2472/1/2021 451/1/1439 2473/1/2023
f 2472/1/2021 452/1/1441 448/1/1437
f 2474/1/2024 451/1/1439 485/1/1958
f 2474/1/2024 452/1/1441 2473/1/2023
f 2474/1/2024 483/1/1955 2471/1/2022
f 2474/1/2024 484/1/1957 486/1/1960
f 2476/1/2025 443/1/1760 441/1/1320
f 2476/1/2025 444/1/1759 2475/1/2026
f 2477/1/2027 441/1/1320 531/1/2029
f 2476/1/2025 532/1/2028 442/1/1319
f 2477/1/2027 533/1/1723 2478/1/2030
f 2478/1/2030 532/1/2028 2477/1/2027
f 2478/1/2030 443/1/1760 2475/1/2026
f 2475/1/2026 534/1/1728 2478/1/2030
f 2480/1/2031 821/1/1901 831/1/1995
f 2480/1/2031 822/1/1900 2479/1/2032
f 2481/1/2033 831/1/1995 799/1/1265
f 2481/1/2033 832/1/1997 2480/1/2031
f 2482/1/2034 799/1/1265 795/1/1262
f 2482/1/2034 800/1/1267 2481/1/2033
f 2482/1/2034 821/1/1901 2479/1/2032
f 2482/1/2034 822/1/1900 796/1/1264
f 2483/1/2035 785/1/1151 2484/1/2036
f 2483/1/2035 786/1/1150 508/1/1154
f 2485/1/2037 785/1/1151 811/1/2013
f 2485/1/2037 786/1/1150 2484/1/2036
f 2485/1/2037 473/1/1806 2486/1/2038
f 2486/1/2038 812/1/2011 2485/1/2037
f 2486/1/2038 507/1/1152 2483/1/2035
f 2486/1/2038 508/1/1154 474/1/1808
f 2488/1/2039 503/1/1279 505/1/1274
f 2488/1/2039 504/1/1278 2487/1/2040
f 2489/1/2041 505/1/1274 439/1/1714
f 2489/1/2041 506/1/1276 2488/1/2039
f 2490/1/2042 439/1/1714 443/1/1760
f 2490/1/2042 440/1/1720 2489/1/2041
f 2490/1/2042 503/1/1279 2487/1/2040
f 2490/1/2042 504/1/1278 444/1/1759
f 2491/1/2043 551/1/1427 2492/1/2044
f 2491/1/2043 552/1/1429 532/1/2028
f 2493/1/2045 551/1/1427 793/1/1426
f 2492/1/2044 794/1/1425 552/1/1429
f 2494/1/2046 793/1/1426 815/1/2048
f 2494/1/2046 794/1/1425 2493/1/2045
f 2494/1/2046 531/1/2029 2491/1/2043
f 2491/1/2043 816/1/2047 2494/1/2046
f 2495/1/2049 517/1/1533 2496/1/2050
f 2495/1/2049 518/1/1532 516/1/1345
f 2497/1/2051 517/1/1533 423/1/1531
f 2496/1/2050 424/1/1529 518/1/1532
f 2498/1/2052 423/1/1531 425/1/1348
f 2497/1/2051 426/1/1350 424/1/1529
f 2498/1/2052 515/1/1347 2495/1/2049
f 2495/1/2049 426/1/1350 2498/1/2052
f 2500/1/2053 807/1/1369 525/1/1390
f 2500/1/2053 808/1/1368 2499/1/2054
f 2500/1/2053 523/1/1387 2501/1/2055
f 2500/1/2053 524/1/1389 526/1/1392
f 2501/1/2055 809/1/1370 2502/1/2056
f 2501/1/2055 810/1/1372 524/1/1389
f 2502/1/2056 807/1/1369 2499/1/2054
f 2502/1/2056 808/1/1368 810/1/1372
f 2503/1/2057 515/1/1347 2504/1/2058
f 2504/1/2058 576/1/1763 2503/1/2057
f 2504/1/2058 535/1/1344 2505/1/2059
f 2504/1/2058 536/1/1346 516/1/1345
f 2506/1/2060 535/1/1344 593/1/1941
f 2506/1/2060 536/1/1346 2505/1/2059
f 2506/1/2060 575/1/1765 2503/1/2057
f 2506/1/2060 576/1/1763 594/1/1943
f 2508/1/2061 823/1/2063 825/1/2066
f 2507/1/2062 826/1/2064 824/1/2068
f 2509/1/2065 825/1/2066 829/1/1364
f 2509/1/2065 826/1/2064 2508/1/2061
f 2509/1/2065 827/1/1363 2510/1/2067
f 2510/1/2067 830/1/1366 2509/1/2065
f 2510/1/2067 823/1/2063 2507/1/2062
f 2507/1/2062 828/1/1373 2510/1/2067
f 2512/1/2069 569/1/1421 791/1/1418
f 2512/1/2069 570/1/1419 2511/1/2070
f 2512/1/2069 819/1/1899 2513/1/2071
f 2512/1/2069 820/1/1897 792/1/1416
f 2514/1/2072 819/1/1899 561/1/1231
f 2514/1/2072 820/1/1897 2513/1/2071
f 2511/1/2070 561/1/1231 569/1/1421
f 2511/1/2070 562/1/1229 2514/1/2072
f 2515/1/2073 557/1/1233 2516/1/2074
f 2515/1/2073 558/1/1232 566/1/1289
f 2516/1/2074 821/1/1901 2517/1/2075
f 2516/1/2074 822/1/1900 558/1/1232
f 2518/1/2076 821/1/1901 795/1/1262
f 2518/1/2076 822/1/1900 2517/1/2075
f 2518/1/2076 565/1/1261 2515/1/2073
f 2518/1/2076 566/1/1289 796/1/1264
f 2519/1/2077 613/1/1854 2520/1/2078
f 2519/1/2077 614/1/1853 488/1/1583
f 2521/1/2079 613/1/1854 611/1/1865
f 2521/1/2079 614/1/1853 2520/1/2078
f 2521/1/2079 489/1/1871 2522/1/2080
f 2522/1/2080 612/1/1867 2521/1/2079
f 2522/1/2080 487/1/1575 2519/1/2077
f 2522/1/2080 488/1/1583 490/1/1873
f 2524/1/2081 511/1/1934 475/1/1809
f 2524/1/2081 512/1/1936 2523/1/2082
f 2525/1/2083 475/1/1809 813/1/2015
f 2524/1/2081 814/1/2014 476/1/1811
f 2525/1/2083 777/1/1937 2526/1/2084
f 2525/1/2083 778/1/1935 814/1/2014
f 2523/1/2082 777/1/1937 511/1/1934
f 2523/1/2082 778/1/1935 2526/1/2084
f 2528/1/2085 823/1/2063 805/1/2007
f 2528/1/2085 824/1/2068 2527/1/2086
f 2529/1/2087 805/1/2007 803/1/2003
f 2529/1/2087 806/1/2004 2528/1/2085
f 2529/1/2087 825/1/2066 2530/1/2088
f 2529/1/2087 826/1/2064 804/1/2005
f 2527/1/2086 825/1/2066 823/1/2063
f 2527/1/2086 826/1/2064 2530/1/2088
f 2532/1/2089 591/1/1938 577/1/1974
f 2532/1/2089 592/1/1940 2531/1/2090
f 2532/1/2089 575/1/1765 2533/1/2091
f 2532/1/2089 576/1/1763 578/1/1976
f 2534/1/2092 575/1/1765 593/1/1941
f 2534/1/2092 576/1/1763 2533/1/2091
f 2534/1/2092 591/1/1938 2531/1/2090
f 2534/1/2092 592/1/1940 594/1/1943
f 2536/1/2093 465/1/1097 463/1/1222
f 2535/1/2094 464/1/1224 466/1/1096
f 2536/1/2093 487/1/1575 2537/1/2095
f 2537/1/2095 464/1/1224 2536/1/2093
f 2537/1/2095 489/1/1871 2538/1/2096
f 2537/1/2095 490/1/1873 488/1/1583
f 2538/1/2096 465/1/1097 2535/1/2094
f 2538/1/2096 466/1/1096 490/1/1873
f 2539/1/2097 613/1/1854 2540/1/2098
f 2539/1/2097 614/1/1853 612/1/1867
f 2541/1/2099 613/1/1854 771/1/1400
f 2541/1/2099 614/1/1853 2540/1/2098
f 2541/1/2099 767/1/1395 2542/1/2100
f 2541/1/2099 768/1/1397 772/1/1399
f 2539/1/2097 767/1/1395 611/1/1865
f 2542/1/2100 612/1/1867 768/1/1397
f 2544/1/2101 833/1/1998 831/1/1995
f 2543/1/2102 832/1/1997 834/1/1996
f 2544/1/2101 835/1/1332 2545/1/2103
f 2545/1/2103 832/1/1997 2544/1/2101
f 2545/1/2103 837/1/1341 2546/1/2104
f 2546/1/2104 836/1/1334 2545/1/2103
f 2543/1/2102 837/1/1341 833/1/1998
f 2543/1/2102 838/1/1340 2546/1/2104
f 2547/1/2105 835/1/1332 2548/1/2106
f 2547/1/2105 836/1/1334 790/1/1333
f 2548/1/2106 819/1/1899 2549/1/2107
f 2548/1/2106 820/1/1897 836/1/1334
f 2550/1/2108 819/1/1899 791/1/1418
f 2550/1/2108 820/1/1897 2549/1/2107
f 2550/1/2108 789/1/1335 2547/1/2105
f 2550/1/2108 790/1/1333 792/1/1416
f 2552/1/2109 581/1/1482 589/1/1143
f 2552/1/2109 582/1/1484 2551/1/2110
f 2552/1/2109 537/1/1142 2553/1/2111
f 2552/1/2109 538/1/1141 590/1/1145
f 2554/1/2112 537/1/1142 517/1/1533
f 2554/1/2112 538/1/1141 2553/1/2111
f 2551/1/2110 517/1/1533 581/1/1482
f 2554/1/2112 582/1/1484 518/1/1532
f 2556/1/2113 449/1/1324 481/1/1164
f 2556/1/2113 450/1/1326 2555/1/2114
f 2557/1/2115 481/1/1164 781/1/1158
f 2557/1/2115 482/1/1162 2556/1/2113
f 2557/1/2115 845/1/1406 2558/1/2116
f 2557/1/2115 846/1/1408 782/1/1160
f 2555/1/2114 845/1/1406 449/1/1324
f 2555/1/2114 846/1/1408 2558/1/2116
f 2560/1/2117 585/1/1567 841/1/1747
f 2560/1/2117 586/1/1569 2559/1/2118
f 2560/1/2117 779/1/1954 2561/1/2119
f 2560/1/2117 780/1/1953 842/1/1748
f 2562/1/2120 779/1/1954 595/1/1949
f 2562/1/2120 780/1/1953 2561/1/2119
f 2559/1/2118 595/1/1949 585/1/1567
f 2559/1/2118 596/1/1951 2562/1/2120
f 2563/1/2121 603/1/1117 2564/1/2122
f 2563/1/2121 604/1/1116 574/1/1491
f 2564/1/2122 599/1/251 2565/1/2123
f 2565/1/2123 604/1/1116 2564/1/2122
f 2566/1/2124 599/1/251 543/1/247
f 2566/1/2124 600/1/253 2565/1/2123
f 2563/1/2121 543/1/247 573/1/1489
f 2566/1/2124 574/1/1491 544/1/249
f 2568/1/2125 531/1/2029 815/1/2048
f 2567/1/2126 816/1/2047 532/1/2028
f 2568/1/2125 817/1/1725 2569/1/2127
f 2568/1/2125 818/1/1724 816/1/2047
f 2569/1/2127 533/1/1723 2570/1/2128
f 2570/1/2128 818/1/1724 2569/1/2127
f 2570/1/2128 531/1/2029 2567/1/2126
f 2570/1/2128 532/1/2028 534/1/1728
f 2571/1/2129 553/1/1280 2572/1/2130
f 2571/1/2129 554/1/1282 534/1/1728
f 2572/1/2130 503/1/1279 2573/1/2131
f 2572/1/2130 504/1/1278 554/1/1282
f 2574/1/2132 503/1/1279 443/1/1760
f 2574/1/2132 504/1/1278 2573/1/2131
f 2574/1/2132 533/1/1723 2571/1/2129
f 2574/1/2132 534/1/1728 444/1/1759
f 2575/1/2133 647/1/1297 2576/1/2134
f 2575/1/2133 648/1/1296 656/1/1608
f 2576/1/2134 667/1/1295 2577/1/2135
f 2576/1/2134 668/1/1293 648/1/1296
f 2577/1/2135 663/1/1647 2578/1/2136
f 2577/1/2135 664/1/1649 668/1/1293
f 2575/1/2133 663/1/1647 655/1/1606
f 2575/1/2133 664/1/1649 2578/1/2136
f 2579/1/2137 783/1/1169 2580/1/2138
f 2579/1/2137 784/1/1168 840/1/1457
f 2581/1/2139 783/1/1169 479/1/1167
f 2580/1/2138 480/1/1165 784/1/1168
f 2582/1/2140 479/1/1167 453/1/1329
f 2582/1/2140 480/1/1165 2581/1/2139
f 2582/1/2140 839/1/1458 2579/1/2137
f 2579/1/2137 454/1/1328 2582/1/2140
f 2583/1/2141 779/1/1954 2584/1/2142
f 2584/1/2142 484/1/1957 2583/1/2141
f 2585/1/2143 779/1/1954 841/1/1747
f 2585/1/2143 780/1/1953 2584/1/2142
f 2586/1/2144 841/1/1747 447/1/1436
f 2585/1/2143 448/1/1437 842/1/1748
f 2586/1/2144 483/1/1955 2583/1/2141
f 2586/1/2144 484/1/1957 448/1/1437
f 2588/1/2145 843/1/2147 471/1/1804
f 2588/1/2145 844/1/2148 2587/1/2146
f 2589/1/2149 471/1/1804 513/1/1966
f 2589/1/2149 472/1/1812 2588/1/2145
f 2590/1/2150 513/1/1966 775/1/1961
f 2590/1/2150 514/1/1965 2589/1/2149
f 2590/1/2150 843/1/2147 2587/1/2146
f 2590/1/2150 844/1/2148 776/1/1963
f 2592/1/2151 841/1/1747 585/1/1567
f 2591/1/2152 586/1/1569 842/1/1748
f 2593/1/2153 585/1/1567 583/1/1453
f 2593/1/2153 586/1/1569 2592/1/2151
f 2593/1/2153 839/1/1458 2594/1/2154
f 2594/1/2154 584/1/1459 2593/1/2153
f 2594/1/2154 841/1/1747 2591/1/2152
f 2591/1/2152 840/1/1457 2594/1/2154
f 2595/1/2155 821/1/1901 2596/1/2156
f 2596/1/2156 832/1/1997 2595/1/2155
f 2596/1/2156 819/1/1899 2597/1/2157
f 2596/1/2156 820/1/1897 822/1/1900
f 2598/1/2158 819/1/1899 835/1/1332
f 2597/1/2157 836/1/1334 820/1/1897
f 2598/1/2158 831/1/1995 2595/1/2155
f 2598/1/2158 832/1/1997 836/1/1334
f 2600/1/2159 761/1/1796 759/1/1826
f 2599/1/2160 760/1/1825 762/1/1800
f 2601/1/2161 759/1/1826 749/1/1642
f 2600/1/2159 750/1/1640 760/1/1825
f 2601/1/2161 753/1/1541 2602/1/2162
f 2602/1/2162 750/1/1640 2601/1/2161
f 2599/1/2160 753/1/1541 761/1/1796
f 2602/1/2162 762/1/1800 754/1/1551
f 2604/1/2163 499/1/1315 551/1/1427
f 2604/1/2163 500/1/1317 2603/1/2164
f 2605/1/2165 551/1/1427 531/1/2029
f 2605/1/2165 552/1/1429 2604/1/2163
f 2606/1/2166 531/1/2029 441/1/1320
f 2606/1/2166 532/1/2028 2605/1/2165
f 2606/1/2166 499/1/1315 2603/1/2164
f 2606/1/2166 500/1/1317 442/1/1319
f 2608/1/2167 843/1/2147 845/1/1406
f 2607/1/2168 846/1/1408 844/1/2148
f 2608/1/2167 477/1/1403 2609/1/2169
f 2609/1/2169 846/1/1408 2608/1/2167
f 2609/1/2169 471/1/1804 2610/1/2170
f 2609/1/2169 472/1/1812 478/1/1405
f 2607/1/2168 471/1/1804 843/1/2147
f 2610/1/2170 844/1/2148 472/1/1812
f 2611/1/2171 761/1/1796 2612/1/2172
f 2611/1/2171 762/1/1800 766/1/1799
f 2612/1/2172 753/1/1541 2613/1/2173
f 2613/1/2173 762/1/1800 2612/1/2172
f 2613/1/2173 751/1/1550 2614/1/2174
f 2614/1/2174 754/1/1551 2613/1/2173
f 2611/1/2171 751/1/1550 765/1/1797
f 2614/1/2174 766/1/1799 752/1/1549
f 2615/1/2175 745/1/1644 2616/1/2176
f 2616/1/2176 744/1/1467 2615/1/2175
f 2617/1/2177 745/1/1644 757/1/1840
f 2616/1/2176 758/1/1839 746/1/1643
f 2617/1/2177 755/1/1470 2618/1/2178
f 2617/1/2177 756/1/1472 758/1/1839
f 2615/1/2175 755/1/1470 743/1/1469
f 2618/1/2178 744/1/1467 756/1/1472
f 2620/1/2179 437/1/1244 429/1/1243
f 2620/1/2179 438/1/1246 2619/1/2180
f 2621/1/2181 429/1/1243 585/1/1567
f 2620/1/2179 586/1/1569 430/1/1241
f 2621/1/2181 595/1/1949 2622/1/2182
f 2621/1/2181 596/1/1951 586/1/1569
f 2622/1/2182 437/1/1244 2619/1/2180
f 2619/1/2180 596/1/1951 2622/1/2182
f 2623/1/2183 749/1/1642 2624/1/2184
f 2624/1/2184 746/1/1643 2623/1/2183
f 2624/1/2184 759/1/1826 2625/1/2185
f 2625/1/2185 750/1/1640 2624/1/2184
f 2626/1/2186 759/1/1826 757/1/1840
f 2625/1/2185 758/1/1839 760/1/1825
f 2626/1/2186 745/1/1644 2623/1/2183
f 2626/1/2186 746/1/1643 758/1/1839
f 2628/1/2187 435/1/1175 597/1/1170
f 2627/1/2188 598/1/1172 436/1/1174
f 2629/1/2189 597/1/1170 583/1/1453
f 2629/1/2189 598/1/1172 2628/1/2187
f 2629/1/2189 427/1/1570 2630/1/2190
f 2630/1/2190 584/1/1459 2629/1/2189
f 2630/1/2190 435/1/1175 2627/1/2188
f 2630/1/2190 436/1/1174 428/1/1572
f 2632/1/2191 751/1/1550 747/1/1466
f 2631/1/2192 748/1/1468 752/1/1549
f 2633/1/2193 747/1/1466 763/1/1475
f 2633/1/2193 748/1/1468 2632/1/2191
f 2633/1/2193 765/1/1797 2634/1/2194
f 2634/1/2194 764/1/1474 2633/1/2193
f 2631/1/2192 765/1/1797 751/1/1550
f 2634/1/2194 752/1/1549 766/1/1799
f 2636/1/2195 451/1/1439 449/1/1324
f 2636/1/2195 452/1/1441 2635/1/2196
f 2637/1/2197 449/1/1324 845/1/1406
f 2636/1/2195 846/1/1408 450/1/1326
f 2637/1/2197 843/1/2147 2638/1/2198
f 2637/1/2197 844/1/2148 846/1/1408
f 2638/1/2198 451/1/1439 2635/1/2196
f 2635/1/2196 844/1/2148 2638/1/2198
f 2639/1/2199 843/1/2147 2640/1/2200
f 2639/1/2199 844/1/2148 452/1/1441
f 2641/1/2201 843/1/2147 775/1/1961
f 2641/1/2201 844/1/2148 2640/1/2200
f 2641/1/2201 485/1/1958 2642/1/2202
f 2641/1/2201 486/1/1960 776/1/1963
f 2642/1/2202 451/1/1439 2639/1/2199
f 2642/1/2202 452/1/1441 486/1/1960
f 2643/1/2203 1201/1/2205 2644/1/2206
f 2644/1/2206 1206/1/2208 2643/1/2203
f 2644/1/2206 1193/1/2209 2645/1/2210
f 2645/1/2210 1202/1/2207 2644/1/2206
f 2646/1/2212 1193/1/2209 1191/1/2214
f 2646/1/2212 1194/1/2211 2645/1/2210
f 2646/1/2212 1205/1/2204 2643/1/2203
f 2646/1/2212 1206/1/2208 1192/1/2213
f 2648/1/2215 1151/1/2217 1213/1/2221
f 2648/1/2215 1152/1/2219 2647/1/2216
f 2649/1/2220 1213/1/2221 1211/1/2223
f 2648/1/2215 1212/1/2222 1214/1/2218
f 2649/1/2220 1161/1/2224 2650/1/2225
f 2649/1/2220 1162/1/2226 1212/1/2222
f 2647/1/2216 1161/1/2224 1151/1/2217
f 2650/1/2225 1152/1/2219 1162/1/2226
f 2652/1/2227 927/1/2229 903/1/2232
f 2651/1/2228 904/1/2230 928/1/2238
f 2653/1/2231 903/1/2232 1153/1/2234
f 2652/1/2227 1154/1/2233 904/1/2230
f 2653/1/2231 1163/1/2235 2654/1/2236
f 2654/1/2236 1154/1/2233 2653/1/2231
f 2654/1/2236 927/1/2229 2651/1/2228
f 2651/1/2228 1164/1/2237 2654/1/2236
f 2656/1/2239 1157/1/2241 901/1/2245
f 2656/1/2239 1158/1/2243 2655/1/2240
f 2657/1/2244 901/1/2245 981/1/2247
f 2657/1/2244 902/1/2242 2656/1/2239
f 2657/1/2244 1159/1/2248 2658/1/2249
f 2657/1/2244 1160/1/2250 982/1/2246
f 2658/1/2249 1157/1/2241 2655/1/2240
f 2655/1/2240 1160/1/2250 2658/1/2249
f 2659/1/2251 989/1/2253 2660/1/2254
f 2660/1/2254 988/1/2256 2659/1/2251
f 2661/1/2257 989/1/2253 983/1/2260
f 2661/1/2257 990/1/2255 2660/1/2254
f 2662/1/2259 983/1/2260 985/1/2262
f 2661/1/2257 986/1/2261 984/1/2258
f 2659/1/2251 985/1/2262 987/1/2252
f 2662/1/2259 988/1/2256 986/1/2261
f 2664/1/2263 1209/1/2265 1213/1/2221
f 2663/1/2264 1214/1/2218 1210/1/2270
f 2665/1/2266 1213/1/2221 981/1/2247
f 2664/1/2263 982/1/2246 1214/1/2218
f 2666/1/2267 981/1/2247 979/1/2269
f 2665/1/2266 980/1/2268 982/1/2246
f 2663/1/2264 979/1/2269 1209/1/2265
f 2663/1/2264 980/1/2268 2666/1/2267
f 2668/1/2271 1171/1/2273 1169/1/2276
f 2667/1/2272 1170/1/2274 1172/1/2282
f 2669/1/2275 1169/1/2276 929/1/2279
f 2669/1/2275 1170/1/2274 2668/1/2271
f 2670/1/2278 929/1/2279 1051/1/2281
f 2669/1/2275 1052/1/2280 930/1/2277
f 2670/1/2278 1171/1/2273 2667/1/2272
f 2670/1/2278 1172/1/2282 1052/1/2280
f 2671/1/2283 1111/1/2285 2672/1/2286
f 2671/1/2283 1112/1/2287 1084/1/2294
f 2672/1/2286 1107/1/2288 2673/1/2289
f 2673/1/2289 1112/1/2287 2672/1/2286
f 2674/1/2291 1107/1/2288 1087/1/2293
f 2674/1/2291 1108/1/2290 2673/1/2289
f 2674/1/2291 1083/1/2284 2671/1/2283
f 2674/1/2291 1084/1/2294 1088/1/2292
f 2676/1/2295 1145/1/2297 1139/1/2301
f 2676/1/2295 1146/1/2299 2675/1/2296
f 2677/1/2300 1139/1/2301 1041/1/2303
f 2677/1/2300 1140/1/2298 2676/1/2295
f 2677/1/2300 1039/1/2304 2678/1/2305
f 2677/1/2300 1040/1/2306 1042/1/2302
f 2679/1/2307 1039/1/2304 1043/1/2309
f 2679/1/2307 1040/1/2306 2678/1/2305
f 2679/1/2307 1147/1/2310 2680/1/2311
f 2679/1/2307 1148/1/2312 1044/1/2308
f 2680/1/2311 1145/1/2297 2675/1/2296
f 2680/1/2311 1146/1/2299 1148/1/2312
f 2681/1/2313 869/1/2315 2682/1/2316
f 2682/1/2316 1026/1/2318 2681/1/2313
f 2682/1/2316 867/1/2319 2683/1/2320
f 2683/1/2320 870/1/2317 2682/1/2316
f 2684/1/2322 867/1/2319 1023/1/2324
f 2683/1/2320 1024/1/2323 868/1/2321
f 2681/1/2313 1023/1/2324 1025/1/2314
f 2681/1/2313 1024/1/2323 2684/1/2322
f 2686/1/2325 1099/1/2327 1101/1/2331
f 2686/1/2325 1100/1/2329 2685/1/2326
f 2687/1/2330 1101/1/2331 1091/1/2333
f 2687/1/2330 1102/1/2328 2686/1/2325
f 2687/1/2330 1095/1/2334 2688/1/2335
f 2687/1/2330 1096/1/2336 1092/1/2332
f 2685/1/2326 1095/1/2334 1099/1/2327
f 2688/1/2335 1100/1/2329 1096/1/2336
f 2690/1/2337 913/1/2339 1251/1/2341
f 2689/1/2338 1252/1/2340 914/1/2348
f 2690/1/2337 1253/1/2342 2691/1/2343
f 2691/1/2343 1252/1/2340 2690/1/2337
f 2691/1/2343 915/1/2345 2692/1/2346
f 2692/1/2346 1254/1/2344 2691/1/2343
f 2689/1/2338 915/1/2345 913/1/2339
f 2692/1/2346 914/1/2348 916/1/2347
f 2693/1/2349 997/1/2351 2694/1/2352
f 2693/1/2349 998/1/2353 1006/1/2360
f 2694/1/2352 1261/1/2354 2695/1/2355
f 2694/1/2352 1262/1/2356 998/1/2353
f 2696/1/2357 1261/1/2354 1235/1/2359
f 2696/1/2357 1262/1/2356 2695/1/2355
f 2696/1/2357 1005/1/2350 2693/1/2349
f 2696/1/2357 1006/1/2360 1236/1/2358
f 2697/1/2361 969/1/2363 2698/1/2364
f 2697/1/2361 970/1/2365 932/1/2372
f 2699/1/2366 969/1/2363 967/1/2369
f 2699/1/2366 970/1/2365 2698/1/2364
f 2700/1/2368 967/1/2369 937/1/2371
f 2700/1/2368 968/1/2367 2699/1/2366
f 2697/1/2361 937/1/2371 931/1/2362
f 2697/1/2361 938/1/2370 2700/1/2368
f 2701/1/2373 941/1/2375 2702/1/2376
f 2701/1/2373 942/1/2377 886/1/2384
f 2702/1/2376 939/1/2378 2703/1/2379
f 2702/1/2376 940/1/2380 942/1/2377
f 2704/1/2381 939/1/2378 881/1/2383
f 2704/1/2381 940/1/2380 2703/1/2379
f 2704/1/2381 885/1/2374 2701/1/2373
f 2704/1/2381 886/1/2384 882/1/2382
f 2705/1/2385 915/1/2345 2706/1/2387
f 2706/1/2387 912/1/2388 2705/1/2385
f 2706/1/2387 951/1/2389 2707/1/2390
f 2706/1/2387 952/1/2391 916/1/2347
f 2708/1/2392 951/1/2389 953/1/2394
f 2708/1/2392 952/1/2391 2707/1/2390
f 2708/1/2392 911/1/2386 2705/1/2385
f 2708/1/2392 912/1/2388 954/1/2393
f 2710/1/2395 1209/1/2265 1207/1/2398
f 2709/1/2396 1208/1/2397 1210/1/2270
f 2710/1/2395 1211/1/2223 2711/1/2399
f 2711/1/2399 1208/1/2397 2710/1/2395
f 2712/1/2400 1211/1/2223 1213/1/2221
f 2711/1/2399 1214/1/2218 1212/1/2222
f 2712/1/2400 1209/1/2265 2709/1/2396
f 2709/1/2396 1214/1/2218 2712/1/2400
f 2714/1/2401 1243/1/2403 1245/1/2407
f 2714/1/2401 1244/1/2405 2713/1/2402
f 2715/1/2406 1245/1/2407 967/1/2369
f 2715/1/2406 1246/1/2404 2714/1/2401
f 2716/1/2408 967/1/2369 969/1/2363
f 2716/1/2408 968/1/2367 2715/1/2406
f 2716/1/2408 1243/1/2403 2713/1/2402
f 2716/1/2408 1244/1/2405 970/1/2365
f 2717/1/2409 1269/1/2411 2718/1/2412
f 2717/1/2409 1270/1/2413 1268/1/2420
f 2719/1/2414 1269/1/2411 1247/1/2416
f 2719/1/2414 1270/1/2413 2718/1/2412
f 2719/1/2414 1249/1/2417 2720/1/2418
f 2719/1/2414 1250/1/2419 1248/1/2415
f 2720/1/2418 1267/1/2410 2717/1/2409
f 2720/1/2418 1268/1/2420 1250/1/2419
f 2721/1/2421 945/1/2423 2722/1/2424
f 2721/1/2421 946/1/2425 880/1/2432
f 2723/1/2426 945/1/2423 959/1/2429
f 2722/1/2424 960/1/2427 946/1/2425
f 2724/1/2428 959/1/2429 907/1/2431
f 2724/1/2428 960/1/2427 2723/1/2426
f 2724/1/2428 879/1/2422 2721/1/2421
f 2721/1/2421 908/1/2430 2724/1/2428
f 2726/1/2433 1129/1/2435 1137/1/2438
f 2726/1/2433 1130/1/2437 2725/1/2434
f 2726/1/2433 1135/1/2439 2727/1/2440
f 2726/1/2433 1136/1/2441 1138/1/2436
f 2728/1/2442 1135/1/2439 1131/1/2444
f 2728/1/2442 1136/1/2441 2727/1/2440
f 2728/1/2442 1129/1/2435 2725/1/2434
f 2728/1/2442 1130/1/2437 1132/1/2443
f 2729/1/2445 933/1/2447 2730/1/2448
f 2729/1/2445 934/1/2449 936/1/2456
f 2730/1/2448 963/1/2450 2731/1/2451
f 2730/1/2448 964/1/2452 934/1/2449
f 2731/1/2451 965/1/2453 2732/1/2454
f 2731/1/2451 966/1/2455 964/1/2452
f 2729/1/2445 965/1/2453 935/1/2446
f 2729/1/2445 966/1/2455 2732/1/2454
f 2733/1/2457 993/1/2459 2734/1/2460
f 2733/1/2457 994/1/2461 974/1/2468
f 2734/1/2460 943/1/2462 2735/1/2463
f 2734/1/2460 944/1/2464 994/1/2461
f 2736/1/2465 943/1/2462 883/1/2467
f 2736/1/2465 944/1/2464 2735/1/2463
f 2736/1/2465 973/1/2458 2733/1/2457
f 2736/1/2465 974/1/2468 884/1/2466
f 2738/1/2469 1247/1/2416 965/1/2453
f 2738/1/2469 1248/1/2415 2737/1/2470
f 2738/1/2469 963/1/2450 2739/1/2471
f 2738/1/2469 964/1/2452 966/1/2455
f 2739/1/2471 1249/1/2417 2740/1/2472
f 2739/1/2471 1250/1/2419 964/1/2452
f 2740/1/2472 1247/1/2416 2737/1/2470
f 2740/1/2472 1248/1/2415 1250/1/2419
f 2742/1/2473 1021/1/2475 1029/1/2478
f 2742/1/2473 1022/1/2477 2741/1/2474
f 2742/1/2473 977/1/2479 2743/1/2480
f 2742/1/2473 978/1/2481 1030/1/2476
f 2744/1/2482 977/1/2479 957/1/2484
f 2744/1/2482 978/1/2481 2743/1/2480
f 2741/1/2474 957/1/2484 1021/1/2475
f 2744/1/2482 1022/1/2477 958/1/2483
f 2746/1/2485 1283/1/2487 1285/1/2489
f 2745/1/2486 1286/1/2488 1284/1/2494
f 2746/1/2485 917/1/2490 2747/1/2491
f 2747/1/2491 1286/1/2488 2746/1/2485
f 2748/1/2493 917/1/2490 911/1/2386
f 2748/1/2493 918/1/2492 2747/1/2491
f 2745/1/2486 911/1/2386 1283/1/2487
f 2748/1/2493 1284/1/2494 912/1/2388
f 2749/1/2495 905/1/2497 2750/1/2498
f 2750/1/2498 1174/1/2500 2749/1/2495
f 2750/1/2498 929/1/2279 2751/1/2501
f 2750/1/2498 930/1/2277 906/1/2499
f 2752/1/2502 929/1/2279 1169/1/2276
f 2751/1/2501 1170/1/2274 930/1/2277
f 2752/1/2502 1173/1/2496 2749/1/2495
f 2752/1/2502 1174/1/2500 1170/1/2274
f 2754/1/2503 1025/1/2314 1281/1/2506
f 2754/1/2503 1026/1/2318 2753/1/2504
f 2754/1/2503 1219/1/2507 2755/1/2508
f 2754/1/2503 1220/1/2509 1282/1/2505
f 2756/1/2510 1219/1/2507 1035/1/2512
f 2756/1/2510 1220/1/2509 2755/1/2508
f 2753/1/2504 1035/1/2512 1025/1/2314
f 2753/1/2504 1036/1/2511 2756/1/2510
f 2758/1/2513 997/1/2351 1005/1/2350
f 2758/1/2513 998/1/2353 2757/1/2514
f 2758/1/2513 1003/1/2515 2759/1/2516
f 2758/1/2513 1004/1/2517 1006/1/2360
f 2760/1/2518 1003/1/2515 999/1/2520
f 2760/1/2518 1004/1/2517 2759/1/2516
f 2760/1/2518 997/1/2351 2757/1/2514
f 2760/1/2518 998/1/2353 1000/1/2519
f 2762/1/2521 899/1/2523 901/1/2245
f 2761/1/2522 902/1/2242 900/1/2530
f 2763/1/2524 901/1/2245 895/1/2527
f 2762/1/2521 896/1/2525 902/1/2242
f 2764/1/2526 895/1/2527 897/1/2529
f 2764/1/2526 896/1/2525 2763/1/2524
f 2764/1/2526 899/1/2523 2761/1/2522
f 2764/1/2526 900/1/2530 898/1/2528
f 2766/1/2531 879/1/2422 885/1/2374
f 2765/1/2532 886/1/2384 880/1/2432
f 2766/1/2531 881/1/2383 2767/1/2533
f 2767/1/2533 886/1/2384 2766/1/2531
f 2768/1/2534 881/1/2383 883/1/2467
f 2767/1/2533 884/1/2466 882/1/2382
f 2765/1/2532 883/1/2467 879/1/2422
f 2768/1/2534 880/1/2432 884/1/2466
f 2769/1/2535 1089/1/2536 2770/1/2537
f 2770/1/2537 1084/1/2294 2769/1/2535
f 2770/1/2537 1113/1/2539 2771/1/2540
f 2770/1/2537 1114/1/2541 1090/1/2538
f 2772/1/2542 1113/1/2539 1111/1/2285
f 2772/1/2542 1114/1/2541 2771/1/2540
f 2769/1/2535 1111/1/2285 1083/1/2284
f 2769/1/2535 1112/1/2287 2772/1/2542
f 2774/1/2543 1001/1/2545 995/1/2548
f 2774/1/2543 1002/1/2547 2773/1/2544
f 2774/1/2543 1007/1/2549 2775/1/2550
f 2774/1/2543 1008/1/2551 996/1/2546
f 2776/1/2552 1007/1/2549 1009/1/2554
f 2776/1/2552 1008/1/2551 2775/1/2550
f 2776/1/2552 1001/1/2545 2773/1/2544
f 2776/1/2552 1002/1/2547 1010/1/2553
f 2778/1/2555 1027/1/2557 1029/1/2478
f 2778/1/2555 1028/1/2558 2777/1/2556
f 2778/1/2555 1021/1/2475 2779/1/2559
f 2778/1/2555 1022/1/2477 1030/1/2476
f 2780/1/2560 1021/1/2475 1019/1/2562
f 2780/1/2560 1022/1/2477 2779/1/2559
f 2780/1/2560 1027/1/2557 2777/1/2556
f 2780/1/2560 1028/1/2558 1020/1/2561
f 2781/1/2563 1053/1/2564 2782/1/2565
f 2781/1/2563 1054/1/2566 928/1/2238
f 2782/1/2565 1051/1/2281 2783/1/2567
f 2782/1/2565 1052/1/2280 1054/1/2566
f 2784/1/2568 1051/1/2281 929/1/2279
f 2784/1/2568 1052/1/2280 2783/1/2567
f 2784/1/2568 927/1/2229 2781/1/2563
f 2784/1/2568 928/1/2238 930/1/2277
f 2786/1/2569 939/1/2378 991/1/2573
f 2786/1/2569 940/1/2380 2785/1/2570
f 2787/1/2572 991/1/2573 971/1/2576
f 2787/1/2572 992/1/2571 2786/1/2569
f 2788/1/2575 971/1/2576 881/1/2383
f 2788/1/2575 972/1/2574 2787/1/2572
f 2788/1/2575 939/1/2378 2785/1/2570
f 2788/1/2575 940/1/2380 882/1/2382
f 2789/1/2577 1047/1/2578 2790/1/2579
f 2789/1/2577 1048/1/2580 988/1/2256
f 2790/1/2579 1045/1/2581 2791/1/2582
f 2790/1/2579 1046/1/2583 1048/1/2580
f 2792/1/2584 1045/1/2581 989/1/2253
f 2792/1/2584 1046/1/2583 2791/1/2582
f 2789/1/2577 989/1/2253 987/1/2252
f 2792/1/2584 988/1/2256 990/1/2255
f 2794/1/2585 1045/1/2581 1049/1/2589
f 2793/1/2586 1050/1/2587 1046/1/2583
f 2795/1/2588 1049/1/2589 1011/1/2591
f 2795/1/2588 1050/1/2587 2794/1/2585
f 2795/1/2588 989/1/2253 2796/1/2592
f 2796/1/2592 1012/1/2590 2795/1/2588
f 2796/1/2592 1045/1/2581 2793/1/2586
f 2796/1/2592 1046/1/2583 990/1/2255
f 2797/1/2593 1133/1/2595 2798/1/2596
f 2797/1/2593 1134/1/2597 1128/1/2600
f 2799/1/2598 1133/1/2595 1129/1/2435
f 2798/1/2596 1130/1/2437 1134/1/2597
f 2800/1/2599 1129/1/2435 1131/1/2444
f 2800/1/2599 1130/1/2437 2799/1/2598
f 2800/1/2599 1127/1/2594 2797/1/2593
f 2797/1/2593 1132/1/2443 2800/1/2599
f 2802/1/2601 847/1/2603 853/1/2607
f 2802/1/2601 848/1/2605 2801/1/2602
f 2803/1/2606 853/1/2607 849/1/2609
f 2802/1/2601 850/1/2608 854/1/2604
f 2803/1/2606 851/1/2610 2804/1/2611
f 2804/1/2611 850/1/2608 2803/1/2606
f 2804/1/2611 847/1/2603 2801/1/2602
f 2801/1/2602 852/1/2612 2804/1/2611
f 2805/1/2613 1187/1/2615 2806/1/2616
f 2806/1/2616 1184/1/2618 2805/1/2613
f 2806/1/2616 1091/1/2333 2807/1/2619
f 2806/1/2616 1092/1/2332 1188/1/2617
f 2808/1/2620 1091/1/2333 1101/1/2331
f 2807/1/2619 1102/1/2328 1092/1/2332
f 2805/1/2613 1101/1/2331 1183/1/2614
f 2805/1/2613 1102/1/2328 2808/1/2620
f 2810/1/2621 1175/1/2623 1167/1/2627
f 2810/1/2621 1176/1/2625 2809/1/2622
f 2811/1/2626 1167/1/2627 1207/1/2398
f 2811/1/2626 1168/1/2624 2810/1/2621
f 2811/1/2626 1209/1/2265 2812/1/2628
f 2811/1/2626 1210/1/2270 1208/1/2397
f 2812/1/2628 1175/1/2623 2809/1/2622
f 2812/1/2628 1176/1/2625 1210/1/2270
f 2814/1/2629 1071/1/2631 1073/1/2635
f 2814/1/2629 1072/1/2633 2813/1/2630
f 2815/1/2634 1073/1/2635 1069/1/2638
f 2814/1/2629 1070/1/2636 1074/1/2632
f 2816/1/2637 1069/1/2638 1055/1/2640
f 2816/1/2637 1070/1/2636 2815/1/2634
f 2816/1/2637 1065/1/2641 2817/1/2642
f 2816/1/2637 1066/1/2643 1056/1/2639
f 2817/1/2642 1077/1/2644 2818/1/2645
f 2817/1/2642 1078/1/2646 1066/1/2643
f 2819/1/2647 1077/1/2644 1075/1/2650
f 2818/1/2645 1076/1/2648 1078/1/2646
f 2820/1/2649 1075/1/2650 1063/1/2653
f 2820/1/2649 1076/1/2648 2819/1/2647
f 2821/1/2652 1063/1/2653 1057/1/2655
f 2821/1/2652 1064/1/2651 2820/1/2649
f 2821/1/2652 1067/1/2656 2822/1/2657
f 2821/1/2652 1068/1/2658 1058/1/2654
f 2813/1/2630 1067/1/2656 1071/1/2631
f 2813/1/2630 1068/1/2658 2822/1/2657
f 2824/1/2659 1059/1/2661 1061/1/2665
f 2824/1/2659 1060/1/2663 2823/1/2660
f 2825/1/2664 1061/1/2665 1065/1/2641
f 2825/1/2664 1062/1/2662 2824/1/2659
f 2825/1/2664 1055/1/2640 2826/1/2666
f 2825/1/2664 1056/1/2639 1066/1/2643
f 2827/1/2667 1055/1/2640 1057/1/2655
f 2827/1/2667 1056/1/2639 2826/1/2666
f 2828/1/2668 1057/1/2655 1063/1/2653
f 2828/1/2668 1058/1/2654 2827/1/2667
f 2828/1/2668 1059/1/2661 2823/1/2660
f 2828/1/2668 1060/1/2663 1064/1/2651
f 2830/1/2669 1149/1/2671 1137/1/2438
f 2830/1/2669 1150/1/2672 2829/1/2670
f 2831/1/2673 1137/1/2438 1129/1/2435
f 2830/1/2669 1130/1/2437 1138/1/2436
f 2832/1/2674 1129/1/2435 1141/1/2676
f 2831/1/2673 1142/1/2675 1130/1/2437
f 2832/1/2674 1149/1/2671 2829/1/2670
f 2829/1/2670 1142/1/2675 2832/1/2674
f 2834/1/2677 1167/1/2627 1171/1/2273
f 2834/1/2677 1168/1/2624 2833/1/2678
f 2834/1/2677 1051/1/2281 2835/1/2679
f 2835/1/2679 1172/1/2282 2834/1/2677
f 2836/1/2680 1051/1/2281 1207/1/2398
f 2836/1/2680 1052/1/2280 2835/1/2679
f 2833/1/2678 1207/1/2398 1167/1/2627
f 2836/1/2680 1168/1/2624 1208/1/2397
f 2838/1/2681 851/1/2610 869/1/2315
f 2838/1/2681 852/1/2612 2837/1/2682
f 2838/1/2681 877/1/2683 2839/1/2684
f 2838/1/2681 878/1/2685 870/1/2317
f 2840/1/2686 877/1/2683 857/1/2688
f 2840/1/2686 878/1/2685 2839/1/2684
f 2837/1/2682 857/1/2688 851/1/2610
f 2837/1/2682 858/1/2687 2840/1/2686
f 2841/1/2689 917/1/2490 2842/1/2690
f 2841/1/2689 918/1/2492 912/1/2388
f 2842/1/2690 913/1/2339 2843/1/2691
f 2843/1/2691 918/1/2492 2842/1/2690
f 2844/1/2692 913/1/2339 915/1/2345
f 2843/1/2691 916/1/2347 914/1/2348
f 2841/1/2689 915/1/2345 911/1/2386
f 2844/1/2692 912/1/2388 916/1/2347
f 2846/1/2693 995/1/2548 1001/1/2545
f 2845/1/2694 1002/1/2547 996/1/2546
f 2846/1/2693 997/1/2351 2847/1/2695
f 2846/1/2693 998/1/2353 1002/1/2547
f 2847/1/2695 999/1/2520 2848/1/2696
f 2848/1/2696 998/1/2353 2847/1/2695
f 2848/1/2696 995/1/2548 2845/1/2694
f 2848/1/2696 996/1/2546 1000/1/2519
f 2849/1/2697 1099/1/2327 2850/1/2698
f 2849/1/2697 1100/1/2329 1102/1/2328
f 2850/1/2698 1093/1/2699 2851/1/2700
f 2850/1/2698 1094/1/2701 1100/1/2329
f 2851/1/2700 1089/1/2536 2852/1/2702
f 2851/1/2700 1090/1/2538 1094/1/2701
f 2853/1/2703 1089/1/2536 1083/1/2284
f 2853/1/2703 1090/1/2538 2852/1/2702
f 2854/1/2704 1083/1/2284 1087/1/2293
f 2854/1/2704 1084/1/2294 2853/1/2703
f 2855/1/2705 1087/1/2293 1095/1/2334
f 2855/1/2705 1088/1/2292 2854/1/2704
f 2856/1/2706 1095/1/2334 1091/1/2333
f 2856/1/2706 1096/1/2336 2855/1/2705
f 2856/1/2706 1079/1/2707 2857/1/2708
f 2856/1/2706 1080/1/2709 1092/1/2332
f 2857/1/2708 1081/1/2710 2858/1/2711
f 2857/1/2708 1082/1/2712 1080/1/2709
f 2859/1/2713 1081/1/2710 1085/1/2715
f 2859/1/2713 1082/1/2712 2858/1/2711
f 2859/1/2713 1097/1/2716 2860/1/2717
f 2859/1/2713 1098/1/2718 1086/1/2714
f 2849/1/2697 1097/1/2716 1101/1/2331
f 2849/1/2697 1098/1/2718 2860/1/2717
f 2862/1/2719 997/1/2351 1001/1/2545
f 2861/1/2720 1002/1/2547 998/1/2353
f 2863/1/2721 1001/1/2545 1259/1/2724
f 2862/1/2719 1260/1/2722 1002/1/2547
f 2864/1/2723 1259/1/2724 1261/1/2354
f 2863/1/2721 1262/1/2356 1260/1/2722
f 2864/1/2723 997/1/2351 2861/1/2720
f 2861/1/2720 1262/1/2356 2864/1/2723
f 2866/1/2725 1103/1/2727 1105/1/2730
f 2865/1/2726 1106/1/2728 1104/1/2732
f 2867/1/2729 1105/1/2730 1099/1/2327
f 2867/1/2729 1106/1/2728 2866/1/2725
f 2867/1/2729 1095/1/2334 2868/1/2731
f 2868/1/2731 1100/1/2329 2867/1/2729
f 2868/1/2731 1103/1/2727 2865/1/2726
f 2868/1/2731 1104/1/2732 1096/1/2336
f 2869/1/2733 1169/1/2276 2870/1/2734
f 2870/1/2734 1174/1/2500 2869/1/2733
f 2871/1/2735 1169/1/2276 1171/1/2273
f 2870/1/2734 1172/1/2282 1170/1/2274
f 2872/1/2736 1171/1/2273 1167/1/2627
f 2872/1/2736 1172/1/2282 2871/1/2735
f 2873/1/2737 1167/1/2627 1175/1/2623
f 2873/1/2737 1168/1/2624 2872/1/2736
f 2873/1/2737 1181/1/2738 2874/1/2739
f 2873/1/2737 1182/1/2740 1176/1/2625
f 2875/1/2741 1181/1/2738 1179/1/2743
f 2874/1/2739 1180/1/2742 1182/1/2740
f 2875/1/2741 1177/1/2744 2876/1/2745
f 2876/1/2745 1180/1/2742 2875/1/2741
f 2876/1/2745 1173/1/2496 2869/1/2733
f 2869/1/2733 1178/1/2746 2876/1/2745
f 2878/1/2747 877/1/2683 869/1/2315
f 2878/1/2747 878/1/2685 2877/1/2748
f 2879/1/2749 869/1/2315 1025/1/2314
f 2878/1/2747 1026/1/2318 870/1/2317
f 2879/1/2749 1035/1/2512 2880/1/2750
f 2879/1/2749 1036/1/2511 1026/1/2318
f 2880/1/2750 877/1/2683 2877/1/2748
f 2877/1/2748 1036/1/2511 2880/1/2750
f 2881/1/2751 1133/1/2595 2882/1/2752
f 2882/1/2752 1130/1/2437 2881/1/2751
f 2882/1/2752 1143/1/2753 2883/1/2754
f 2883/1/2754 1134/1/2597 2882/1/2752
f 2884/1/2756 1143/1/2753 1141/1/2676
f 2883/1/2754 1142/1/2675 1144/1/2755
f 2881/1/2751 1141/1/2676 1129/1/2435
f 2884/1/2756 1130/1/2437 1142/1/2675
f 2885/1/2757 1117/1/2758 2886/1/2759
f 2885/1/2757 1118/1/2760 1066/1/2643
f 2887/1/2761 1117/1/2758 1115/1/2764
f 2886/1/2759 1116/1/2762 1118/1/2760
f 2888/1/2763 1115/1/2764 1077/1/2644
f 2888/1/2763 1116/1/2762 2887/1/2761
f 2885/1/2757 1077/1/2644 1065/1/2641
f 2885/1/2757 1078/1/2646 2888/1/2763
f 2890/1/2765 1125/1/2767 1059/1/2661
f 2890/1/2765 1126/1/2768 2889/1/2766
f 2891/1/2769 1059/1/2661 1063/1/2653
f 2891/1/2769 1060/1/2663 2890/1/2765
f 2891/1/2769 1123/1/2770 2892/1/2771
f 2891/1/2769 1124/1/2772 1064/1/2651
f 2889/1/2766 1123/1/2770 1125/1/2767
f 2889/1/2766 1124/1/2772 2892/1/2771
f 2894/1/2773 1061/1/2665 1059/1/2661
f 2894/1/2773 1062/1/2662 2893/1/2774
f 2894/1/2773 1125/1/2767 2895/1/2775
f 2894/1/2773 1126/1/2768 1060/1/2663
f 2896/1/2776 1125/1/2767 1121/1/2778
f 2896/1/2776 1126/1/2768 2895/1/2775
f 2893/1/2774 1121/1/2778 1061/1/2665
f 2893/1/2774 1122/1/2777 2896/1/2776
f 2898/1/2779 1139/1/2301 1145/1/2297
f 2897/1/2780 1146/1/2299 1140/1/2298
f 2898/1/2779 1141/1/2676 2899/1/2781
f 2898/1/2779 1142/1/2675 1146/1/2299
f 2899/1/2781 1143/1/2753 2900/1/2782
f 2900/1/2782 1142/1/2675 2899/1/2781
f 2897/1/2780 1143/1/2753 1139/1/2301
f 2897/1/2780 1144/1/2755 2900/1/2782
f 2902/1/2783 1147/1/2310 1149/1/2671
f 2902/1/2783 1148/1/2312 2901/1/2784
f 2902/1/2783 1141/1/2676 2903/1/2785
f 2902/1/2783 1142/1/2675 1150/1/2672
f 2904/1/2786 1141/1/2676 1145/1/2297
f 2904/1/2786 1142/1/2675 2903/1/2785
f 2904/1/2786 1147/1/2310 2901/1/2784
f 2904/1/2786 1148/1/2312 1146/1/2299
f 2905/1/2787 991/1/2573 2906/1/2788
f 2905/1/2787 992/1/2571 972/1/2574
f 2907/1/2789 991/1/2573 1233/1/2792
f 2906/1/2788 1234/1/2790 992/1/2571
f 2908/1/2791 1233/1/2792 1255/1/2794
f 2908/1/2791 1234/1/2790 2907/1/2789
f 2908/1/2791 971/1/2576 2905/1/2787
f 2905/1/2787 1256/1/2793 2908/1/2791
f 2910/1/2795 885/1/2374 909/1/2798
f 2909/1/2796 910/1/2797 886/1/2384
f 2910/1/2795 961/1/2799 2911/1/2800
f 2910/1/2795 962/1/2801 910/1/2797
f 2911/1/2800 941/1/2375 2912/1/2802
f 2912/1/2802 962/1/2801 2911/1/2800
f 2909/1/2796 941/1/2375 885/1/2374
f 2909/1/2796 942/1/2377 2912/1/2802
f 2913/1/2803 1123/1/2770 2914/1/2805
f 2913/1/2803 1124/1/2772 1120/1/2808
f 2915/1/2806 1123/1/2770 1063/1/2653
f 2915/1/2806 1124/1/2772 2914/1/2805
f 2915/1/2806 1075/1/2650 2916/1/2807
f 2915/1/2806 1076/1/2648 1064/1/2651
f 2916/1/2807 1119/1/2804 2913/1/2803
f 2916/1/2807 1120/1/2808 1076/1/2648
f 2917/1/2809 1061/1/2665 2918/1/2810
f 2917/1/2809 1062/1/2662 1066/1/2643
f 2918/1/2810 1121/1/2778 2919/1/2811
f 2918/1/2810 1122/1/2777 1062/1/2662
f 2920/1/2812 1121/1/2778 1117/1/2758
f 2920/1/2812 1122/1/2777 2919/1/2811
f 2917/1/2809 1117/1/2758 1065/1/2641
f 2917/1/2809 1118/1/2760 2920/1/2812
f 2922/1/2813 1281/1/2506 1279/1/2817
f 2922/1/2813 1282/1/2505 2921/1/2814
f 2923/1/2816 1279/1/2817 893/1/2819
f 2922/1/2813 894/1/2818 1280/1/2815
f 2923/1/2816 887/1/2820 2924/1/2821
f 2924/1/2821 894/1/2818 2923/1/2816
f 2924/1/2821 1281/1/2506 2921/1/2814
f 2921/1/2814 888/1/2822 2924/1/2821
f 2925/1/2823 1087/1/2293 2926/1/2824
f 2925/1/2823 1088/1/2292 1096/1/2336
f 2926/1/2824 1107/1/2288 2927/1/2825
f 2926/1/2824 1108/1/2290 1088/1/2292
f 2927/1/2825 1103/1/2727 2928/1/2826
f 2927/1/2825 1104/1/2732 1108/1/2290
f 2925/1/2823 1103/1/2727 1095/1/2334
f 2925/1/2823 1104/1/2732 2928/1/2826
f 2929/1/2827 1183/1/2614 2930/1/2828
f 2930/1/2828 1188/1/2617 2929/1/2827
f 2931/1/2829 1183/1/2614 1195/1/2832
f 2930/1/2828 1196/1/2830 1184/1/2618
f 2932/1/2831 1195/1/2832 1203/1/2834
f 2932/1/2831 1196/1/2830 2931/1/2829
f 2929/1/2827 1203/1/2834 1187/1/2615
f 2932/1/2831 1188/1/2617 1204/1/2833
f 2933/1/2835 1165/1/2836 2934/1/2837
f 2933/1/2835 1166/1/2838 1162/1/2226
f 2935/1/2839 1165/1/2836 1163/1/2235
f 2934/1/2837 1164/1/2237 1166/1/2838
f 2936/1/2840 1163/1/2235 1153/1/2234
f 2935/1/2839 1154/1/2233 1164/1/2237
f 2937/1/2841 1153/1/2234 1155/1/2843
f 2936/1/2840 1156/1/2842 1154/1/2233
f 2937/1/2841 1157/1/2241 2938/1/2844
f 2938/1/2844 1156/1/2842 2937/1/2841
f 2939/1/2845 1157/1/2241 1159/1/2248
f 2939/1/2845 1158/1/2243 2938/1/2844
f 2940/1/2846 1159/1/2248 1151/1/2217
f 2940/1/2846 1160/1/2250 2939/1/2845
f 2933/1/2835 1151/1/2217 1161/1/2224
f 2933/1/2835 1152/1/2219 2940/1/2846
f 2942/1/2847 1283/1/2487 911/1/2386
f 2942/1/2847 1284/1/2494 2941/1/2848
f 2943/1/2849 911/1/2386 953/1/2394
f 2943/1/2849 912/1/2388 2942/1/2847
f 2944/1/2850 953/1/2394 1215/1/2852
f 2944/1/2850 954/1/2393 2943/1/2849
f 2944/1/2850 1283/1/2487 2941/1/2848
f 2944/1/2850 1284/1/2494 1216/1/2851
f 2945/1/2853 1119/1/2804 2946/1/2854
f 2945/1/2853 1120/1/2808 1116/1/2762
f 2947/1/2855 1119/1/2804 1075/1/2650
f 2947/1/2855 1120/1/2808 2946/1/2854
f 2947/1/2855 1077/1/2644 2948/1/2856
f 2948/1/2856 1076/1/2648 2947/1/2855
f 2948/1/2856 1115/1/2764 2945/1/2853
f 2948/1/2856 1116/1/2762 1078/1/2646
f 2950/1/2857 919/1/2859 921/1/2862
f 2950/1/2857 920/1/2861 2949/1/2858
f 2950/1/2857 889/1/2863 2951/1/2864
f 2950/1/2857 890/1/2865 922/1/2860
f 2952/1/2866 889/1/2863 893/1/2819
f 2952/1/2866 890/1/2865 2951/1/2864
f 2952/1/2866 919/1/2859 2949/1/2858
f 2952/1/2866 920/1/2861 894/1/2818
f 2954/1/2867 1097/1/2716 1185/1/2871
f 2954/1/2867 1098/1/2718 2953/1/2868
f 2955/1/2870 1185/1/2871 1183/1/2614
f 2955/1/2870 1186/1/2869 2954/1/2867
f 2955/1/2870 1101/1/2331 2956/1/2872
f 2955/1/2870 1102/1/2328 1184/1/2618
f 2953/1/2868 1101/1/2331 1097/1/2716
f 2953/1/2868 1102/1/2328 2956/1/2872
f 2958/1/2873 1209/1/2265 979/1/2269
f 2958/1/2873 1210/1/2270 2957/1/2874
f 2959/1/2875 979/1/2269 1181/1/2738
f 2958/1/2873 1182/1/2740 980/1/2268
f 2959/1/2875 1175/1/2623 2960/1/2876
f 2959/1/2875 1176/1/2625 1182/1/2740
f 2960/1/2876 1209/1/2265 2957/1/2874
f 2957/1/2874 1176/1/2625 2960/1/2876
f 2961/1/2877 1111/1/2285 2962/1/2878
f 2961/1/2877 1112/1/2287 1108/1/2290
f 2963/1/2879 1111/1/2285 1113/1/2539
f 2963/1/2879 1112/1/2287 2962/1/2878
f 2964/1/2880 1113/1/2539 1109/1/2883
f 2963/1/2879 1110/1/2881 1114/1/2541
f 2965/1/2882 1109/1/2883 1105/1/2730
f 2964/1/2880 1106/1/2728 1110/1/2881
f 2965/1/2882 1103/1/2727 2966/1/2884
f 2966/1/2884 1106/1/2728 2965/1/2882
f 2961/1/2877 1103/1/2727 1107/1/2288
f 2961/1/2877 1104/1/2732 2966/1/2884
f 2968/1/2885 1097/1/2716 1085/1/2715
f 2968/1/2885 1098/1/2718 2967/1/2886
f 2969/1/2887 1085/1/2715 1189/1/2890
f 2969/1/2887 1086/1/2714 2968/1/2885
f 2970/1/2889 1189/1/2890 1185/1/2871
f 2969/1/2887 1186/1/2869 1190/1/2888
f 2970/1/2889 1097/1/2716 2967/1/2886
f 2970/1/2889 1098/1/2718 1186/1/2869
f 2971/1/2891 1191/1/2214 2972/1/2892
f 2972/1/2892 1188/1/2617 2971/1/2891
f 2972/1/2892 1079/1/2707 2973/1/2893
f 2972/1/2892 1080/1/2709 1192/1/2213
f 2974/1/2894 1079/1/2707 1091/1/2333
f 2974/1/2894 1080/1/2709 2973/1/2893
f 2971/1/2891 1091/1/2333 1187/1/2615
f 2971/1/2891 1092/1/2332 2974/1/2894
f 2976/1/2895 1085/1/2715 1081/1/2710
f 2975/1/2896 1082/1/2712 1086/1/2714
f 2977/1/2897 1081/1/2710 1193/1/2209
f 2977/1/2897 1082/1/2712 2976/1/2895
f 2978/1/2898 1193/1/2209 1189/1/2890
f 2978/1/2898 1194/1/2211 2977/1/2897
f 2978/1/2898 1085/1/2715 2975/1/2896
f 2978/1/2898 1086/1/2714 1190/1/2888
f 2979/1/2899 1081/1/2710 2980/1/2900
f 2979/1/2899 1082/1/2712 1194/1/2211
f 2981/1/2901 1081/1/2710 1079/1/2707
f 2981/1/2901 1082/1/2712 2980/1/2900
f 2982/1/2902 1079/1/2707 1191/1/2214
f 2982/1/2902 1080/1/2709 2981/1/2901
f 2982/1/2902 1193/1/2209 2979/1/2899
f 2982/1/2902 1194/1/2211 1192/1/2213
f 2983/1/2903 1073/1/2635 2984/1/2905
f 2983/1/2903 1074/1/2632 1200/1/2910
f 2985/1/2906 1073/1/2635 1071/1/2631
f 2984/1/2905 1072/1/2633 1074/1/2632
f 2986/1/2907 1071/1/2631 1197/1/2909
f 2986/1/2907 1072/1/2633 2985/1/2906
f 2986/1/2907 1199/1/2904 2983/1/2903
f 2983/1/2903 1198/1/2908 2986/1/2907
f 2988/1/2911 1201/1/2205 1205/1/2204
f 2987/1/2912 1206/1/2208 1202/1/2207
f 2988/1/2911 1055/1/2640 2989/1/2913
f 2988/1/2911 1056/1/2639 1206/1/2208
f 2990/1/2914 1055/1/2640 1069/1/2638
f 2989/1/2913 1070/1/2636 1056/1/2639
f 2987/1/2912 1069/1/2638 1201/1/2205
f 2987/1/2912 1070/1/2636 2990/1/2914
f 2992/1/2915 1055/1/2640 1205/1/2204
f 2992/1/2915 1056/1/2639 2991/1/2916
f 2993/1/2917 1205/1/2204 1203/1/2834
f 2993/1/2917 1206/1/2208 2992/1/2915
f 2993/1/2917 1057/1/2655 2994/1/2918
f 2993/1/2917 1058/1/2654 1204/1/2833
f 2994/1/2918 1055/1/2640 2991/1/2916
f 2994/1/2918 1056/1/2639 1058/1/2654
f 2995/1/2919 1117/1/2758 2996/1/2920
f 2995/1/2919 1118/1/2760 1116/1/2762
f 2997/1/2921 1117/1/2758 1121/1/2778
f 2996/1/2920 1122/1/2777 1118/1/2760
f 2997/1/2921 1125/1/2767 2998/1/2922
f 2997/1/2921 1126/1/2768 1122/1/2777
f 2999/1/2923 1125/1/2767 1123/1/2770
f 2999/1/2923 1126/1/2768 2998/1/2922
f 2999/1/2923 1119/1/2804 3000/1/2924
f 2999/1/2923 1120/1/2808 1124/1/2772
f 3000/1/2924 1115/1/2764 2995/1/2919
f 2995/1/2919 1120/1/2808 3000/1/2924
f 3001/1/2925 873/1/2927 3002/1/2928
f 3001/1/2925 874/1/2929 864/1/2934
f 3002/1/2928 859/1/2930 3003/1/2931
f 3002/1/2928 860/1/2932 874/1/2929
f 3004/1/2933 859/1/2930 853/1/2607
f 3004/1/2933 860/1/2932 3003/1/2931
f 3004/1/2933 863/1/2926 3001/1/2925
f 3004/1/2933 864/1/2934 854/1/2604
f 3005/1/2935 893/1/2819 3006/1/2936
f 3005/1/2935 894/1/2818 888/1/2822
f 3007/1/2937 893/1/2819 889/1/2863
f 3006/1/2936 890/1/2865 894/1/2818
f 3007/1/2937 891/1/2938 3008/1/2939
f 3008/1/2939 890/1/2865 3007/1/2937
f 3008/1/2939 887/1/2820 3005/1/2935
f 3005/1/2935 892/1/2940 3008/1/2939
f 3009/1/2941 1069/1/2638 3010/1/2942
f 3009/1/2941 1070/1/2636 1202/1/2207
f 3011/1/2943 1069/1/2638 1073/1/2635
f 3010/1/2942 1074/1/2632 1070/1/2636
f 3012/1/2944 1073/1/2635 1199/1/2904
f 3012/1/2944 1074/1/2632 3011/1/2943
f 3009/1/2941 1199/1/2904 1201/1/2205
f 3012/1/2944 1202/1/2207 1200/1/2910
f 3013/1/2945 1067/1/2656 3014/1/2946
f 3014/1/2946 1072/1/2633 3013/1/2945
f 3015/1/2947 1067/1/2656 1195/1/2832
f 3015/1/2947 1068/1/2658 3014/1/2946
f 3015/1/2947 1197/1/2909 3016/1/2948
f 3016/1/2948 1196/1/2830 3015/1/2947
f 3016/1/2948 1071/1/2631 3013/1/2945
f 3016/1/2948 1072/1/2633 1198/1/2908
f 3017/1/2949 981/1/2247 3018/1/2950
f 3018/1/2950 1160/1/2250 3017/1/2949
f 3019/1/2951 981/1/2247 1213/1/2221
f 3019/1/2951 982/1/2246 3018/1/2950
f 3020/1/2952 1213/1/2221 1151/1/2217
f 3019/1/2951 1152/1/2219 1214/1/2218
f 3017/1/2949 1151/1/2217 1159/1/2248
f 3017/1/2949 1152/1/2219 3020/1/2952
f 3021/1/2953 861/1/2954 3022/1/2955
f 3021/1/2953 862/1/2956 850/1/2608
f 3022/1/2955 875/1/2957 3023/1/2958
f 3022/1/2955 876/1/2959 862/1/2956
f 3024/1/2960 875/1/2957 867/1/2319
f 3024/1/2960 876/1/2959 3023/1/2958
f 3024/1/2960 849/1/2609 3021/1/2953
f 3024/1/2960 850/1/2608 868/1/2321
f 3026/1/2961 1019/1/2562 1021/1/2475
f 3025/1/2962 1022/1/2477 1020/1/2561
f 3027/1/2963 1021/1/2475 1015/1/2965
f 3027/1/2963 1022/1/2477 3026/1/2961
f 3027/1/2963 1017/1/2966 3028/1/2967
f 3028/1/2967 1016/1/2964 3027/1/2963
f 3028/1/2967 1019/1/2562 3025/1/2962
f 3025/1/2962 1018/1/2968 3028/1/2967
f 3029/1/2969 897/1/2529 3030/1/2970
f 3030/1/2970 900/1/2530 3029/1/2969
f 3031/1/2971 897/1/2529 1177/1/2744
f 3030/1/2970 1178/1/2746 898/1/2528
f 3031/1/2971 1179/1/2743 3032/1/2972
f 3032/1/2972 1178/1/2746 3031/1/2971
f 3032/1/2972 899/1/2523 3029/1/2969
f 3029/1/2969 1180/1/2742 3032/1/2972
f 3033/1/2973 1155/1/2843 3034/1/2974
f 3033/1/2973 1156/1/2842 896/1/2525
f 3035/1/2975 1155/1/2843 1153/1/2234
f 3034/1/2974 1154/1/2233 1156/1/2842
f 3036/1/2976 1153/1/2234 903/1/2232
f 3036/1/2976 1154/1/2233 3035/1/2975
f 3033/1/2973 903/1/2232 895/1/2527
f 3033/1/2973 904/1/2230 3036/1/2976
f 3037/1/2977 899/1/2523 3038/1/2978
f 3038/1/2978 980/1/2268 3037/1/2977
f 3038/1/2978 1179/1/2743 3039/1/2979
f 3038/1/2978 1180/1/2742 900/1/2530
f 3039/1/2979 1181/1/2738 3040/1/2980
f 3039/1/2979 1182/1/2740 1180/1/2742
f 3037/1/2977 1181/1/2738 979/1/2269
f 3037/1/2977 1182/1/2740 3040/1/2980
f 3042/1/2981 1057/1/2655 1203/1/2834
f 3042/1/2981 1058/1/2654 3041/1/2982
f 3042/1/2981 1195/1/2832 3043/1/2983
f 3043/1/2983 1204/1/2833 3042/1/2981
f 3043/1/2983 1067/1/2656 3044/1/2984
f 3043/1/2983 1068/1/2658 1196/1/2830
f 3044/1/2984 1057/1/2655 3041/1/2982
f 3041/1/2982 1068/1/2658 3044/1/2984
f 3046/1/2985 855/1/2987 847/1/2603
f 3046/1/2985 856/1/2988 3045/1/2986
f 3046/1/2985 851/1/2610 3047/1/2989
f 3046/1/2985 852/1/2612 848/1/2605
f 3047/1/2989 857/1/2688 3048/1/2990
f 3047/1/2989 858/1/2687 852/1/2612
f 3048/1/2990 855/1/2987 3045/1/2986
f 3048/1/2990 856/1/2988 858/1/2687
f 3049/1/2991 1053/1/2564 3050/1/2992
f 3050/1/2992 1212/1/2222 3049/1/2991
f 3051/1/2993 1053/1/2564 1165/1/2836
f 3050/1/2992 1166/1/2838 1054/1/2566
f 3052/1/2994 1165/1/2836 1161/1/2224
f 3051/1/2993 1162/1/2226 1166/1/2838
f 3052/1/2994 1211/1/2223 3049/1/2991
f 3049/1/2991 1162/1/2226 3052/1/2994
f 3053/1/2995 1163/1/2235 3054/1/2996
f 3053/1/2995 1164/1/2237 928/1/2238
f 3055/1/2997 1163/1/2235 1165/1/2836
f 3055/1/2997 1164/1/2237 3054/1/2996
f 3056/1/2998 1165/1/2836 1053/1/2564
f 3056/1/2998 1166/1/2838 3055/1/2997
f 3053/1/2995 1053/1/2564 927/1/2229
f 3056/1/2998 928/1/2238 1054/1/2566
f 3058/1/2999 901/1/2245 1157/1/2241
f 3057/1/3000 1158/1/2243 902/1/2242
f 3059/1/3001 1157/1/2241 1155/1/2843
f 3058/1/2999 1156/1/2842 1158/1/2243
f 3059/1/3001 895/1/2527 3060/1/3002
f 3060/1/3002 1156/1/2842 3059/1/3001
f 3060/1/3002 901/1/2245 3057/1/3000
f 3060/1/3002 902/1/2242 896/1/2525
f 3062/1/3003 869/1/2315 851/1/2610
f 3061/1/3004 852/1/2612 870/1/2317
f 3062/1/3003 849/1/2609 3063/1/3005
f 3062/1/3003 850/1/2608 852/1/2612
f 3063/1/3005 867/1/2319 3064/1/3006
f 3064/1/3006 850/1/2608 3063/1/3005
f 3061/1/3004 867/1/2319 869/1/2315
f 3064/1/3006 870/1/2317 868/1/2321
f 3066/1/3007 847/1/2603 865/1/3010
f 3065/1/3008 866/1/3009 848/1/2605
f 3066/1/3007 863/1/2926 3067/1/3011
f 3067/1/3011 866/1/3009 3066/1/3007
f 3067/1/3011 853/1/2607 3068/1/3012
f 3068/1/3012 864/1/2934 3067/1/3011
f 3065/1/3008 853/1/2607 847/1/2603
f 3068/1/3012 848/1/2605 854/1/2604
f 3070/1/3013 1045/1/2581 1047/1/2578
f 3070/1/3013 1046/1/2583 3069/1/3014
f 3070/1/3013 1127/1/2594 3071/1/3015
f 3070/1/3013 1128/1/2600 1048/1/2580
f 3071/1/3015 1131/1/2444 3072/1/3016
f 3071/1/3015 1132/1/2443 1128/1/2600
f 3073/1/3017 1131/1/2444 1135/1/2439
f 3073/1/3017 1132/1/2443 3072/1/3016
f 3074/1/3018 1135/1/2439 1049/1/2589
f 3074/1/3018 1136/1/2441 3073/1/3017
f 3074/1/3018 1045/1/2581 3069/1/3014
f 3074/1/3018 1046/1/2583 1050/1/2587
f 3076/1/3019 859/1/2930 861/1/2954
f 3076/1/3019 860/1/2932 3075/1/3020
f 3077/1/3021 861/1/2954 849/1/2609
f 3077/1/3021 862/1/2956 3076/1/3019
f 3078/1/3022 849/1/2609 853/1/2607
f 3078/1/3022 850/1/2608 3077/1/3021
f 3078/1/3022 859/1/2930 3075/1/3020
f 3078/1/3022 860/1/2932 854/1/2604
f 3080/1/3023 1035/1/2512 1219/1/2507
f 3080/1/3023 1036/1/2511 3079/1/3024
f 3080/1/3023 923/1/3025 3081/1/3026
f 3080/1/3023 924/1/3027 1220/1/2509
f 3081/1/3026 925/1/3028 3082/1/3029
f 3081/1/3026 926/1/3030 924/1/3027
f 3082/1/3029 1215/1/2852 3083/1/3031
f 3082/1/3029 1216/1/2851 926/1/3030
f 3084/1/3032 1215/1/2852 953/1/2394
f 3084/1/3032 1216/1/2851 3083/1/3031
f 3085/1/3033 953/1/2394 951/1/2389
f 3085/1/3033 954/1/2393 3084/1/3032
f 3086/1/3034 951/1/2389 1217/1/3036
f 3086/1/3034 952/1/2391 3085/1/3033
f 3086/1/3034 1031/1/3037 3087/1/3038
f 3086/1/3034 1032/1/3039 1218/1/3035
f 3087/1/3038 1033/1/3040 3088/1/3041
f 3087/1/3038 1034/1/3042 1032/1/3039
f 3089/1/3043 1033/1/3040 975/1/3045
f 3089/1/3043 1034/1/3042 3088/1/3041
f 3089/1/3043 871/1/3046 3090/1/3047
f 3089/1/3043 872/1/3048 976/1/3044
f 3091/1/3049 871/1/3046 855/1/2987
f 3091/1/3049 872/1/3048 3090/1/3047
f 3091/1/3049 857/1/2688 3092/1/3050
f 3091/1/3049 858/1/2687 856/1/2988
f 3093/1/3051 857/1/2688 877/1/2683
f 3093/1/3051 858/1/2687 3092/1/3050
f 3093/1/3051 1035/1/2512 3079/1/3024
f 3093/1/3051 1036/1/2511 878/1/2685
f 3094/1/3052 901/1/2245 3095/1/3053
f 3095/1/3053 982/1/2246 3094/1/3052
f 3095/1/3053 899/1/2523 3096/1/3054
f 3095/1/3053 900/1/2530 902/1/2242
f 3096/1/3054 979/1/2269 3097/1/3055
f 3096/1/3054 980/1/2268 900/1/2530
f 3094/1/3052 979/1/2269 981/1/2247
f 3097/1/3055 982/1/2246 980/1/2268
f 3099/1/3056 865/1/3010 847/1/2603
f 3099/1/3056 866/1/3009 3098/1/3057
f 3099/1/3056 855/1/2987 3100/1/3058
f 3099/1/3056 856/1/2988 848/1/2605
f 3101/1/3059 855/1/2987 871/1/3046
f 3101/1/3059 856/1/2988 3100/1/3058
f 3098/1/3057 871/1/3046 865/1/3010
f 3098/1/3057 872/1/3048 3101/1/3059
f 3103/1/3060 955/1/3062 957/1/2484
f 3102/1/3061 958/1/2483 956/1/3065
f 3104/1/3063 957/1/2484 863/1/2926
f 3103/1/3060 864/1/2934 958/1/2483
f 3105/1/3064 863/1/2926 865/1/3010
f 3105/1/3064 864/1/2934 3104/1/3063
f 3105/1/3064 955/1/3062 3102/1/3061
f 3102/1/3061 866/1/3009 3105/1/3064
f 3107/1/3066 1037/1/3068 875/1/2957
f 3107/1/3066 1038/1/3069 3106/1/3067
f 3107/1/3066 861/1/2954 3108/1/3070
f 3107/1/3066 862/1/2956 876/1/2959
f 3109/1/3071 861/1/2954 859/1/2930
f 3109/1/3071 862/1/2956 3108/1/3070
f 3109/1/3071 873/1/2927 3110/1/3072
f 3109/1/3071 874/1/2929 860/1/2932
f 3111/1/3073 873/1/2927 977/1/2479
f 3111/1/3073 874/1/2929 3110/1/3072
f 3111/1/3073 1029/1/2478 3112/1/3074
f 3111/1/3073 1030/1/2476 978/1/2481
f 3113/1/3075 1029/1/2478 1027/1/2557
f 3113/1/3075 1030/1/2476 3112/1/3074
f 3114/1/3076 1027/1/2557 1225/1/3078
f 3114/1/3076 1028/1/2558 3113/1/3075
f 3114/1/3076 947/1/3079 3115/1/3080
f 3114/1/3076 948/1/3081 1226/1/3077
f 3115/1/3080 949/1/3082 3116/1/3083
f 3115/1/3080 950/1/3084 948/1/3081
f 3116/1/3083 1221/1/3085 3117/1/3086
f 3116/1/3083 1222/1/3087 950/1/3084
f 3118/1/3088 1221/1/3085 921/1/2862
f 3118/1/3088 1222/1/3087 3117/1/3086
f 3119/1/3089 921/1/2862 919/1/2859
f 3119/1/3089 922/1/2860 3118/1/3088
f 3120/1/3090 919/1/2859 1223/1/3092
f 3120/1/3090 920/1/2861 3119/1/3089
f 3120/1/3090 1037/1/3068 3106/1/3067
f 3120/1/3090 1038/1/3069 1224/1/3091
f 3122/1/3093 941/1/2375 961/1/2799
f 3122/1/3093 942/1/2377 3121/1/3094
f 3122/1/3093 1227/1/3095 3123/1/3096
f 3122/1/3093 1228/1/3097 962/1/2801
f 3123/1/3096 1229/1/3098 3124/1/3099
f 3123/1/3096 1230/1/3100 1228/1/3097
f 3125/1/3101 1229/1/3098 1231/1/3104
f 3125/1/3101 1230/1/3100 3124/1/3099
f 3126/1/3103 1231/1/3104 1009/1/2554
f 3126/1/3103 1232/1/3102 3125/1/3101
f 3127/1/3105 1009/1/2554 1007/1/2549
f 3127/1/3105 1010/1/2553 3126/1/3103
f 3128/1/3106 1007/1/2549 1233/1/2792
f 3128/1/3106 1008/1/2551 3127/1/3105
f 3128/1/3106 991/1/2573 3129/1/3107
f 3128/1/3106 992/1/2571 1234/1/2790
f 3130/1/3108 991/1/2573 939/1/2378
f 3130/1/3108 992/1/2571 3129/1/3107
f 3130/1/3108 941/1/2375 3121/1/3094
f 3130/1/3108 942/1/2377 940/1/2380
f 3132/1/3109 923/1/3025 887/1/2820
f 3132/1/3109 924/1/3027 3131/1/3110
f 3132/1/3109 891/1/2938 3133/1/3111
f 3132/1/3109 892/1/2940 888/1/2822
f 3134/1/3112 891/1/2938 925/1/3028
f 3134/1/3112 892/1/2940 3133/1/3111
f 3134/1/3112 923/1/3025 3131/1/3110
f 3134/1/3112 924/1/3027 926/1/3030
f 3136/1/3113 897/1/2529 895/1/2527
f 3135/1/3114 896/1/2525 898/1/2528
f 3137/1/3115 895/1/2527 903/1/2232
f 3137/1/3115 896/1/2525 3136/1/3113
f 3138/1/3116 903/1/2232 905/1/2497
f 3138/1/3116 904/1/2230 3137/1/3115
f 3135/1/3114 905/1/2497 897/1/2529
f 3135/1/3114 906/1/2499 3138/1/3116
f 3140/1/3117 907/1/2431 909/1/2798
f 3140/1/3117 908/1/2430 3139/1/3118
f 3140/1/3117 885/1/2374 3141/1/3119
f 3141/1/3119 910/1/2797 3140/1/3117
f 3142/1/3120 885/1/2374 879/1/2422
f 3142/1/3120 886/1/2384 3141/1/3119
f 3139/1/3118 879/1/2422 907/1/2431
f 3142/1/3120 908/1/2430 880/1/2432
f 3143/1/3121 1235/1/2359 3144/1/3122
f 3143/1/3121 1236/1/2358 1006/1/2360
f 3144/1/3122 1239/1/3123 3145/1/3124
f 3144/1/3122 1240/1/3125 1236/1/2358
f 3146/1/3126 1239/1/3123 1241/1/3129
f 3146/1/3126 1240/1/3125 3145/1/3124
f 3147/1/3128 1241/1/3129 959/1/2429
f 3147/1/3128 1242/1/3127 3146/1/3126
f 3147/1/3128 945/1/2423 3148/1/3130
f 3147/1/3128 946/1/2425 960/1/2427
f 3149/1/3131 945/1/2423 943/1/2462
f 3149/1/3131 946/1/2425 3148/1/3130
f 3149/1/3131 993/1/2459 3150/1/3132
f 3149/1/3131 994/1/2461 944/1/2464
f 3151/1/3133 993/1/2459 1237/1/3135
f 3151/1/3133 994/1/2461 3150/1/3132
f 3151/1/3133 1003/1/2515 3152/1/3136
f 3151/1/3133 1004/1/2517 1238/1/3134
f 3152/1/3136 1005/1/2350 3143/1/3121
f 3152/1/3136 1006/1/2360 1004/1/2517
f 3153/1/3137 905/1/2497 3154/1/3138
f 3154/1/3138 898/1/2528 3153/1/3137
f 3154/1/3138 1173/1/2496 3155/1/3139
f 3154/1/3138 1174/1/2500 906/1/2499
f 3155/1/3139 1177/1/2744 3156/1/3140
f 3155/1/3139 1178/1/2746 1174/1/2500
f 3153/1/3137 1177/1/2744 897/1/2529
f 3153/1/3137 1178/1/2746 3156/1/3140
f 3158/1/3141 1009/1/2554 1231/1/3104
f 3158/1/3141 1010/1/2553 3157/1/3142
f 3158/1/3141 1259/1/2724 3159/1/3143
f 3158/1/3141 1260/1/2722 1232/1/3102
f 3160/1/3144 1259/1/2724 1001/1/2545
f 3160/1/3144 1260/1/2722 3159/1/3143
f 3157/1/3142 1001/1/2545 1009/1/2554
f 3157/1/3142 1002/1/2547 3160/1/3144
f 3162/1/3145 1261/1/2354 1271/1/3149
f 3162/1/3145 1262/1/2356 3161/1/3146
f 3163/1/3148 1271/1/3149 1239/1/3123
f 3163/1/3148 1272/1/3147 3162/1/3145
f 3164/1/3150 1239/1/3123 1235/1/2359
f 3164/1/3150 1240/1/3125 3163/1/3148
f 3164/1/3150 1261/1/2354 3161/1/3146
f 3164/1/3150 1262/1/2356 1236/1/2358
f 3165/1/3151 1225/1/3078 3166/1/3152
f 3165/1/3151 1226/1/3077 948/1/3081
f 3167/1/3153 1225/1/3078 1251/1/2341
f 3167/1/3153 1226/1/3077 3166/1/3152
f 3167/1/3153 913/1/2339 3168/1/3154
f 3168/1/3154 1252/1/2340 3167/1/3153
f 3168/1/3154 947/1/3079 3165/1/3151
f 3168/1/3154 948/1/3081 914/1/2348
f 3170/1/3155 973/1/2458 1257/1/3158
f 3169/1/3156 1258/1/3157 974/1/2468
f 3170/1/3155 1237/1/3135 3171/1/3159
f 3170/1/3155 1238/1/3134 1258/1/3157
f 3171/1/3159 993/1/2459 3172/1/3160
f 3172/1/3160 1238/1/3134 3171/1/3159
f 3169/1/3156 993/1/2459 973/1/2458
f 3169/1/3156 994/1/2461 3172/1/3160
f 3174/1/3161 943/1/2462 945/1/2423
f 3174/1/3161 944/1/2464 3173/1/3162
f 3175/1/3163 945/1/2423 879/1/2422
f 3175/1/3163 946/1/2425 3174/1/3161
f 3176/1/3164 879/1/2422 883/1/2467
f 3176/1/3164 880/1/2432 3175/1/3163
f 3176/1/3164 943/1/2462 3173/1/3162
f 3176/1/3164 944/1/2464 884/1/2466
f 3178/1/3165 917/1/2490 949/1/3082
f 3178/1/3165 918/1/2492 3177/1/3166
f 3178/1/3165 947/1/3079 3179/1/3167
f 3178/1/3165 948/1/3081 950/1/3084
f 3180/1/3168 947/1/3079 913/1/2339
f 3180/1/3168 948/1/3081 3179/1/3167
f 3177/1/3166 913/1/2339 917/1/2490
f 3180/1/3168 918/1/2492 914/1/2348
f 3182/1/3169 1271/1/3149 1273/1/3172
f 3182/1/3169 1272/1/3147 3181/1/3170
f 3182/1/3169 1241/1/3129 3183/1/3173
f 3182/1/3169 1242/1/3127 1274/1/3171
f 3184/1/3174 1241/1/3129 1239/1/3123
f 3184/1/3174 1242/1/3127 3183/1/3173
f 3184/1/3174 1271/1/3149 3181/1/3170
f 3184/1/3174 1272/1/3147 1240/1/3125
f 3186/1/3175 905/1/2497 903/1/2232
f 3186/1/3175 906/1/2499 3185/1/3176
f 3186/1/3175 927/1/2229 3187/1/3177
f 3187/1/3177 904/1/2230 3186/1/3175
f 3188/1/3178 927/1/2229 929/1/2279
f 3187/1/3177 930/1/2277 928/1/2238
f 3188/1/3178 905/1/2497 3185/1/3176
f 3188/1/3178 906/1/2499 930/1/2277
f 3190/1/3179 1109/1/2883 1093/1/2699
f 3190/1/3179 1110/1/2881 3189/1/3180
f 3191/1/3181 1093/1/2699 1099/1/2327
f 3191/1/3181 1094/1/2701 3190/1/3179
f 3191/1/3181 1105/1/2730 3192/1/3182
f 3191/1/3181 1106/1/2728 1100/1/2329
f 3189/1/3180 1105/1/2730 1109/1/2883
f 3189/1/3180 1106/1/2728 3192/1/3182
f 3194/1/3183 955/1/3062 1015/1/2965
f 3193/1/3184 1016/1/2964 956/1/3065
f 3194/1/3183 1021/1/2475 3195/1/3185
f 3195/1/3185 1016/1/2964 3194/1/3183
f 3195/1/3185 957/1/2484 3196/1/3186
f 3196/1/3186 1022/1/2477 3195/1/3185
f 3193/1/3184 957/1/2484 955/1/3062
f 3196/1/3186 956/1/3065 958/1/2483
f 3198/1/3187 1275/1/3189 1229/1/3098
f 3198/1/3187 1276/1/3190 3197/1/3188
f 3198/1/3187 1227/1/3095 3199/1/3191
f 3198/1/3187 1228/1/3097 1230/1/3100
f 3200/1/3192 1227/1/3095 1277/1/3194
f 3200/1/3192 1228/1/3097 3199/1/3191
f 3200/1/3192 1275/1/3189 3197/1/3188
f 3200/1/3192 1276/1/3190 1278/1/3193
f 3202/1/3195 975/1/3045 955/1/3062
f 3202/1/3195 976/1/3044 3201/1/3196
f 3202/1/3195 865/1/3010 3203/1/3197
f 3202/1/3195 866/1/3009 956/1/3065
f 3203/1/3197 871/1/3046 3204/1/3198
f 3203/1/3197 872/1/3048 866/1/3009
f 3204/1/3198 975/1/3045 3201/1/3196
f 3204/1/3198 976/1/3044 872/1/3048
f 3206/1/3199 951/1/2389 915/1/2345
f 3206/1/3199 952/1/2391 3205/1/3200
f 3207/1/3201 915/1/2345 1253/1/2342
f 3206/1/3199 1254/1/2344 916/1/2347
f 3207/1/3201 1217/1/3036 3208/1/3202
f 3207/1/3201 1218/1/3035 1254/1/2344
f 3205/1/3200 1217/1/3036 951/1/2389
f 3205/1/3200 1218/1/3035 3208/1/3202
f 3210/1/3203 1263/1/3205 1245/1/2407
f 3210/1/3203 1264/1/3206 3209/1/3204
f 3211/1/3207 1245/1/2407 1243/1/2403
f 3211/1/3207 1246/1/2404 3210/1/3203
f 3211/1/3207 1265/1/3208 3212/1/3209
f 3211/1/3207 1266/1/3210 1244/1/2405
f 3209/1/3204 1265/1/3208 1263/1/3205
f 3209/1/3204 1266/1/3210 3212/1/3209
f 3214/1/3211 889/1/2863 921/1/2862
f 3214/1/3211 890/1/2865 3213/1/3212
f 3215/1/3213 921/1/2862 1221/1/3085
f 3215/1/3213 922/1/2860 3214/1/3211
f 3215/1/3213 1285/1/2489 3216/1/3214
f 3215/1/3213 1286/1/2488 1222/1/3087
f 3213/1/3212 1285/1/2489 889/1/2863
f 3213/1/3212 1286/1/2488 3216/1/3214
f 3217/1/3215 1219/1/2507 3218/1/3216
f 3218/1/3216 924/1/3027 3217/1/3215
f 3219/1/3217 1219/1/2507 1281/1/2506
f 3219/1/3217 1220/1/2509 3218/1/3216
f 3220/1/3218 1281/1/2506 887/1/2820
f 3219/1/3217 888/1/2822 1282/1/2505
f 3220/1/3218 923/1/3025 3217/1/3215
f 3220/1/3218 924/1/3027 888/1/2822
f 3222/1/3219 971/1/2576 1255/1/2794
f 3221/1/3220 1256/1/2793 972/1/2574
f 3222/1/3219 1257/1/3158 3223/1/3221
f 3222/1/3219 1258/1/3157 1256/1/2793
f 3223/1/3221 973/1/2458 3224/1/3222
f 3224/1/3222 1258/1/3157 3223/1/3221
f 3221/1/3220 973/1/2458 971/1/2576
f 3224/1/3222 972/1/2574 974/1/2468
f 3225/1/3223 955/1/3062 3226/1/3224
f 3226/1/3224 1016/1/2964 3225/1/3223
f 3226/1/3224 975/1/3045 3227/1/3225
f 3226/1/3224 976/1/3044 956/1/3065
f 3228/1/3226 975/1/3045 1033/1/3040
f 3228/1/3226 976/1/3044 3227/1/3225
f 3228/1/3226 1015/1/2965 3225/1/3223
f 3228/1/3226 1016/1/2964 1034/1/3042
f 3229/1/3227 983/1/2260 3230/1/3228
f 3230/1/3228 986/1/2261 3229/1/3227
f 3230/1/3228 1039/1/2304 3231/1/3229
f 3230/1/3228 1040/1/2306 984/1/2258
f 3232/1/3230 1039/1/2304 1041/1/2303
f 3232/1/3230 1040/1/2306 3231/1/3229
f 3229/1/3227 1041/1/2303 985/1/2262
f 3229/1/3227 1042/1/2302 3232/1/3230
f 3233/1/3231 1275/1/3189 3234/1/3232
f 3233/1/3231 1276/1/3190 1230/1/3100
f 3234/1/3232 1259/1/2724 3235/1/3233
f 3234/1/3232 1260/1/2722 1276/1/3190
f 3236/1/3234 1259/1/2724 1231/1/3104
f 3236/1/3234 1260/1/2722 3235/1/3233
f 3236/1/3234 1229/1/3098 3233/1/3231
f 3236/1/3234 1230/1/3100 1232/1/3102
f 3237/1/3235 1053/1/2564 3238/1/3236
f 3238/1/3236 1052/1/2280 3237/1/3235
f 3239/1/3237 1053/1/2564 1211/1/2223
f 3239/1/3237 1054/1/2566 3238/1/3236
f 3239/1/3237 1207/1/2398 3240/1/3238
f 3239/1/3237 1208/1/2397 1212/1/2222
f 3237/1/3235 1207/1/2398 1051/1/2281
f 3237/1/3235 1208/1/2397 3240/1/3238
f 3242/1/3239 1273/1/3172 1271/1/3149
f 3241/1/3240 1272/1/3147 1274/1/3171
f 3242/1/3239 1275/1/3189 3243/1/3241
f 3242/1/3239 1276/1/3190 1272/1/3147
f 3243/1/3241 1277/1/3194 3244/1/3242
f 3244/1/3242 1276/1/3190 3243/1/3241
f 3244/1/3242 1273/1/3172 3241/1/3240
f 3241/1/3240 1278/1/3193 3244/1/3242
f 3245/1/3243 1043/1/2309 3246/1/3245
f 3245/1/3243 1044/1/2308 1014/1/3248
f 3246/1/3245 1039/1/2304 3247/1/3246
f 3247/1/3246 1044/1/2308 3246/1/3245
f 3248/1/3247 1039/1/2304 983/1/2260
f 3248/1/3247 1040/1/2306 3247/1/3246
f 3245/1/3243 983/1/2260 1013/1/3244
f 3248/1/3247 1014/1/3248 984/1/2258
f 3249/1/3249 1037/1/3068 3250/1/3250
f 3249/1/3249 1038/1/3069 1024/1/2323
f 3250/1/3250 1223/1/3092 3251/1/3251
f 3250/1/3250 1224/1/3091 1038/1/3069
f 3252/1/3252 1223/1/3092 1279/1/2817
f 3252/1/3252 1224/1/3091 3251/1/3251
f 3252/1/3252 1023/1/2324 3249/1/3249
f 3252/1/3252 1024/1/2323 1280/1/2815
f 3254/1/3253 977/1/2479 873/1/2927
f 3254/1/3253 978/1/2481 3253/1/3254
f 3255/1/3255 873/1/2927 863/1/2926
f 3255/1/3255 874/1/2929 3254/1/3253
f 3256/1/3256 863/1/2926 957/1/2484
f 3256/1/3256 864/1/2934 3255/1/3255
f 3256/1/3256 977/1/2479 3253/1/3254
f 3256/1/3256 978/1/2481 958/1/2483
f 3258/1/3257 883/1/2467 881/1/2383
f 3257/1/3258 882/1/2382 884/1/2466
f 3259/1/3259 881/1/2383 971/1/2576
f 3258/1/3257 972/1/2574 882/1/2382
f 3260/1/3260 971/1/2576 973/1/2458
f 3259/1/3259 974/1/2468 972/1/2574
f 3260/1/3260 883/1/2467 3257/1/3258
f 3257/1/3258 974/1/2468 3260/1/3260
f 3262/1/3261 1031/1/3037 1017/1/2966
f 3262/1/3261 1032/1/3039 3261/1/3262
f 3262/1/3261 1015/1/2965 3263/1/3263
f 3262/1/3261 1016/1/2964 1018/1/2968
f 3264/1/3264 1015/1/2965 1033/1/3040
f 3264/1/3264 1016/1/2964 3263/1/3263
f 3264/1/3264 1031/1/3037 3261/1/3262
f 3264/1/3264 1032/1/3039 1034/1/3042
f 3265/1/3265 1199/1/2904 3266/1/3266
f 3266/1/3266 1202/1/2207 3265/1/3265
f 3267/1/3267 1199/1/2904 1189/1/2890
f 3266/1/3266 1190/1/2888 1200/1/2910
f 3267/1/3267 1193/1/2209 3268/1/3268
f 3268/1/3268 1190/1/2888 3267/1/3267
f 3268/1/3268 1201/1/2205 3265/1/3265
f 3265/1/3265 1194/1/2211 3268/1/3268
f 3270/1/3269 1263/1/3205 1265/1/3208
f 3269/1/3270 1266/1/3210 1264/1/3206
f 3270/1/3269 1269/1/2411 3271/1/3271
f 3270/1/3269 1270/1/2413 1266/1/3210
f 3271/1/3271 1267/1/2410 3272/1/3272
f 3272/1/3272 1270/1/2413 3271/1/3271
f 3269/1/3270 1267/1/2410 1263/1/3205
f 3272/1/3272 1264/1/3206 1268/1/2420
f 3273/1/3273 1223/1/3092 3274/1/3274
f 3273/1/3273 1224/1/3091 1280/1/2815
f 3275/1/3275 1223/1/3092 919/1/2859
f 3274/1/3274 920/1/2861 1224/1/3091
f 3276/1/3276 919/1/2859 893/1/2819
f 3276/1/3276 920/1/2861 3275/1/3275
f 3276/1/3276 1279/1/2817 3273/1/3273
f 3273/1/3273 894/1/2818 3276/1/3276
f 3278/1/3277 1281/1/2506 1025/1/2314
f 3277/1/3278 1026/1/2318 1282/1/2505
f 3278/1/3277 1023/1/2324 3279/1/3279
f 3278/1/3277 1024/1/2323 1026/1/2318
f 3279/1/3279 1279/1/2817 3280/1/3280
f 3280/1/3280 1024/1/2323 3279/1/3279
f 3277/1/3278 1279/1/2817 1281/1/2506
f 3280/1/3280 1282/1/2505 1280/1/2815
f 3281/1/3281 1261/1/2354 3282/1/3282
f 3282/1/3282 1272/1/3147 3281/1/3281
f 3283/1/3283 1261/1/2354 1259/1/2724
f 3282/1/3282 1260/1/2722 1262/1/2356
f 3284/1/3284 1259/1/2724 1275/1/3189
f 3283/1/3283 1276/1/3190 1260/1/2722
f 3284/1/3284 1271/1/3149 3281/1/3281
f 3281/1/3281 1276/1/3190 3284/1/3284
f 3285/1/3285 889/1/2863 3286/1/3286
f 3286/1/3286 892/1/2940 3285/1/3285
f 3287/1/3287 889/1/2863 1285/1/2489
f 3286/1/3286 1286/1/2488 890/1/2865
f 3288/1/3288 1285/1/2489 1283/1/2487
f 3287/1/3287 1284/1/2494 1286/1/2488
f 3288/1/3288 891/1/2938 3285/1/3285
f 3285/1/3285 1284/1/2494 3288/1/3288
f 3289/1/3289 917/1/2490 3290/1/3290
f 3289/1/3289 918/1/2492 950/1/3084
f 3290/1/3290 1285/1/2489 3291/1/3291
f 3290/1/3290 1286/1/2488 918/1/2492
f 3292/1/3292 1285/1/2489 1221/1/3085
f 3292/1/3292 1286/1/2488 3291/1/3291
f 3292/1/3292 949/1/3082 3289/1/3289
f 3292/1/3292 950/1/3084 1222/1/3087
f 3294/1/3293 931/1/2362 937/1/2371
f 3293/1/3294 938/1/2370 932/1/2372
f 3295/1/3295 937/1/2371 933/1/2447
f 3294/1/3293 934/1/2449 938/1/2370
f 3295/1/3295 935/1/2446 3296/1/3296
f 3296/1/3296 934/1/2449 3295/1/3295
f 3296/1/3296 931/1/2362 3293/1/3294
f 3293/1/3294 936/1/2456 3296/1/3296
f 3298/1/3297 1185/1/2871 1189/1/2890
f 3298/1/3297 1186/1/2869 3297/1/3298
f 3299/1/3299 1189/1/2890 1199/1/2904
f 3298/1/3297 1200/1/2910 1190/1/2888
f 3300/1/3300 1199/1/2904 1197/1/2909
f 3300/1/3300 1200/1/2910 3299/1/3299
f 3297/1/3298 1197/1/2909 1185/1/2871
f 3297/1/3298 1198/1/2908 3300/1/3300
f 3302/1/3301 1109/1/2883 1113/1/2539
f 3302/1/3301 1110/1/2881 3301/1/3302
f 3303/1/3303 1113/1/2539 1089/1/2536
f 3303/1/3303 1114/1/2541 3302/1/3301
f 3304/1/3304 1089/1/2536 1093/1/2699
f 3304/1/3304 1090/1/2538 3303/1/3303
f 3304/1/3304 1109/1/2883 3301/1/3302
f 3304/1/3304 1110/1/2881 1094/1/2701
f 3306/1/3305 875/1/2957 1037/1/3068
f 3305/1/3306 1038/1/3069 876/1/2959
f 3307/1/3307 1037/1/3068 1023/1/2324
f 3307/1/3307 1038/1/3069 3306/1/3305
f 3307/1/3307 867/1/2319 3308/1/3308
f 3308/1/3308 1024/1/2323 3307/1/3307
f 3308/1/3308 875/1/2957 3305/1/3306
f 3308/1/3308 876/1/2959 868/1/2321
f 3309/1/3309 1185/1/2871 3310/1/3310
f 3309/1/3309 1186/1/2869 1184/1/2618
f 3311/1/3311 1185/1/2871 1197/1/2909
f 3310/1/3310 1198/1/2908 1186/1/2869
f 3312/1/3312 1197/1/2909 1195/1/2832
f 3311/1/3311 1196/1/2830 1198/1/2908
f 3309/1/3309 1195/1/2832 1183/1/2614
f 3312/1/3312 1184/1/2618 1196/1/2830
f 3314/1/3313 1191/1/2214 1187/1/2615
f 3313/1/3314 1188/1/2617 1192/1/2213
f 3314/1/3313 1203/1/2834 3315/1/3315
f 3314/1/3313 1204/1/2833 1188/1/2617
f 3316/1/3316 1203/1/2834 1205/1/2204
f 3316/1/3316 1204/1/2833 3315/1/3315
f 3313/1/3314 1205/1/2204 1191/1/2214
f 3313/1/3314 1206/1/2208 3316/1/3316
f 3317/1/3317 983/1/2260 3318/1/3318
f 3318/1/3318 1014/1/3248 3317/1/3317
f 3319/1/3319 983/1/2260 989/1/2253
f 3318/1/3318 990/1/2255 984/1/2258
f 3320/1/3320 989/1/2253 1011/1/2591
f 3319/1/3319 1012/1/2590 990/1/2255
f 3320/1/3320 1013/1/3244 3317/1/3317
f 3317/1/3317 1012/1/2590 3320/1/3320
f 3321/1/3321 1283/1/2487 3322/1/3322
f 3321/1/3321 1284/1/2494 892/1/2940
f 3323/1/3323 1283/1/2487 1215/1/2852
f 3323/1/3323 1284/1/2494 3322/1/3322
f 3323/1/3323 925/1/3028 3324/1/3324
f 3323/1/3323 926/1/3030 1216/1/2851
f 3324/1/3324 891/1/2938 3321/1/3321
f 3324/1/3324 892/1/2940 926/1/3030
f 3326/1/3325 5/1/390 1/1/386
f 3326/1/3325 3325/1/3326 2/1/388
f 3326/1/3325 3327/1/3327 41/1/288
f 3326/1/3325 6/1/391 42/1/290
f 3328/1/3328 43/1/294 41/1/288
f 3328/1/3328 3327/1/3327 42/1/290
f 3328/1/3328 3325/1/3326 1/1/386
f 3328/1/3328 44/1/293 2/1/388
