# Blender 5.1.1
# www.blender.org
mtllib left festive fist final ver.mtl
o RenderMesh_112249900602211
v -0.390071 0.554095 0.157402
v -0.398656 0.534711 0.139716
v -0.404581 0.542026 0.152767
v -0.408650 0.526866 0.164226
v -0.399235 0.543460 0.173039
v -0.398204 0.523775 0.180323
v -0.379626 0.551004 0.173498
v -0.383693 0.535844 0.184959
v -0.370823 0.526474 0.182611
v -0.365403 0.546673 0.167338
v -0.390159 0.510392 0.176434
v -0.404075 0.514511 0.154986
v -0.356613 0.491601 0.144191
v -0.345772 0.500618 0.147655
v -0.364416 0.493911 0.132166
v -0.361377 0.505237 0.123603
v -0.350535 0.514254 0.127066
v -0.342733 0.511944 0.139092
v -0.379321 0.550792 0.145892
v -0.344032 -0.185257 -0.152797
v -0.343484 -0.169899 -0.164697
v -0.341884 -0.188974 -0.173370
v -0.334415 -0.180421 -0.140837
v -0.335595 -0.201949 -0.158083
v -0.334499 -0.171233 -0.181878
v -0.326061 -0.187924 -0.187161
v -0.333686 -0.159956 -0.156689
v -0.326608 -0.203282 -0.175264
v -0.310471 -0.183975 -0.186624
v -0.321713 -0.161734 -0.179583
v -0.286953 -0.155159 -0.139057
v -0.280239 -0.156155 -0.151892
v -0.287361 -0.166633 -0.130166
v -0.273935 -0.168626 -0.155840
v -0.281057 -0.179103 -0.134114
v -0.274344 -0.180099 -0.146951
v -0.323172 -0.202661 -0.147876
v -0.311198 -0.204438 -0.170770
v 0.292568 0.048336 -0.256436
v 0.300385 0.064994 -0.250179
v 0.313536 0.049603 -0.255820
v 0.302532 0.031726 -0.254848
v 0.280782 0.046071 -0.245715
v 0.320314 0.031773 -0.247004
v 0.291198 0.068266 -0.237379
v 0.328132 0.048431 -0.240746
v 0.318166 0.065041 -0.242334
v 0.314891 0.068328 -0.226925
v 0.277551 0.051083 -0.192252
v 0.271710 0.038637 -0.196926
v 0.290835 0.051117 -0.186390
v 0.279156 0.026227 -0.195740
v 0.328168 0.046196 -0.224809
v 0.298279 0.038707 -0.185204
v 0.292440 0.026262 -0.189878
v 0.317751 0.024001 -0.233147
v 0.294060 0.023938 -0.243600
v 0.166571 -0.252652 0.366899
v 0.156921 -0.239647 0.377646
v 0.155256 -0.259883 0.383065
v 0.150604 -0.230136 0.366307
v 0.141058 -0.245037 0.387499
v 0.160359 -0.271046 0.366007
v 0.163461 -0.247463 0.351987
v 0.119172 -0.229639 0.327194
v 0.144497 -0.276435 0.375859
v 0.126382 -0.239356 0.319167
v 0.129469 -0.237317 0.379435
v 0.107322 -0.233666 0.334556
v 0.134847 -0.263430 0.386606
v 0.121192 -0.261826 0.378243
v 0.102681 -0.247409 0.333887
v 0.134049 -0.279153 0.363925
v 0.109889 -0.257124 0.325859
v 0.121740 -0.253098 0.318498
v 0.155184 -0.271972 0.350797
v 0.226263 0.415895 0.249787
v 0.238383 0.400993 0.246823
v 0.243405 0.419471 0.238165
v 0.211946 0.408925 0.247468
v 0.225581 0.430548 0.237039
v 0.249819 0.400744 0.231111
v 0.237016 0.430300 0.221326
v 0.249136 0.415398 0.218361
v 0.242421 0.408263 0.205596
v 0.226274 0.428120 0.209545
v 0.211036 0.428450 0.230481
v 0.191802 0.396157 0.191996
v 0.183255 0.396342 0.203734
v 0.200854 0.385023 0.189780
v 0.183768 0.385395 0.213259
v 0.201365 0.374076 0.199305
v 0.192821 0.374261 0.211045
v 0.243331 0.388738 0.222583
v 0.228094 0.389068 0.243518
v 0.354724 -0.069865 0.084061
v 0.363987 -0.059274 0.107817
v 0.362134 -0.075453 0.097208
v 0.349930 -0.089465 0.102907
v 0.357669 -0.076708 0.117705
v 0.353638 -0.057107 0.124123
v 0.341434 -0.071118 0.129821
v 0.339579 -0.087297 0.119213
v 0.327143 -0.064088 0.127517
v 0.343404 -0.045419 0.119924
v 0.357194 -0.048308 0.098196
v 0.306337 -0.033968 0.088097
v 0.314070 -0.035588 0.075914
v 0.297220 -0.044436 0.092355
v 0.312686 -0.047675 0.067989
v 0.295835 -0.056523 0.084429
v 0.303567 -0.058143 0.072246
v 0.324672 -0.085646 0.113382
v 0.338462 -0.088533 0.091654
v 0.294086 -0.148364 -0.233269
v 0.307270 -0.161036 -0.226686
v 0.299655 -0.164104 -0.246033
v 0.302091 -0.163576 -0.211662
v 0.307737 -0.179130 -0.233764
v 0.281369 -0.153788 -0.246928
v 0.284523 -0.146692 -0.220433
v 0.281835 -0.171883 -0.254006
v 0.263455 -0.181150 -0.184900
v 0.253604 -0.171683 -0.189817
v 0.263804 -0.194669 -0.190186
v 0.244104 -0.175734 -0.200023
v 0.302714 -0.187686 -0.221093
v 0.254303 -0.198721 -0.200391
v 0.267579 -0.153918 -0.238633
v 0.244453 -0.189253 -0.205309
v 0.268201 -0.178029 -0.248063
v 0.285769 -0.194912 -0.239293
v 0.295020 -0.184555 -0.247422
v 0.027610 0.517900 0.368562
v 0.040265 0.530572 0.376115
v 0.019866 0.533640 0.380136
v 0.050122 0.533111 0.363652
v 0.034556 0.548666 0.380325
v 0.009248 0.523324 0.365218
v 0.033262 0.516228 0.353588
v 0.003541 0.541419 0.369429
v 0.016194 0.554091 0.376982
v 0.001191 0.547565 0.354743
v 0.018052 0.564448 0.364806
v 0.042517 0.557222 0.369263
v 0.033842 0.568256 0.317329
v 0.047560 0.564205 0.319827
v 0.051825 0.550686 0.316683
v 0.042371 0.541219 0.311040
v 0.024389 0.558789 0.311686
v 0.028654 0.545270 0.308541
v 0.008796 0.523454 0.349133
vn -0.2631 0.9597 -0.0989
vn -0.5891 0.2061 -0.7813
vn -0.8244 0.4928 -0.2782
vn -0.9818 -0.0941 0.1647
vn -0.6377 0.5660 0.5225
vn -0.5778 -0.2132 0.7878
vn 0.1409 0.8399 0.5242
vn -0.0159 0.2539 0.9671
vn 0.4819 -0.1109 0.8692
vn 0.6904 0.6664 0.2815
vn -0.2622 -0.7297 0.6315
vn -0.7976 -0.5712 -0.1937
vn -0.0596 -0.8882 0.4556
vn 0.6679 -0.2833 0.6882
vn -0.5826 -0.7333 -0.3504
vn -0.3788 0.0266 -0.9251
vn 0.3484 0.6314 -0.6928
vn 0.8718 0.4765 0.1139
vn 0.1549 0.8249 -0.5437
vn -0.9116 -0.1445 0.3849
vn -0.8903 0.4492 -0.0752
vn -0.8552 -0.2981 -0.4241
vn -0.5321 0.0429 0.8456
vn -0.5850 -0.7907 0.1807
vn -0.5427 0.3976 -0.7399
vn -0.2167 -0.2485 -0.9441
vn -0.5045 0.8306 0.2356
vn -0.2374 -0.8422 -0.4840
vn 0.3885 -0.0929 -0.9167
vn -0.0438 0.7623 -0.6457
vn -0.2290 0.9040 0.3609
vn 0.2213 0.8372 -0.5001
vn -0.2564 0.1344 0.9572
vn 0.6446 0.0001 -0.7645
vn 0.1665 -0.7021 0.6924
vn 0.6167 -0.7689 -0.1686
vn -0.0999 -0.8125 0.5744
vn 0.3608 -0.8808 -0.3065
vn -0.4249 0.0984 -0.8999
vn -0.1229 0.7429 -0.6580
vn 0.3986 0.1526 -0.9043
vn -0.0396 -0.5437 -0.8383
vn -0.8782 0.0104 -0.4783
vn 0.6483 -0.5419 -0.5348
vn -0.4774 0.8645 -0.1574
vn 0.9507 0.1025 -0.2927
vn 0.5652 0.7451 -0.3542
vn 0.4343 0.8669 0.2448
vn -0.5901 0.7976 0.1252
vn -0.9814 -0.0370 -0.1881
vn 0.3014 0.8001 0.5186
vn -0.4821 -0.8694 -0.1086
vn 0.9452 0.0147 0.3262
vn 0.8006 -0.0328 0.5982
vn 0.4095 -0.8668 0.2846
vn 0.5444 -0.8388 0.0054
vn -0.3673 -0.8412 -0.3968
vn 0.9886 0.0565 0.1394
vn 0.6147 0.5602 0.5553
vn 0.5687 -0.2304 0.7896
vn 0.3663 0.9236 0.1126
vn 0.0016 0.3511 0.9363
vn 0.7483 -0.6550 0.1048
vn 0.8611 0.2569 -0.4388
vn 0.1824 0.9740 -0.1342
vn 0.1339 -0.8636 0.4862
vn 0.6660 0.3223 -0.6728
vn -0.4470 0.6474 0.6174
vn -0.6126 0.7039 0.3595
vn -0.2387 -0.3604 0.9017
vn -0.7655 -0.2957 0.5715
vn -0.9238 -0.2179 0.3147
vn -0.2707 -0.9624 0.0206
vn -0.4403 -0.8695 -0.2238
vn 0.3546 -0.5995 -0.7175
vn 0.5422 -0.6860 -0.4851
vn 0.0280 0.3251 0.9453
vn 0.4969 -0.2514 0.8306
vn 0.7135 0.4785 0.5118
vn -0.5259 0.0525 0.8489
vn 0.0016 0.8920 0.4521
vn 0.9392 -0.2611 0.2231
vn 0.4440 0.8824 -0.1558
vn 0.9128 0.3057 -0.2707
vn 0.6463 0.0275 -0.7626
vn 0.0250 0.7915 -0.6106
vn -0.5617 0.8040 0.1951
vn -0.1963 0.6262 -0.7546
vn -0.7691 0.6383 0.0325
vn 0.4113 -0.1209 -0.9034
vn -0.7349 -0.0960 0.6714
vn 0.4452 -0.8555 -0.2644
vn -0.1276 -0.8428 0.5228
vn 0.6813 -0.7238 -0.1090
vn 0.0950 -0.7111 0.6966
vn 0.5929 -0.1476 -0.7916
vn 0.9575 0.2598 0.1252
vn 0.8858 -0.3660 -0.2852
vn 0.4133 -0.9083 -0.0646
vn 0.7362 -0.4281 0.5242
vn 0.5571 0.3436 0.7560
vn 0.0850 -0.1984 0.9764
vn 0.0133 -0.8243 0.5661
vn -0.4687 0.0751 0.8801
vn 0.1570 0.7935 0.5879
vn 0.6876 0.6824 -0.2482
vn -0.0740 0.9078 0.4128
vn 0.4447 0.7992 -0.4044
vn -0.6856 0.2057 0.6984
vn 0.3518 -0.0116 -0.9360
vn -0.7785 -0.6051 0.1667
vn -0.2599 -0.7137 -0.6504
vn -0.5638 -0.7543 0.3362
vn -0.0335 -0.8657 -0.4995
vn 0.4027 0.8943 -0.1951
vn 0.9127 0.4043 0.0593
vn 0.6382 0.2946 -0.7112
vn 0.7057 0.3028 0.6405
vn 0.9307 -0.2962 -0.2146
vn -0.0893 0.6845 -0.7236
vn 0.0297 0.9525 0.3031
vn -0.0713 -0.0156 -0.9973
vn 0.4926 0.2050 0.8458
vn -0.1681 0.8400 0.5159
vn 0.5160 -0.7018 0.4911
vn -0.8054 0.5682 -0.1686
vn 0.7296 -0.6249 0.2777
vn -0.1213 -0.9737 -0.1931
vn -0.6223 0.6745 -0.3973
vn -0.7818 -0.3390 -0.5233
vn -0.5984 -0.2533 -0.7601
vn 0.0773 -0.9031 -0.4225
vn 0.4389 -0.5058 -0.7427
vn 0.0529 -0.8943 0.4444
vn 0.5424 -0.4041 0.7366
vn -0.2547 -0.2946 0.9210
vn 0.9200 -0.3029 0.2488
vn 0.3216 0.2959 0.8995
vn -0.6572 -0.6848 0.3148
vn 0.2712 -0.9525 -0.1384
vn -0.8785 0.0161 0.4775
vn -0.3887 0.5058 0.7701
vn -0.9629 0.2530 -0.0941
vn -0.3140 0.9030 0.2932
vn 0.6273 0.6249 0.4647
vn -0.2283 0.9736 0.0022
vn 0.6918 0.7018 0.1697
vn 0.9779 -0.2050 -0.0412
vn 0.3437 -0.8402 -0.4194
vn -0.8624 0.3386 -0.3764
vn -0.5763 -0.5682 -0.5873
vn -0.6702 -0.6745 -0.3099
vt 0.000000 0.000000
s 1
f 1/1/1 2/1/2 3/1/3
f 2/1/2 4/1/4 3/1/3
f 3/1/3 4/1/4 5/1/5
f 1/1/1 3/1/3 5/1/5
f 4/1/4 6/1/6 5/1/5
f 7/1/7 1/1/1 5/1/5
f 8/1/8 7/1/7 5/1/5
f 6/1/6 8/1/8 5/1/5
f 9/1/9 7/1/7 8/1/8
f 6/1/6 9/1/9 8/1/8
f 10/1/10 1/1/1 7/1/7
f 7/1/7 9/1/9 10/1/10
f 9/1/9 6/1/6 11/1/11
f 12/1/12 6/1/6 4/1/4
f 6/1/6 12/1/12 11/1/11
f 4/1/4 2/1/2 12/1/12
f 13/1/13 9/1/9 11/1/11
f 12/1/12 13/1/13 11/1/11
f 9/1/9 13/1/13 14/1/14
f 14/1/14 10/1/10 9/1/9
f 13/1/13 12/1/12 15/1/15
f 2/1/2 15/1/15 12/1/12
f 15/1/15 2/1/2 16/1/16
f 2/1/2 17/1/17 16/1/16
f 10/1/10 14/1/14 18/1/18
f 17/1/17 2/1/2 19/1/19
f 19/1/19 18/1/18 17/1/17
f 18/1/18 19/1/19 10/1/10
f 2/1/2 1/1/1 19/1/19
f 1/1/1 10/1/10 19/1/19
f 20/1/20 21/1/21 22/1/22
f 23/1/23 21/1/21 20/1/20
f 24/1/24 20/1/20 22/1/22
f 23/1/23 20/1/20 24/1/24
f 21/1/21 25/1/25 22/1/22
f 25/1/25 26/1/26 22/1/22
f 27/1/27 25/1/25 21/1/21
f 21/1/21 23/1/23 27/1/27
f 26/1/26 28/1/28 22/1/22
f 28/1/28 24/1/24 22/1/22
f 26/1/26 25/1/25 29/1/29
f 29/1/29 28/1/28 26/1/26
f 25/1/25 27/1/27 30/1/30
f 30/1/30 29/1/29 25/1/25
f 31/1/31 30/1/30 27/1/27
f 31/1/31 27/1/27 23/1/23
f 30/1/30 31/1/31 32/1/32
f 32/1/32 29/1/29 30/1/30
f 23/1/23 33/1/33 31/1/31
f 29/1/29 32/1/32 34/1/34
f 23/1/23 35/1/35 33/1/33
f 29/1/29 34/1/34 36/1/36
f 35/1/35 23/1/23 37/1/37
f 37/1/37 23/1/23 24/1/24
f 38/1/38 36/1/36 35/1/35
f 35/1/35 37/1/37 38/1/38
f 36/1/36 38/1/38 29/1/29
f 24/1/24 38/1/38 37/1/37
f 28/1/28 29/1/29 38/1/38
f 38/1/38 24/1/24 28/1/28
f 39/1/39 40/1/40 41/1/41
f 42/1/42 39/1/39 41/1/41
f 42/1/42 43/1/43 39/1/39
f 43/1/43 40/1/40 39/1/39
f 44/1/44 42/1/42 41/1/41
f 40/1/40 43/1/43 45/1/45
f 46/1/46 44/1/44 41/1/41
f 40/1/40 47/1/47 41/1/41
f 47/1/47 46/1/46 41/1/41
f 45/1/45 48/1/48 40/1/40
f 40/1/40 48/1/48 47/1/47
f 49/1/49 48/1/48 45/1/45
f 43/1/43 49/1/49 45/1/45
f 43/1/43 50/1/50 49/1/49
f 48/1/48 49/1/49 51/1/51
f 43/1/43 52/1/52 50/1/50
f 53/1/53 47/1/47 48/1/48
f 51/1/51 53/1/53 48/1/48
f 47/1/47 53/1/53 46/1/46
f 53/1/53 44/1/44 46/1/46
f 53/1/53 51/1/51 54/1/54
f 55/1/55 53/1/53 54/1/54
f 44/1/44 53/1/53 56/1/56
f 55/1/55 56/1/56 53/1/53
f 44/1/44 56/1/56 57/1/57
f 55/1/55 57/1/57 56/1/56
f 57/1/57 55/1/55 52/1/52
f 52/1/52 43/1/43 57/1/57
f 44/1/44 57/1/57 42/1/42
f 43/1/43 42/1/42 57/1/57
f 58/1/58 59/1/59 60/1/60
f 59/1/59 58/1/58 61/1/61
f 59/1/59 62/1/62 60/1/60
f 61/1/61 62/1/62 59/1/59
f 63/1/63 58/1/58 60/1/60
f 64/1/64 61/1/61 58/1/58
f 64/1/64 58/1/58 63/1/63
f 65/1/65 61/1/61 64/1/64
f 66/1/66 63/1/63 60/1/60
f 64/1/64 67/1/67 65/1/65
f 65/1/65 68/1/68 61/1/61
f 62/1/62 61/1/61 68/1/68
f 68/1/68 65/1/65 69/1/69
f 62/1/62 70/1/70 60/1/60
f 68/1/68 70/1/70 62/1/62
f 70/1/70 66/1/66 60/1/60
f 69/1/69 71/1/71 68/1/68
f 70/1/70 68/1/68 71/1/71
f 71/1/71 69/1/69 72/1/72
f 70/1/70 73/1/73 66/1/66
f 73/1/73 70/1/70 71/1/71
f 72/1/72 73/1/73 71/1/71
f 73/1/73 63/1/63 66/1/66
f 73/1/73 72/1/72 74/1/74
f 73/1/73 74/1/74 75/1/75
f 63/1/63 73/1/73 76/1/76
f 73/1/73 75/1/75 76/1/76
f 76/1/76 64/1/64 63/1/63
f 76/1/76 75/1/75 67/1/67
f 67/1/67 64/1/64 76/1/76
f 77/1/77 78/1/78 79/1/79
f 80/1/80 78/1/78 77/1/77
f 81/1/81 77/1/77 79/1/79
f 81/1/81 80/1/80 77/1/77
f 78/1/78 82/1/82 79/1/79
f 83/1/83 81/1/81 79/1/79
f 84/1/84 83/1/83 79/1/79
f 82/1/82 84/1/84 79/1/79
f 85/1/85 83/1/83 84/1/84
f 82/1/82 85/1/85 84/1/84
f 86/1/86 81/1/81 83/1/83
f 83/1/83 85/1/85 86/1/86
f 81/1/81 86/1/86 87/1/87
f 80/1/80 81/1/81 87/1/87
f 88/1/88 87/1/87 86/1/86
f 85/1/85 88/1/88 86/1/86
f 87/1/87 88/1/88 89/1/89
f 89/1/89 80/1/80 87/1/87
f 88/1/88 85/1/85 90/1/90
f 80/1/80 89/1/89 91/1/91
f 85/1/85 92/1/92 90/1/90
f 93/1/93 80/1/80 91/1/91
f 92/1/92 85/1/85 94/1/94
f 85/1/85 82/1/82 94/1/94
f 92/1/92 95/1/95 93/1/93
f 80/1/80 93/1/93 95/1/95
f 95/1/95 92/1/92 94/1/94
f 82/1/82 95/1/95 94/1/94
f 78/1/78 80/1/80 95/1/95
f 95/1/95 82/1/82 78/1/78
f 96/1/96 97/1/97 98/1/98
f 96/1/96 98/1/98 99/1/99
f 98/1/98 97/1/97 100/1/100
f 99/1/99 98/1/98 100/1/100
f 97/1/97 101/1/101 100/1/100
f 101/1/101 102/1/102 100/1/100
f 103/1/103 99/1/99 100/1/100
f 102/1/102 103/1/103 100/1/100
f 104/1/104 102/1/102 101/1/101
f 104/1/104 103/1/103 102/1/102
f 97/1/97 105/1/105 101/1/101
f 105/1/105 104/1/104 101/1/101
f 105/1/105 97/1/97 106/1/106
f 97/1/97 96/1/96 106/1/106
f 107/1/107 105/1/105 106/1/106
f 107/1/107 104/1/104 105/1/105
f 106/1/106 108/1/108 107/1/107
f 108/1/108 106/1/106 96/1/96
f 104/1/104 107/1/107 109/1/109
f 96/1/96 110/1/110 108/1/108
f 104/1/104 109/1/109 111/1/111
f 96/1/96 112/1/112 110/1/110
f 103/1/103 104/1/104 113/1/113
f 111/1/111 113/1/113 104/1/104
f 113/1/113 99/1/99 103/1/103
f 114/1/114 111/1/111 112/1/112
f 111/1/111 114/1/114 113/1/113
f 112/1/112 96/1/96 114/1/114
f 99/1/99 113/1/113 114/1/114
f 114/1/114 96/1/96 99/1/99
f 115/1/115 116/1/116 117/1/117
f 115/1/115 118/1/118 116/1/116
f 116/1/116 119/1/119 117/1/117
f 118/1/118 119/1/119 116/1/116
f 120/1/120 115/1/115 117/1/117
f 115/1/115 121/1/121 118/1/118
f 120/1/120 121/1/121 115/1/115
f 122/1/122 120/1/120 117/1/117
f 121/1/121 123/1/123 118/1/118
f 121/1/121 124/1/124 123/1/123
f 125/1/125 118/1/118 123/1/123
f 121/1/121 126/1/126 124/1/124
f 118/1/118 125/1/125 127/1/127
f 119/1/119 118/1/118 127/1/127
f 127/1/127 125/1/125 128/1/128
f 126/1/126 121/1/121 129/1/129
f 121/1/121 120/1/120 129/1/129
f 129/1/129 130/1/130 126/1/126
f 120/1/120 131/1/131 129/1/129
f 130/1/130 129/1/129 131/1/131
f 131/1/131 128/1/128 130/1/130
f 131/1/131 120/1/120 122/1/122
f 128/1/128 132/1/132 127/1/127
f 128/1/128 131/1/131 132/1/132
f 127/1/127 132/1/132 119/1/119
f 133/1/133 131/1/131 122/1/122
f 131/1/131 133/1/133 132/1/132
f 132/1/132 133/1/133 119/1/119
f 133/1/133 122/1/122 117/1/117
f 119/1/119 133/1/133 117/1/117
f 134/1/134 135/1/135 136/1/136
f 134/1/134 137/1/137 135/1/135
f 135/1/135 138/1/138 136/1/136
f 137/1/137 138/1/138 135/1/135
f 139/1/139 134/1/134 136/1/136
f 137/1/137 134/1/134 140/1/140
f 134/1/134 139/1/139 140/1/140
f 141/1/141 139/1/139 136/1/136
f 138/1/138 142/1/142 136/1/136
f 142/1/142 141/1/141 136/1/136
f 143/1/143 139/1/139 141/1/141
f 143/1/143 141/1/141 142/1/142
f 138/1/138 144/1/144 142/1/142
f 144/1/144 143/1/143 142/1/142
f 144/1/144 138/1/138 145/1/145
f 138/1/138 137/1/137 145/1/145
f 146/1/146 143/1/143 144/1/144
f 145/1/145 146/1/146 144/1/144
f 146/1/146 145/1/145 147/1/147
f 147/1/147 145/1/145 137/1/137
f 137/1/137 148/1/148 147/1/147
f 148/1/148 137/1/137 140/1/140
f 140/1/140 149/1/149 148/1/148
f 143/1/143 146/1/146 150/1/150
f 140/1/140 151/1/151 149/1/149
f 150/1/150 152/1/152 143/1/143
f 152/1/152 150/1/150 151/1/151
f 151/1/151 140/1/140 152/1/152
f 139/1/139 143/1/143 152/1/152
f 152/1/152 140/1/140 139/1/139
o RenderMesh_77062821114462
v -0.196761 0.310747 0.315976
v -0.214518 0.293645 0.328407
v -0.199249 0.305399 0.330948
v -0.198858 0.286738 0.340604
v -0.181859 0.297925 0.335360
v -0.212395 0.274417 0.330278
v -0.173590 0.300788 0.321855
v -0.217106 0.295087 0.312591
v -0.195006 0.266943 0.334690
v -0.171944 0.290447 0.272781
v -0.184934 0.296031 0.269485
v -0.196342 0.287249 0.267586
v -0.170765 0.275169 0.324347
v -0.170358 0.276081 0.274178
v -0.214279 0.269466 0.315083
v -0.194757 0.272883 0.268984
v -0.191108 0.259506 0.320962
v -0.181765 0.267299 0.272280
v -0.179738 0.278697 0.337232
v 0.051802 0.287449 -0.359287
v 0.061480 0.303859 -0.355442
v 0.072666 0.287243 -0.361799
v 0.041627 0.286708 -0.346842
v 0.060845 0.270297 -0.357962
v 0.053675 0.263854 -0.345076
v 0.079564 0.269554 -0.352789
v 0.078619 0.262864 -0.338185
v 0.089242 0.285965 -0.348944
v 0.046235 0.270181 -0.295855
v 0.060222 0.269626 -0.291992
v 0.039481 0.282996 -0.296847
v 0.067451 0.281887 -0.289119
v 0.046710 0.295256 -0.293974
v 0.091513 0.284729 -0.333061
v 0.054522 0.308574 -0.341718
v 0.060695 0.294702 -0.290111
v 0.079465 0.307585 -0.334828
v 0.080200 0.303117 -0.350271
v 0.127039 0.025412 -0.322985
v 0.114922 0.038937 -0.329913
v 0.135526 0.042976 -0.330803
v 0.119690 0.021195 -0.309304
v 0.144647 0.030525 -0.316541
v 0.143151 0.028007 -0.300717
v 0.150138 0.049162 -0.317024
v 0.138022 0.062686 -0.323952
v 0.150470 0.052839 -0.301360
v 0.117744 0.042482 -0.259938
v 0.104589 0.038662 -0.264754
v 0.121846 0.056406 -0.260299
v 0.095536 0.048767 -0.269930
v 0.134325 0.070860 -0.310592
v 0.112794 0.066510 -0.265476
v 0.099639 0.062690 -0.270291
v 0.103545 0.039215 -0.318536
v 0.110862 0.064047 -0.319180
v 0.120414 0.057574 -0.330398
v -0.374246 0.039482 0.222079
v -0.368258 0.024453 0.232848
v -0.363540 0.043769 0.239646
v -0.370605 0.034470 0.207228
v -0.364763 0.056426 0.222915
v -0.357968 0.057047 0.208340
v -0.349291 0.058340 0.234519
v -0.343300 0.043310 0.245287
v -0.337352 0.059597 0.223803
v -0.325327 0.033739 0.178186
v -0.332412 0.021080 0.177563
v -0.313767 0.035168 0.186856
v -0.327936 0.009851 0.185608
v -0.329371 0.039570 0.238150
v -0.309292 0.023940 0.194902
v -0.316378 0.011281 0.194278
v -0.362624 0.014443 0.221576
v -0.342006 0.016995 0.237038
v -0.352785 0.026367 0.244452
v -0.072398 -0.123018 0.328360
v -0.072344 -0.106343 0.338343
v -0.090656 -0.112798 0.330308
v -0.059072 -0.099225 0.332671
v -0.085848 -0.092833 0.334771
v -0.085960 -0.126181 0.314802
v -0.099465 -0.112671 0.311228
v -0.059146 -0.121443 0.319366
v -0.095211 -0.107656 0.296542
v -0.037996 -0.093417 0.283518
v -0.077215 -0.125659 0.301303
v -0.048127 -0.095781 0.273388
v -0.037954 -0.080959 0.290977
v -0.058217 -0.085687 0.270719
v -0.058176 -0.073229 0.278178
v -0.077069 -0.081223 0.327909
v -0.048044 -0.070865 0.288308
v -0.095138 -0.085438 0.309844
v -0.099411 -0.095997 0.321213
v 0.084458 -0.173146 -0.359207
v 0.092477 -0.156661 -0.352752
v 0.105421 -0.171730 -0.359608
v 0.073247 -0.175892 -0.347993
v 0.094596 -0.189720 -0.358730
v 0.086754 -0.197977 -0.347358
v 0.112752 -0.189810 -0.351798
v 0.120771 -0.173326 -0.345343
v 0.110947 -0.198097 -0.338122
v 0.074288 -0.197533 -0.298753
v 0.066715 -0.185150 -0.299110
v 0.087853 -0.197600 -0.293575
v 0.072707 -0.172834 -0.294288
v 0.121633 -0.176132 -0.329521
v 0.093845 -0.185283 -0.288753
v 0.086272 -0.172901 -0.289108
v 0.083932 -0.153926 -0.339392
v 0.108125 -0.154047 -0.330156
v 0.110634 -0.156751 -0.345820
v -0.399289 0.381372 -0.047111
v -0.392841 0.397782 -0.055287
v -0.395739 0.381165 -0.067823
v -0.390268 0.380629 -0.033805
v -0.395436 0.364219 -0.055398
v -0.385134 0.357775 -0.044848
v -0.385134 0.363477 -0.071860
v -0.371407 0.356786 -0.066783
v -0.340089 0.364102 -0.023662
v -0.342967 0.376918 -0.017470
v -0.332392 0.363547 -0.035961
v -0.338150 0.389177 -0.023579
v -0.362816 0.378650 -0.077678
v -0.327574 0.375808 -0.042070
v -0.378686 0.379887 -0.080038
v -0.330453 0.388623 -0.035879
v -0.382539 0.397039 -0.071751
v -0.367949 0.401506 -0.066636
v -0.381674 0.402495 -0.044699
vn -0.1276 0.9917 -0.0144
vn -0.8155 0.3358 0.4713
vn -0.2249 0.7906 0.5696
vn -0.2166 0.0709 0.9737
vn 0.4479 0.5014 0.7403
vn -0.7334 -0.4080 0.5437
vn 0.7646 0.6086 0.2121
vn -0.9099 0.3889 -0.1443
vn -0.0608 -0.6971 0.7143
vn 0.8142 0.5731 -0.0929
vn -0.0572 0.9475 -0.3145
vn -0.8223 0.3585 -0.4418
vn 0.8734 -0.3772 0.3080
vn 0.9206 -0.3906 0.0004
vn -0.8010 -0.5967 -0.0484
vn -0.7160 -0.6051 -0.3481
vn 0.0906 -0.9799 0.1778
vn 0.1554 -0.9797 -0.1267
vn 0.5303 -0.2423 0.8125
vn -0.5474 0.0729 -0.8337
vn -0.1730 0.7077 -0.6850
vn 0.2681 0.0671 -0.9610
vn -0.9372 0.0435 -0.3462
vn -0.1976 -0.5906 -0.7824
vn -0.4737 -0.8357 -0.2779
vn 0.5265 -0.6191 -0.5827
vn 0.4861 -0.8738 -0.0128
vn 0.9010 0.0155 -0.4336
vn -0.5458 -0.8376 0.0252
vn 0.3922 -0.8747 0.2846
vn -0.9989 0.0220 -0.0412
vn 0.8770 -0.0521 0.4776
vn -0.5140 0.8443 0.1514
vn 0.9823 -0.0324 0.1844
vn -0.4405 0.8853 -0.1489
vn 0.4242 0.8072 0.4106
vn 0.5187 0.8470 0.1163
vn 0.5512 0.6790 -0.4849
vn 0.0346 -0.8095 -0.5861
vn -0.4341 -0.2863 -0.8542
vn 0.3747 -0.1342 -0.9174
vn -0.2494 -0.9670 -0.0523
vn 0.7158 -0.6117 -0.3368
vn 0.6527 -0.7047 0.2781
vn 0.9283 0.1093 -0.3555
vn 0.4595 0.6325 -0.6235
vn 0.9343 0.2508 0.2533
vn 0.5223 -0.6473 0.5552
vn -0.3597 -0.9037 0.2322
vn 0.7974 0.2867 0.5310
vn -0.9674 -0.2258 -0.1150
vn 0.3131 0.9442 -0.1019
vn 0.1902 0.9644 0.1838
vn -0.6922 0.7082 -0.1393
vn -0.8713 -0.2734 -0.4076
vn -0.5897 0.6821 -0.4323
vn -0.2212 0.4347 -0.8730
vn -0.9916 0.1215 0.0435
vn -0.7600 -0.4597 0.4595
vn -0.5962 0.2969 0.7459
vn -0.8438 -0.0737 -0.5316
vn -0.6248 0.7772 0.0753
vn -0.3572 0.7955 -0.4894
vn -0.0262 0.8512 0.5242
vn 0.2056 0.2698 0.9407
vn 0.4362 0.8936 0.1059
vn -0.1650 0.6859 -0.7088
vn -0.6403 -0.1633 -0.7506
vn 0.6104 0.7818 -0.1273
vn -0.3401 -0.9164 -0.2109
vn 0.7432 0.1231 0.6577
vn 0.9106 0.0286 0.4124
vn 0.4353 -0.8205 0.3705
vn -0.5363 -0.8438 0.0199
vn 0.2570 -0.7456 0.6149
vn -0.1614 -0.3857 0.9084
vn 0.1305 -0.7941 0.5937
vn 0.1329 -0.1487 0.9799
vn -0.5945 -0.4116 0.6907
vn 0.6453 0.1276 0.7532
vn -0.3898 0.3737 0.8417
vn -0.3942 -0.9164 0.0692
vn -0.9166 -0.3938 -0.0691
vn 0.6425 -0.7273 0.2412
vn -0.7453 -0.1968 -0.6370
vn 0.8116 -0.5837 0.0225
vn -0.0528 -0.8895 -0.4538
vn 0.1320 -0.7423 -0.6570
vn 0.8144 0.2519 0.5228
vn -0.5448 -0.0652 -0.8360
vn -0.5421 0.7704 -0.3357
vn -0.0472 0.8203 0.5699
vn 0.1375 0.9289 0.3438
vn -0.7425 0.6581 -0.1252
vn -0.9145 0.2512 0.3172
vn -0.4709 0.1276 -0.8729
vn -0.1607 0.7654 -0.6232
vn 0.3511 0.1887 -0.9171
vn -0.9014 0.0204 -0.4325
vn -0.0787 -0.5135 -0.8544
vn -0.3816 -0.8294 -0.4081
vn 0.6237 -0.5170 -0.5863
vn 0.9339 0.1207 -0.3366
vn 0.5490 -0.8342 -0.0524
vn -0.4810 -0.8691 -0.1155
vn -0.9895 -0.0382 -0.1394
vn 0.4284 -0.8733 0.2319
vn -0.5879 0.7877 0.1840
vn 0.9604 0.0112 0.2783
vn 0.8303 -0.0472 0.5553
vn 0.3229 0.7832 0.5313
vn -0.4900 0.8658 -0.1014
vn 0.4407 0.8610 0.2539
vn 0.5417 0.7619 -0.3550
vn -0.9554 0.0725 0.2864
vn -0.7058 0.7078 -0.0297
vn -0.8444 0.0670 -0.5314
vn -0.5992 0.0437 0.7994
vn -0.8062 -0.5906 -0.0341
vn -0.4020 -0.8355 0.3746
vn -0.4077 -0.6194 -0.6710
vn 0.1266 -0.8738 -0.4696
vn -0.1317 -0.8375 0.5302
vn -0.3251 0.0220 0.9454
vn 0.3845 -0.8748 -0.2948
vn -0.0016 0.8443 0.5358
vn 0.4569 -0.0327 -0.8889
vn 0.7077 -0.0524 -0.7046
vn -0.1582 0.0155 -0.9873
vn 0.5146 0.8072 -0.2893
vn -0.3073 0.6791 -0.6667
vn 0.2597 0.8470 -0.4639
vn -0.2683 0.8853 0.3799
vt 0.000000 0.000000
s 1
f 153/2/153 154/2/154 155/2/155
f 155/2/155 154/2/154 156/2/156
f 157/2/157 153/2/153 155/2/155
f 157/2/157 155/2/155 156/2/156
f 154/2/154 158/2/158 156/2/156
f 153/2/153 157/2/157 159/2/159
f 160/2/160 158/2/158 154/2/154
f 154/2/154 153/2/153 160/2/160
f 158/2/158 161/2/161 156/2/156
f 162/2/162 153/2/153 159/2/159
f 153/2/153 162/2/162 163/2/163
f 164/2/164 153/2/153 163/2/163
f 153/2/153 164/2/164 160/2/160
f 165/2/165 162/2/162 159/2/159
f 157/2/157 165/2/165 159/2/159
f 165/2/165 166/2/166 162/2/162
f 164/2/164 167/2/167 160/2/160
f 158/2/158 160/2/160 167/2/167
f 167/2/167 164/2/164 168/2/168
f 167/2/167 169/2/169 158/2/158
f 168/2/168 169/2/169 167/2/167
f 161/2/161 158/2/158 169/2/169
f 166/2/166 165/2/165 169/2/169
f 169/2/169 168/2/168 170/2/170
f 169/2/169 170/2/170 166/2/166
f 171/2/171 169/2/169 165/2/165
f 169/2/169 171/2/171 161/2/161
f 165/2/165 157/2/157 171/2/171
f 161/2/161 171/2/171 156/2/156
f 171/2/171 157/2/157 156/2/156
f 172/2/172 173/2/173 174/2/174
f 175/2/175 173/2/173 172/2/172
f 176/2/176 172/2/172 174/2/174
f 176/2/176 175/2/175 172/2/172
f 175/2/175 176/2/176 177/2/177
f 178/2/178 176/2/176 174/2/174
f 176/2/176 179/2/179 177/2/177
f 179/2/179 176/2/176 178/2/178
f 180/2/180 178/2/178 174/2/174
f 179/2/179 181/2/181 177/2/177
f 181/2/181 175/2/175 177/2/177
f 181/2/181 179/2/179 182/2/182
f 175/2/175 181/2/181 183/2/183
f 179/2/179 184/2/184 182/2/182
f 175/2/175 183/2/183 185/2/185
f 178/2/178 186/2/186 179/2/179
f 186/2/186 178/2/178 180/2/180
f 184/2/184 179/2/179 186/2/186
f 175/2/175 185/2/185 187/2/187
f 173/2/173 175/2/175 187/2/187
f 187/2/187 185/2/185 188/2/188
f 184/2/184 189/2/189 188/2/188
f 188/2/188 189/2/189 187/2/187
f 189/2/189 184/2/184 186/2/186
f 187/2/187 190/2/190 173/2/173
f 190/2/190 187/2/187 189/2/189
f 186/2/186 190/2/190 189/2/189
f 190/2/190 186/2/186 180/2/180
f 173/2/173 190/2/190 174/2/174
f 190/2/190 180/2/180 174/2/174
f 191/2/191 192/2/192 193/2/193
f 194/2/194 192/2/192 191/2/191
f 195/2/195 191/2/191 193/2/193
f 195/2/195 194/2/194 191/2/191
f 194/2/194 195/2/195 196/2/196
f 197/2/197 195/2/195 193/2/193
f 198/2/198 197/2/197 193/2/193
f 195/2/195 199/2/199 196/2/196
f 199/2/199 195/2/195 197/2/197
f 200/2/200 196/2/196 199/2/199
f 200/2/200 194/2/194 196/2/196
f 194/2/194 200/2/200 201/2/201
f 200/2/200 199/2/199 202/2/202
f 194/2/194 201/2/201 203/2/203
f 197/2/197 204/2/204 199/2/199
f 204/2/204 202/2/202 199/2/199
f 204/2/204 197/2/197 198/2/198
f 204/2/204 205/2/205 202/2/202
f 204/2/204 206/2/206 205/2/205
f 194/2/194 203/2/203 207/2/207
f 207/2/207 203/2/203 206/2/206
f 192/2/192 194/2/194 207/2/207
f 206/2/206 204/2/204 208/2/208
f 207/2/207 206/2/206 208/2/208
f 208/2/208 204/2/204 209/2/209
f 209/2/209 207/2/207 208/2/208
f 204/2/204 198/2/198 209/2/209
f 207/2/207 209/2/209 192/2/192
f 209/2/209 198/2/198 193/2/193
f 192/2/192 209/2/209 193/2/193
f 210/2/210 211/2/211 212/2/212
f 213/2/213 211/2/211 210/2/210
f 214/2/214 210/2/210 212/2/212
f 214/2/214 213/2/213 210/2/210
f 213/2/213 214/2/214 215/2/215
f 216/2/216 214/2/214 212/2/212
f 217/2/217 216/2/216 212/2/212
f 214/2/214 218/2/218 215/2/215
f 218/2/218 214/2/214 216/2/216
f 219/2/219 215/2/215 218/2/218
f 219/2/219 213/2/213 215/2/215
f 213/2/213 219/2/219 220/2/220
f 219/2/219 218/2/218 221/2/221
f 222/2/222 213/2/213 220/2/220
f 216/2/216 223/2/223 218/2/218
f 223/2/223 221/2/221 218/2/218
f 223/2/223 216/2/216 217/2/217
f 221/2/221 223/2/223 224/2/224
f 223/2/223 225/2/225 224/2/224
f 213/2/213 222/2/222 226/2/226
f 211/2/211 213/2/213 226/2/226
f 227/2/227 222/2/222 225/2/225
f 225/2/225 223/2/223 227/2/227
f 222/2/222 227/2/227 226/2/226
f 223/2/223 228/2/228 227/2/227
f 228/2/228 226/2/226 227/2/227
f 226/2/226 228/2/228 211/2/211
f 228/2/228 223/2/223 217/2/217
f 211/2/211 228/2/228 212/2/212
f 228/2/228 217/2/217 212/2/212
f 229/2/229 230/2/230 231/2/231
f 232/2/232 230/2/230 229/2/229
f 230/2/230 233/2/233 231/2/231
f 232/2/232 233/2/233 230/2/230
f 234/2/234 229/2/229 231/2/231
f 235/2/235 234/2/234 231/2/231
f 234/2/234 236/2/236 229/2/229
f 236/2/236 232/2/232 229/2/229
f 237/2/237 234/2/234 235/2/235
f 238/2/238 232/2/232 236/2/236
f 236/2/236 234/2/234 239/2/239
f 239/2/239 238/2/238 236/2/236
f 234/2/234 237/2/237 239/2/239
f 238/2/238 239/2/239 240/2/240
f 240/2/240 239/2/239 237/2/237
f 232/2/232 238/2/238 241/2/241
f 237/2/237 242/2/242 240/2/240
f 237/2/237 243/2/243 242/2/242
f 241/2/241 244/2/244 232/2/232
f 233/2/233 232/2/232 244/2/244
f 244/2/244 241/2/241 245/2/245
f 246/2/246 245/2/245 243/2/243
f 245/2/245 246/2/246 244/2/244
f 243/2/243 237/2/237 246/2/246
f 244/2/244 247/2/247 233/2/233
f 247/2/247 244/2/244 246/2/246
f 246/2/246 237/2/237 247/2/247
f 237/2/237 235/2/235 247/2/247
f 233/2/233 247/2/247 231/2/231
f 247/2/247 235/2/235 231/2/231
f 248/2/248 249/2/249 250/2/250
f 251/2/251 249/2/249 248/2/248
f 252/2/252 248/2/248 250/2/250
f 252/2/252 251/2/251 248/2/248
f 251/2/251 252/2/252 253/2/253
f 254/2/254 252/2/252 250/2/250
f 255/2/255 254/2/254 250/2/250
f 252/2/252 256/2/256 253/2/253
f 256/2/256 252/2/252 254/2/254
f 256/2/256 257/2/257 253/2/253
f 257/2/257 251/2/251 253/2/253
f 251/2/251 257/2/257 258/2/258
f 256/2/256 259/2/259 257/2/257
f 251/2/251 258/2/258 260/2/260
f 254/2/254 261/2/261 256/2/256
f 259/2/259 256/2/256 261/2/261
f 261/2/261 254/2/254 255/2/255
f 259/2/259 261/2/261 262/2/262
f 261/2/261 263/2/263 262/2/262
f 251/2/251 260/2/260 264/2/264
f 264/2/264 260/2/260 263/2/263
f 249/2/249 251/2/251 264/2/264
f 263/2/263 261/2/261 265/2/265
f 264/2/264 263/2/263 265/2/265
f 261/2/261 266/2/266 265/2/265
f 266/2/266 264/2/264 265/2/265
f 266/2/266 261/2/261 255/2/255
f 264/2/264 266/2/266 249/2/249
f 266/2/266 255/2/255 250/2/250
f 249/2/249 266/2/266 250/2/250
f 267/2/267 268/2/268 269/2/269
f 270/2/270 268/2/268 267/2/267
f 271/2/271 267/2/267 269/2/269
f 271/2/271 270/2/270 267/2/267
f 271/2/271 272/2/272 270/2/270
f 273/2/273 271/2/271 269/2/269
f 271/2/271 274/2/274 272/2/272
f 274/2/274 271/2/271 273/2/273
f 275/2/275 272/2/272 274/2/274
f 275/2/275 270/2/270 272/2/272
f 270/2/270 275/2/275 276/2/276
f 274/2/274 277/2/277 275/2/275
f 270/2/270 276/2/276 278/2/278
f 277/2/277 274/2/274 279/2/279
f 273/2/273 279/2/279 274/2/274
f 277/2/277 279/2/279 280/2/280
f 281/2/281 273/2/273 269/2/269
f 279/2/279 273/2/273 281/2/281
f 279/2/279 282/2/282 280/2/280
f 283/2/283 281/2/281 269/2/269
f 283/2/283 279/2/279 281/2/281
f 268/2/268 283/2/283 269/2/269
f 282/2/282 279/2/279 284/2/284
f 279/2/279 283/2/283 284/2/284
f 285/2/285 283/2/283 268/2/268
f 283/2/283 285/2/285 284/2/284
f 268/2/268 270/2/270 285/2/285
f 285/2/285 282/2/282 284/2/284
f 270/2/270 278/2/278 285/2/285
f 282/2/282 285/2/285 278/2/278
o RenderMesh_80541967794208
v -0.358201 0.490083 0.145039
v -0.363047 0.503949 0.124103
v -0.366137 0.492433 0.132811
v -0.352023 0.513119 0.127626
v -0.347177 0.499253 0.148560
v -0.344088 0.510771 0.139854
v -0.348983 0.514093 0.123544
v -0.344088 0.510771 0.139854
v -0.339006 0.511139 0.138922
v -0.347177 0.499253 0.148560
v -0.352023 0.513119 0.127626
v -0.342890 0.496657 0.149871
v -0.362846 0.502563 0.119116
v -0.358201 0.490083 0.145039
v -0.363047 0.503949 0.124103
v -0.356755 0.485126 0.145443
v -0.366137 0.492433 0.132811
v -0.366732 0.488079 0.130067
v -0.120366 -0.202958 -0.309298
v -0.025695 -0.189481 -0.333395
v -0.029970 -0.188535 -0.312826
v -0.023508 -0.171554 -0.344562
v 0.082524 -0.189743 -0.283691
v 0.070583 -0.205162 -0.275614
v 0.060376 -0.202278 -0.257571
v 0.235521 -0.348724 -0.174266
v 0.250544 -0.351625 -0.188877
v 0.268370 -0.340049 -0.188159
v 0.305834 -0.433710 -0.091060
v 0.326535 -0.433274 -0.096290
v 0.337789 -0.415456 -0.093086
v 0.277058 -0.427508 0.061073
v 0.264041 -0.444275 0.062878
v 0.244789 -0.443613 0.053899
v 0.193423 -0.369491 0.176866
v 0.212319 -0.365705 0.184444
v 0.222741 -0.348971 0.178137
v 0.139742 -0.283776 0.242409
v 0.157727 -0.277177 0.250914
v 0.167960 -0.260591 0.242614
v 0.096902 -0.260803 0.302976
v 0.105895 -0.229346 0.319073
v 0.103850 -0.250337 0.319891
v 0.020376 -0.244128 0.316771
v 0.014485 -0.235730 0.335186
v 0.010852 -0.214953 0.336524
v -0.177377 -0.224689 0.226380
v -0.167549 -0.233585 0.209937
v -0.179782 -0.203654 0.227158
v -0.197917 -0.220425 0.204690
v -0.193320 -0.224629 0.196977
v -0.199008 -0.210575 0.205054
v 0.127011 -0.242143 0.320355
v 0.110240 -0.260210 0.327163
v 0.122291 -0.256116 0.319678
v 0.102909 -0.250331 0.335326
v 0.119680 -0.232262 0.328520
v 0.107629 -0.236357 0.336005
v 0.118895 -0.227854 0.325918
v 0.127011 -0.242143 0.320355
v 0.128112 -0.240277 0.315651
v 0.122178 -0.257850 0.314797
v 0.119680 -0.232262 0.328520
v 0.122291 -0.256116 0.319678
v 0.103741 -0.233002 0.335330
v 0.107025 -0.262999 0.324209
v 0.107629 -0.236357 0.336005
v 0.110240 -0.260210 0.327163
v 0.097805 -0.250575 0.334476
v 0.102909 -0.250331 0.335326
v -0.282715 -0.182238 -0.134632
v -0.288709 -0.157889 -0.139657
v -0.281883 -0.158903 -0.152710
v -0.289125 -0.169558 -0.130618
v -0.275888 -0.183251 -0.147684
v -0.275473 -0.171583 -0.156723
v -0.288709 -0.157889 -0.139657
v -0.287874 -0.168247 -0.125763
v -0.287350 -0.153575 -0.137130
v -0.289125 -0.169558 -0.130618
v -0.281883 -0.158903 -0.152710
v -0.282715 -0.182238 -0.134632
v -0.278767 -0.154849 -0.153544
v -0.279813 -0.184194 -0.130811
v -0.270704 -0.170796 -0.158592
v -0.271229 -0.185467 -0.147225
v -0.275473 -0.171583 -0.156723
v -0.275888 -0.183251 -0.147684
v 0.202244 0.372565 0.199994
v 0.192519 0.395018 0.192561
v 0.183832 0.395208 0.204499
v 0.201726 0.383697 0.190309
v 0.193557 0.372754 0.211932
v 0.184350 0.384076 0.214185
v 0.193557 0.372754 0.211932
v 0.184350 0.384076 0.214185
v 0.179602 0.382439 0.215458
v 0.183832 0.395208 0.204499
v 0.191178 0.368204 0.212627
v 0.178948 0.396440 0.203278
v 0.202244 0.372565 0.199994
v 0.192519 0.395018 0.192561
v 0.202105 0.367966 0.197616
v 0.189874 0.396202 0.188266
v 0.201452 0.381965 0.185437
v 0.201726 0.383697 0.190309
v -0.134395 0.218219 -0.359552
v -0.119294 0.205140 -0.375516
v -0.129216 0.205343 -0.364583
v -0.114552 0.217819 -0.381416
v -0.129653 0.230898 -0.365451
v -0.119732 0.230696 -0.376384
v -0.128382 0.234338 -0.361793
v -0.134395 0.218219 -0.359552
v -0.134345 0.218396 -0.354373
v -0.127831 0.202202 -0.360702
v -0.129653 0.230898 -0.365451
v -0.129216 0.205343 -0.364583
v -0.119732 0.230696 -0.376384
v -0.115355 0.201949 -0.374451
v -0.115906 0.234086 -0.375541
v -0.119294 0.205140 -0.375516
v -0.109393 0.217891 -0.381872
v -0.114552 0.217819 -0.381416
v 0.124763 0.135875 0.348666
v 0.107306 0.153931 0.353498
v 0.112747 0.140424 0.355944
v 0.131337 0.144835 0.338944
v 0.113879 0.162890 0.343776
v 0.125895 0.158341 0.336500
v 0.131337 0.144835 0.338944
v 0.125549 0.159363 0.331433
v 0.125895 0.158341 0.336500
v 0.132390 0.142378 0.334507
v 0.110440 0.165082 0.340583
v 0.124123 0.131111 0.346733
v 0.113879 0.162890 0.343776
v 0.124763 0.135875 0.348666
v 0.107306 0.153931 0.353498
v 0.109013 0.136830 0.355884
v 0.102173 0.153815 0.352809
v 0.112747 0.140424 0.355944
v -0.330967 0.388055 -0.035511
v -0.340766 0.363120 -0.023087
v -0.343692 0.376151 -0.016790
v -0.338793 0.388619 -0.023003
v -0.328040 0.375024 -0.041805
v -0.332938 0.362557 -0.035594
v 0.315145 -0.038180 0.076677
v 0.296602 -0.059469 0.085334
v 0.304465 -0.061116 0.072947
v 0.313737 -0.050473 0.068617
v 0.307284 -0.036534 0.089065
v 0.298011 -0.047179 0.093395
v -0.336575 0.391738 -0.019512
v -0.343692 0.376151 -0.016790
v -0.342735 0.376060 -0.011701
v -0.338793 0.388619 -0.023003
v -0.340766 0.363120 -0.023087
v -0.330967 0.388055 -0.035511
v -0.339054 0.359674 -0.019617
v -0.326733 0.391029 -0.035239
v -0.329213 0.358965 -0.035344
v -0.323052 0.374642 -0.043156
v -0.332938 0.362557 -0.035594
v -0.328040 0.375024 -0.041805
v 0.301512 -0.062775 0.069026
v 0.313170 -0.049389 0.063583
v 0.313737 -0.050473 0.068617
v 0.304465 -0.061116 0.072947
v 0.315145 -0.038180 0.076677
v 0.296602 -0.059469 0.085334
v 0.314941 -0.033934 0.073717
v 0.291624 -0.060704 0.084605
v 0.305054 -0.031862 0.089296
v 0.293396 -0.045247 0.094739
v 0.307284 -0.036534 0.089065
v 0.298011 -0.047179 0.093395
v -0.169999 0.275521 0.277142
v -0.194810 0.272269 0.271860
v -0.181598 0.266590 0.275212
v -0.171610 0.290129 0.275720
v -0.196422 0.286877 0.270438
v -0.184821 0.295807 0.272369
v -0.171610 0.290129 0.275720
v -0.184474 0.299320 0.268576
v -0.184821 0.295807 0.272369
v -0.196422 0.286877 0.270438
v -0.167861 0.292179 0.272791
v -0.199061 0.288090 0.266148
v -0.165835 0.273809 0.274578
v -0.194810 0.272269 0.271860
v -0.169999 0.275521 0.277142
v -0.197034 0.269720 0.267935
v -0.181598 0.266590 0.275212
v -0.180422 0.262580 0.272151
v -0.325534 0.033937 0.180663
v -0.328189 0.009647 0.188208
v -0.316433 0.011101 0.197024
v -0.332738 0.021065 0.180027
v -0.313779 0.035391 0.189479
v -0.309229 0.023973 0.197660
v -0.328189 0.009647 0.188208
v -0.332738 0.021065 0.180027
v -0.333668 0.019647 0.175134
v -0.325534 0.033937 0.180663
v -0.327946 0.005287 0.185420
v -0.324607 0.035833 0.175930
v -0.316433 0.011101 0.197024
v -0.309826 0.037662 0.187016
v -0.313164 0.007116 0.196505
v -0.313779 0.035391 0.189479
v -0.304104 0.023303 0.197304
v -0.309229 0.023973 0.197660
v -0.048541 -0.097354 0.275610
v -0.038196 -0.082283 0.293493
v -0.048457 -0.072018 0.290780
v -0.038238 -0.094950 0.285909
v -0.058801 -0.087089 0.272894
v -0.058760 -0.074421 0.280478
v -0.038196 -0.082283 0.293493
v -0.038238 -0.094950 0.285909
v -0.033504 -0.096145 0.284177
v -0.033452 -0.080215 0.293716
v -0.046460 -0.099167 0.271225
v -0.048457 -0.072018 0.290780
v -0.048541 -0.097354 0.275610
v -0.046355 -0.067307 0.290303
v -0.058801 -0.087089 0.272894
v -0.059310 -0.070330 0.277350
v -0.059362 -0.086260 0.267811
v -0.058760 -0.074421 0.280478
v 0.040479 0.282231 -0.297004
v 0.061570 0.268635 -0.292068
v 0.047348 0.269199 -0.295996
v 0.068922 0.281102 -0.289146
v 0.047831 0.294696 -0.294082
v 0.062053 0.294133 -0.290154
v 0.047831 0.294696 -0.294082
v 0.040479 0.282231 -0.297004
v 0.035873 0.282139 -0.294633
v 0.047348 0.269199 -0.295996
v 0.045117 0.297816 -0.290960
v 0.044511 0.265752 -0.293365
v 0.062053 0.294133 -0.290154
v 0.061570 0.268635 -0.292068
v 0.063003 0.297107 -0.286019
v 0.062395 0.265044 -0.288425
v 0.068922 0.281102 -0.289146
v 0.071640 0.280720 -0.284752
v 0.123578 0.055650 -0.260177
v 0.106028 0.037607 -0.264707
v 0.114373 0.065925 -0.265441
v 0.119406 0.041491 -0.259811
v 0.096823 0.047882 -0.269970
v 0.100996 0.062040 -0.270338
v -0.047210 0.239446 0.308183
v -0.024851 0.227080 0.309330
v -0.032635 0.239569 0.310551
v -0.054000 0.226834 0.304593
v -0.031642 0.214471 0.305740
v -0.046215 0.214347 0.303372
v 0.096823 0.047882 -0.269970
v 0.106028 0.037607 -0.264707
v 0.103636 0.034433 -0.261385
v 0.119406 0.041491 -0.259811
v 0.092060 0.047354 -0.268003
v 0.120457 0.039318 -0.255227
v 0.100996 0.062040 -0.270338
v 0.123578 0.055650 -0.260177
v 0.097306 0.065159 -0.268465
v 0.125705 0.057122 -0.255689
v 0.114373 0.065925 -0.265441
v 0.114128 0.070042 -0.262307
v -0.054000 0.226834 0.304593
v -0.047415 0.211776 0.299038
v -0.046215 0.214347 0.303372
v -0.031642 0.214471 0.305740
v -0.057205 0.227479 0.300574
v -0.029089 0.211931 0.302015
v -0.048666 0.243336 0.305087
v -0.020551 0.227787 0.306529
v -0.047210 0.239446 0.308183
v -0.024851 0.227080 0.309330
v -0.030339 0.243491 0.308065
v -0.032635 0.239569 0.310551
v 0.279415 0.023792 -0.197163
v 0.277783 0.049067 -0.193615
v 0.292924 0.023827 -0.191203
v 0.271844 0.036412 -0.198370
v 0.291292 0.049102 -0.187655
v 0.298861 0.036484 -0.186448
v 0.277783 0.049067 -0.193615
v 0.271844 0.036412 -0.198370
v 0.266963 0.035866 -0.196722
v 0.279415 0.023792 -0.197163
v 0.274430 0.051780 -0.190744
v 0.276482 0.019996 -0.195204
v 0.291419 0.051824 -0.183248
v 0.292924 0.023827 -0.191203
v 0.291292 0.049102 -0.187655
v 0.293470 0.020041 -0.187710
v 0.298861 0.036484 -0.186448
v 0.300937 0.035955 -0.181731
v 0.360301 0.401082 -0.022214
v 0.366407 0.425516 -0.026660
v 0.360249 0.415241 -0.018026
v 0.366510 0.397198 -0.035035
v 0.372617 0.421632 -0.039481
v 0.372667 0.407473 -0.043669
v 0.372667 0.407473 -0.043669
v 0.366510 0.397198 -0.035035
v 0.363444 0.394024 -0.037748
v 0.360301 0.401082 -0.022214
v 0.371187 0.406945 -0.048605
v 0.355637 0.398909 -0.021626
v 0.372617 0.421632 -0.039481
v 0.355571 0.416713 -0.016360
v 0.371121 0.424750 -0.043339
v 0.360249 0.415241 -0.018026
v 0.366407 0.425516 -0.026660
v 0.363313 0.429635 -0.027216
v -0.231127 0.341107 -0.223133
v -0.159520 0.281061 -0.296533
v -0.245754 0.335098 -0.234440
v -0.294084 0.382164 -0.112627
v -0.255082 0.316506 -0.231617
v -0.282692 0.399818 -0.114747
v -0.263075 0.400699 -0.106796
v -0.319844 0.387306 0.043486
v -0.340967 0.389611 0.044525
v -0.353591 0.373094 0.039806
v -0.297306 0.355900 0.144067
v -0.289081 0.373830 0.136205
v -0.274065 0.372882 0.121512
v -0.188856 0.374083 0.200537
v -0.188502 0.389505 0.186132
v -0.178819 0.386632 0.167802
v -0.014226 0.533087 0.270400
v -0.018399 0.535961 0.290917
v -0.008174 0.524378 0.305521
v 0.089708 0.614712 0.283338
v 0.096558 0.617893 0.303379
v 0.108930 0.603190 0.312687
v 0.206296 0.578239 0.178396
v 0.200839 0.594563 0.166247
v 0.183080 0.593879 0.155099
v 0.302040 0.532770 0.076283
v 0.285384 0.553448 0.051958
v 0.302146 0.549465 0.063812
v 0.351636 0.421454 -0.026068
v 0.355638 0.433062 -0.043450
v 0.339548 0.438974 -0.056050
v 0.327183 0.263597 -0.132401
v 0.342949 0.251935 -0.124312
v 0.343123 0.247452 -0.103541
v 0.263257 0.155096 -0.168634
v 0.267216 0.149490 -0.148929
v 0.246321 0.166331 -0.173036
v 0.156840 0.061084 -0.213100
v 0.148998 0.067661 -0.231857
v 0.130748 0.078555 -0.232634
v 0.046103 0.021108 -0.273598
v 0.048999 0.036071 -0.286537
v 0.044580 0.053824 -0.279871
v -0.049888 0.024911 -0.324684
v -0.048695 0.038439 -0.336414
v -0.053758 0.054966 -0.331580
v -0.084232 0.032126 -0.333584
v -0.085364 0.040879 -0.335601
v -0.083888 0.036057 -0.337006
v -0.269593 0.064646 -0.167120
v -0.255917 0.085261 -0.160633
v -0.248472 0.084323 -0.173348
v -0.266477 0.075422 -0.157519
v -0.262146 0.063709 -0.179835
v -0.251587 0.073548 -0.182950
v -0.255917 0.085261 -0.160633
v -0.266009 0.073593 -0.152694
v -0.252729 0.085965 -0.156611
v -0.266477 0.075422 -0.157519
v -0.248472 0.084323 -0.173348
v -0.269593 0.064646 -0.167120
v -0.243367 0.084785 -0.172602
v -0.269925 0.060041 -0.164768
v -0.247284 0.071235 -0.184674
v -0.260564 0.058864 -0.180759
v -0.251587 0.073548 -0.182950
v -0.262146 0.063709 -0.179835
v 0.067866 -0.185725 -0.299231
v 0.089361 -0.198385 -0.293602
v 0.075568 -0.198316 -0.298868
v 0.073958 -0.173200 -0.294326
v 0.095454 -0.185861 -0.288698
v 0.087752 -0.173268 -0.289060
v 0.073958 -0.173200 -0.294326
v 0.067866 -0.185725 -0.299231
v 0.063079 -0.186369 -0.297359
v 0.075568 -0.198316 -0.298868
v 0.070739 -0.170621 -0.291192
v 0.072764 -0.202204 -0.296903
v 0.087752 -0.173268 -0.289060
v 0.089361 -0.198385 -0.293602
v 0.088085 -0.170707 -0.284570
v 0.090110 -0.202289 -0.290281
v 0.095454 -0.185861 -0.288698
v 0.097770 -0.186542 -0.284113
v 0.284887 0.437367 -0.041182
v 0.192186 0.417782 0.103238
v 0.208319 0.428439 0.111899
v 0.126004 0.350248 0.262134
v 0.109984 0.339656 0.253601
v 0.078928 0.334879 0.301452
v 0.224338 0.417801 0.120841
v 0.142073 0.339781 0.271043
v 0.099770 0.325349 0.329447
v 0.300867 0.448001 -0.032261
v 0.316942 0.437380 -0.023365
v 0.325623 0.411409 -0.126244
v 0.087391 0.339378 0.320092
v 0.040986 0.280956 0.331212
v 0.308041 0.421968 -0.120261
v 0.290637 0.410979 -0.114623
v 0.177856 0.373641 -0.222802
v 0.165535 0.383387 -0.208544
v 0.161059 0.373804 -0.190223
v 0.071838 0.292364 -0.272815
v 0.055063 0.292725 -0.240424
v 0.059600 0.302054 -0.258715
v -0.034532 0.266039 -0.321754
v -0.051395 0.266419 -0.289219
v -0.046903 0.275830 -0.307641
v -0.069756 0.249172 -0.319172
v -0.065321 0.245639 -0.324254
v -0.071387 0.245776 -0.312553
v 0.030212 0.298071 0.324671
v -0.065517 0.207935 0.282908
v 0.030313 0.303339 0.304195
v -0.076196 0.225027 0.276488
v -0.178174 0.144233 0.217734
v -0.072704 0.233041 0.257272
v -0.189765 0.160087 0.209947
v -0.187841 0.165552 0.189560
v -0.319085 0.011840 0.178730
v -0.304037 -0.001567 0.183281
v -0.316878 0.024548 0.162573
v -0.331563 -0.048980 0.110126
v -0.346725 -0.020637 0.094738
v -0.347952 -0.036453 0.107465
v -0.337844 -0.084918 0.008553
v -0.337408 -0.065691 -0.000436
v -0.320116 -0.096713 0.009091
v -0.237526 -0.198234 -0.203933
v -0.232987 -0.215812 -0.192824
v -0.215956 -0.216109 -0.180148
v -0.130881 -0.205262 -0.327647
v -0.141664 -0.188748 -0.335734
v 0.316426 -0.094251 0.008461
v 0.314555 -0.089169 0.002051
v 0.317551 -0.090927 0.004973
v 0.311211 -0.096456 0.008918
v 0.310125 -0.090231 0.001357
v 0.307310 -0.094269 0.004315
v -0.083888 0.036057 -0.337006
v -0.086039 0.032996 -0.328778
v -0.085364 0.040879 -0.335601
v -0.084232 0.032126 -0.333584
v -0.087511 0.037791 -0.327360
v -0.087180 0.041741 -0.330765
v 0.254059 -0.173317 -0.190952
v 0.244751 -0.191184 -0.206705
v 0.244396 -0.177436 -0.201330
v 0.254767 -0.200811 -0.201705
v 0.264075 -0.182944 -0.185951
v 0.264430 -0.196690 -0.191328
v 0.264075 -0.182944 -0.185951
v 0.254059 -0.173317 -0.190952
v 0.251721 -0.170814 -0.187065
v 0.244396 -0.177436 -0.201330
v 0.264317 -0.182918 -0.180777
v 0.239571 -0.175995 -0.200115
v 0.264430 -0.196690 -0.191328
v 0.244751 -0.191184 -0.206705
v 0.264763 -0.200206 -0.187538
v 0.240017 -0.193281 -0.206876
v 0.254767 -0.200811 -0.201705
v 0.252614 -0.205387 -0.200587
v 0.327558 -0.412655 -0.029046
v 0.323953 -0.425316 -0.007119
v 0.327915 -0.425247 -0.021345
v 0.323243 -0.400131 -0.022523
v 0.319637 -0.412791 -0.000598
v 0.319282 -0.400199 -0.008300
v 0.323243 -0.400131 -0.022523
v 0.327558 -0.412655 -0.029046
v 0.325250 -0.413300 -0.033639
v 0.327915 -0.425247 -0.021345
v 0.319822 -0.397551 -0.025436
v 0.325698 -0.429135 -0.023954
v 0.319282 -0.400199 -0.008300
v 0.323953 -0.425316 -0.007119
v 0.314841 -0.397638 -0.007551
v 0.320716 -0.429222 -0.006066
v 0.319637 -0.412791 -0.000598
v 0.315287 -0.413473 0.002135
v -0.280819 0.038271 0.117638
v -0.085438 -0.078880 0.238121
v -0.293630 0.028671 0.131311
v -0.298839 0.038298 0.149540
v -0.326705 0.070645 0.031830
v -0.361606 0.081547 0.033995
v -0.347269 0.066067 0.031275
v -0.293600 0.090465 -0.105174
v -0.279586 0.075530 -0.099793
v -0.259493 0.080511 -0.096579
v -0.170967 -0.026756 -0.295846
v -0.161503 -0.041689 -0.284020
v -0.145036 -0.036541 -0.271754
v -0.057397 -0.063506 -0.316028
v -0.054758 -0.054238 -0.334648
v -0.055277 -0.052470 -0.298609
v 0.067147 -0.087720 -0.285965
v 0.056051 -0.091745 -0.268885
v 0.054434 -0.077580 -0.253895
v 0.154273 -0.153500 -0.223172
v 0.148253 -0.139016 -0.190140
v 0.144044 -0.153691 -0.204730
v 0.232838 -0.213679 -0.147035
v 0.232822 -0.226569 -0.163051
v 0.245175 -0.222962 -0.179214
v 0.295952 -0.261937 -0.088728
v 0.303999 -0.278818 -0.098454
v 0.321182 -0.276657 -0.110894
v 0.327682 -0.283055 -0.039943
v 0.307147 -0.284501 -0.045136
v 0.295846 -0.267050 -0.048085
v 0.289317 -0.273550 0.025649
v 0.272363 -0.277163 0.013490
v 0.263989 -0.261422 0.002144
v 0.216907 -0.232288 0.132870
v 0.193709 -0.214851 0.110494
v 0.198921 -0.232018 0.121716
v 0.190647 -0.207169 0.149669
v 0.196036 -0.207253 0.153016
v 0.189085 -0.202019 0.146309
v 0.041415 0.538328 0.312478
v 0.023129 0.556194 0.313137
v 0.027466 0.542448 0.309939
v 0.032743 0.565821 0.318877
v 0.051030 0.547954 0.318217
v 0.046691 0.561701 0.321415
v -0.273304 0.453945 -0.130360
v -0.279221 0.477611 -0.138040
v -0.263829 0.452663 -0.141611
v -0.280999 0.466419 -0.128573
v -0.269746 0.476329 -0.149292
v -0.262050 0.463856 -0.151078
v 0.051030 0.547954 0.318217
v 0.043428 0.535824 0.308414
v 0.055516 0.547929 0.315630
v 0.041415 0.538328 0.312478
v 0.046691 0.561701 0.321415
v 0.027466 0.542448 0.309939
v 0.050064 0.565217 0.319651
v 0.025886 0.541006 0.305219
v 0.032743 0.565821 0.318877
v 0.023129 0.556194 0.313137
v 0.032523 0.570397 0.316458
v 0.020434 0.558292 0.309243
v -0.279221 0.477611 -0.138040
v -0.280865 0.468048 -0.123657
v -0.278629 0.482122 -0.135561
v -0.266715 0.480510 -0.149710
v -0.280999 0.466419 -0.128573
v -0.269746 0.476329 -0.149292
v -0.271188 0.452363 -0.125903
v -0.257037 0.464824 -0.151956
v -0.273304 0.453945 -0.130360
v -0.262050 0.463856 -0.151078
v -0.259274 0.450750 -0.140052
v -0.263829 0.452663 -0.141611
v -0.064173 0.235373 -0.316116
v -0.065321 0.245639 -0.324254
v -0.062539 0.238743 -0.322712
v -0.069756 0.249172 -0.319172
v -0.068586 0.238877 -0.311041
v -0.071387 0.245776 -0.312553
v -0.193320 -0.224629 0.196977
v -0.190887 -0.209132 0.189965
v -0.189805 -0.218991 0.189617
v -0.195493 -0.204917 0.197690
v -0.197917 -0.220425 0.204690
v -0.199008 -0.210575 0.205054
v 0.212124 -0.123973 0.093133
v 0.137747 -0.143533 0.247238
v 0.121624 -0.132873 0.238586
v 0.196137 -0.113319 0.084191
v 0.294241 -0.045780 -0.057207
v 0.278413 -0.035192 -0.066099
v 0.228275 -0.113330 0.101820
v 0.153911 -0.132921 0.255998
v 0.085107 -0.106947 0.321606
v 0.310406 -0.035311 -0.048481
v 0.301959 -0.030412 -0.118058
v 0.336773 -0.020882 -0.115604
v 0.076072 -0.117490 0.305397
v -0.090821 -0.069166 0.256184
v 0.066938 -0.106581 0.289608
v 0.322219 -0.034911 -0.120985
v 0.306555 0.023496 -0.166069
v -0.072320 -0.069358 0.224566
v 0.295234 0.006387 -0.171603
v 0.208518 0.096439 -0.229691
v 0.278056 0.001124 -0.160477
v 0.197145 0.079410 -0.235253
v 0.092914 0.111018 -0.289350
v 0.182845 0.071501 -0.222011
v 0.079820 0.095333 -0.295087
v -0.004007 0.185912 -0.376757
v 0.063552 0.089962 -0.282550
v -0.016068 0.172621 -0.387071
v -0.028584 0.159948 -0.376555
v -0.080524 0.233337 -0.360532
v -0.101668 0.204986 -0.365032
v -0.091601 0.220828 -0.372922
v -0.169858 0.269648 -0.310628
v -0.177276 0.250644 -0.305561
v 0.235669 0.071690 0.171643
v 0.319392 -0.064966 0.024359
v 0.226029 0.080693 0.154862
v 0.309521 -0.059389 0.014826
v 0.314555 -0.089169 0.002051
v 0.317551 -0.090927 0.004973
v 0.316426 -0.094251 0.008461
v 0.316054 -0.075512 0.036104
v 0.166380 0.136108 0.268740
v 0.224216 0.059930 0.185239
v 0.176230 0.123497 0.282348
v 0.169441 0.103764 0.285064
v 0.082714 0.161433 0.332263
v 0.081779 0.133663 0.356321
v 0.085705 0.154120 0.351987
v -0.056822 0.179554 0.329311
v -0.046295 0.193744 0.317533
v -0.049005 0.194035 0.296538
v -0.160721 0.257005 0.268827
v -0.144446 0.268611 0.262090
v -0.132623 0.261890 0.245949
v -0.251789 0.401549 0.189537
v -0.265260 0.398827 0.205548
v -0.282342 0.386540 0.203019
v -0.316799 0.494706 0.123849
v -0.334572 0.500805 0.133954
v -0.352918 0.490608 0.129962
v -0.311198 0.550999 0.016985
v -0.299161 0.535455 0.025590
v -0.327155 0.545596 0.003606
v -0.224952 0.480863 -0.118150
v -0.234508 0.492960 -0.131912
v -0.251404 0.486228 -0.142943
v -0.209167 0.406040 -0.164909
v -0.205073 0.398422 -0.145850
v -0.226991 0.407665 -0.173643
v -0.208777 0.332550 -0.162971
v -0.205988 0.333065 -0.141260
v -0.228775 0.328624 -0.171856
v -0.192377 0.218723 -0.163547
v -0.213048 0.219467 -0.193721
v -0.194524 0.216337 -0.184567
v -0.214890 0.185922 -0.177384
v -0.209107 0.184944 -0.174526
v -0.208436 0.185689 -0.167963
v -0.323768 0.352688 0.033137
v -0.266780 0.366221 -0.094338
v -0.311607 0.368945 0.037824
v -0.319844 0.387306 0.043486
v -0.274065 0.372882 0.121512
v -0.275124 0.336561 0.122133
v -0.267160 0.354522 0.114592
v -0.178819 0.386632 0.167802
v -0.169541 0.352682 0.177766
v -0.169328 0.368324 0.163496
v -0.000021 0.518848 0.264424
v -0.014226 0.533087 0.270400
v 0.010206 0.507344 0.278794
v 0.096257 0.596869 0.272751
v 0.089708 0.614712 0.283338
v 0.108804 0.583373 0.281393
v 0.183080 0.593879 0.155099
v 0.176277 0.560234 0.167393
v 0.170817 0.577101 0.155646
v 0.269013 0.524813 0.065973
v 0.268760 0.540811 0.053121
v 0.285384 0.553448 0.051958
v 0.315981 0.421951 -0.034138
v 0.319785 0.433314 -0.051164
v 0.339548 0.438974 -0.056050
v 0.311755 0.270540 -0.119798
v 0.312033 0.266111 -0.099285
v 0.327183 0.263597 -0.132401
v 0.233419 0.171963 -0.157948
v 0.237279 0.166468 -0.138346
v 0.246321 0.166331 -0.173036
v 0.128098 0.076487 -0.196225
v 0.130748 0.078555 -0.232634
v 0.120416 0.082911 -0.214962
v 0.034434 0.041957 -0.247472
v 0.037359 0.056721 -0.260453
v 0.044580 0.053824 -0.279871
v -0.061158 0.044358 -0.303325
v -0.060000 0.057914 -0.315009
v -0.053758 0.054966 -0.331580
v -0.085364 0.040879 -0.335601
v -0.087180 0.041741 -0.330765
v -0.087511 0.037791 -0.327360
v -0.120692 -0.184596 -0.299310
v -0.215956 -0.216109 -0.180148
v -0.120366 -0.202958 -0.309298
v -0.208292 -0.181685 -0.189731
v -0.131197 -0.168341 -0.307024
v -0.029970 -0.188535 -0.312826
v -0.030018 -0.152214 -0.314054
v -0.032073 -0.170175 -0.303280
v 0.060376 -0.202278 -0.257571
v 0.073779 -0.168331 -0.255152
v 0.061877 -0.183968 -0.247266
v 0.238193 -0.334459 -0.159099
v 0.235521 -0.348724 -0.174266
v 0.255819 -0.322978 -0.158286
v 0.296783 -0.416508 -0.082851
v 0.305834 -0.433710 -0.091060
v 0.307594 -0.399220 -0.079833
v 0.244789 -0.443613 0.053899
v 0.251813 -0.409900 0.041559
v 0.238758 -0.426306 0.043249
v 0.193423 -0.369491 0.176866
v 0.195512 -0.340004 0.156918
v 0.185107 -0.356562 0.163098
v 0.139742 -0.283776 0.242409
v 0.131726 -0.274066 0.225585
v 0.141753 -0.257445 0.217143
v 0.093934 -0.229928 0.284665
v 0.092107 -0.250490 0.285590
v 0.096902 -0.260803 0.302976
v 0.022506 -0.231960 0.300064
v 0.020376 -0.244128 0.316771
v 0.018888 -0.211592 0.301241
v -0.167549 -0.233585 0.209937
v -0.160133 -0.221547 0.194266
v -0.162505 -0.200563 0.194991
v -0.190887 -0.209132 0.189965
v -0.189805 -0.218991 0.189617
v -0.193320 -0.224629 0.196977
v 0.224118 0.396615 0.121073
v 0.300771 0.405749 -0.032507
v 0.316839 0.416120 -0.023480
v 0.208031 0.386126 0.112458
v 0.141970 0.318548 0.271375
v 0.125846 0.307933 0.262738
v 0.094892 0.303025 0.301410
v 0.142073 0.339781 0.271043
v 0.224338 0.417801 0.120841
v 0.316942 0.437380 -0.023365
v 0.325623 0.411409 -0.126244
v 0.325483 0.390081 -0.126390
v 0.307654 0.379569 -0.120766
v 0.177856 0.373641 -0.222802
v 0.185635 0.354355 -0.218542
v 0.181116 0.345025 -0.200210
v 0.071838 0.292364 -0.272815
v 0.075110 0.263697 -0.250258
v 0.079639 0.273165 -0.268658
v -0.031181 0.237510 -0.299047
v -0.026681 0.246882 -0.317432
v -0.064173 0.235373 -0.316116
v -0.034532 0.266039 -0.321754
v -0.062539 0.238743 -0.322712
v -0.065321 0.245639 -0.324254
v -0.327155 0.545596 0.003606
v -0.251404 0.486228 -0.142943
v -0.330406 0.524887 -0.001284
v -0.352918 0.490608 0.129962
v -0.258364 0.467717 -0.140543
v -0.226991 0.407665 -0.173643
v -0.353114 0.474477 0.116005
v -0.282342 0.386540 0.203019
v -0.318034 0.510380 0.007106
v -0.335157 0.468973 0.106098
v -0.248845 0.455525 -0.127128
v -0.285821 0.377025 0.184361
v -0.160721 0.257005 0.268827
v -0.272235 0.379864 0.168411
v -0.239941 0.401935 -0.163216
v -0.234838 0.392614 -0.144937
v -0.228775 0.328624 -0.171856
v -0.245293 0.326425 -0.159086
v -0.242026 0.326676 -0.137840
v -0.228024 0.228147 -0.161159
v -0.229862 0.225226 -0.182010
v -0.219567 0.188632 -0.167218
v -0.213048 0.219467 -0.193721
v -0.220140 0.187720 -0.173727
v -0.214890 0.185922 -0.177384
v -0.165194 0.238573 0.259362
v -0.153301 0.231828 0.243128
v -0.072591 0.166174 0.298688
v -0.069992 0.165675 0.319827
v -0.056822 0.179554 0.329311
v 0.072053 0.128480 0.321261
v 0.074896 0.120766 0.340815
v 0.081779 0.133663 0.356321
v 0.152901 0.096867 0.274178
v 0.143286 0.109457 0.260732
v 0.169441 0.103764 0.285064
v 0.203600 0.057244 0.182216
v 0.194112 0.065943 0.165768
v 0.224216 0.059930 0.185239
v 0.298869 -0.082472 0.038232
v 0.286137 -0.075291 0.023610
v 0.316054 -0.075512 0.036104
v 0.311211 -0.096456 0.008918
v 0.307310 -0.094269 0.004315
v 0.316426 -0.094251 0.008461
v 0.137485 -0.101278 0.247287
v 0.228345 -0.092155 0.101507
v 0.212437 -0.081660 0.092590
v 0.310627 -0.014081 -0.048749
v 0.294657 -0.003465 -0.057671
v 0.310532 0.001442 -0.104592
v 0.310406 -0.035311 -0.048481
v 0.330875 -0.002544 -0.107342
v 0.336773 -0.020882 -0.115604
v 0.228275 -0.113330 0.101820
v 0.306555 0.023496 -0.166069
v 0.300510 0.035143 -0.149382
v 0.283303 0.029724 -0.138478
v 0.153763 -0.111652 0.255978
v 0.153911 -0.132921 0.255998
v 0.085107 -0.106947 0.321606
v 0.205414 0.105484 -0.210748
v 0.190972 0.097401 -0.197509
v 0.208518 0.096439 -0.229691
v 0.089903 0.121276 -0.271290
v 0.073776 0.116034 -0.258698
v 0.092914 0.111018 -0.289350
v -0.004519 0.186297 -0.356099
v -0.004007 0.185912 -0.376757
v -0.016896 0.173737 -0.346029
v -0.080524 0.233337 -0.360532
v -0.079648 0.229960 -0.340501
v -0.089667 0.214351 -0.332832
v -0.159520 0.281061 -0.296533
v -0.156199 0.273140 -0.277431
v -0.163873 0.254053 -0.272194
v -0.231127 0.341107 -0.223133
v -0.234416 0.310266 -0.206707
v -0.225806 0.328745 -0.209202
v -0.263075 0.400699 -0.106796
v -0.255038 0.383840 -0.096522
v 0.051768 0.269323 0.317125
v 0.103548 0.307010 0.320024
v 0.040986 0.280956 0.331212
v 0.099770 0.325349 0.329447
v 0.051674 0.274732 0.296767
v -0.051357 0.198903 0.270056
v -0.065517 0.207935 0.282908
v -0.047914 0.206959 0.250850
v -0.164768 0.133872 0.205329
v -0.178174 0.144233 0.217734
v -0.162755 0.139215 0.185055
v -0.304037 -0.001567 0.183281
v -0.286967 -0.002080 0.171665
v -0.285090 0.010668 0.155743
v -0.331563 -0.048980 0.110126
v -0.314193 -0.045609 0.100068
v -0.313131 -0.030011 0.087497
v -0.320116 -0.096713 0.009091
v -0.302175 -0.089368 0.000674
v -0.301698 -0.070392 -0.008204
v -0.203667 -0.198939 -0.178663
v -0.219567 0.188632 -0.167218
v -0.208436 0.185689 -0.167963
v -0.213727 0.187659 -0.164232
v -0.209107 0.184944 -0.174526
v -0.220140 0.187720 -0.173727
v -0.214890 0.185922 -0.177384
v 0.196137 -0.113319 0.084191
v 0.121624 -0.132873 0.238586
v 0.121643 -0.111830 0.238702
v 0.066938 -0.106581 0.289608
v 0.196367 -0.092150 0.083946
v 0.278413 -0.035192 -0.066099
v 0.066527 -0.085963 0.289760
v -0.072320 -0.069358 0.224566
v 0.212437 -0.081660 0.092590
v 0.137485 -0.101278 0.247287
v 0.075477 -0.075107 0.305526
v -0.069813 -0.040602 0.246835
v -0.064570 -0.050294 0.228978
v -0.278088 0.067036 0.139829
v 0.278508 -0.014095 -0.066340
v 0.294657 -0.003465 -0.057671
v 0.310532 0.001442 -0.104592
v 0.296582 -0.012228 -0.109877
v 0.301959 -0.030412 -0.118058
v 0.283303 0.029724 -0.138478
v 0.278056 0.001124 -0.160477
v 0.272143 0.012796 -0.144042
v 0.190972 0.097401 -0.197509
v 0.179734 0.080396 -0.203239
v 0.182845 0.071501 -0.222011
v 0.073776 0.116034 -0.258698
v 0.060541 0.100361 -0.264302
v 0.063552 0.089962 -0.282550
v -0.016896 0.173737 -0.346029
v -0.028852 0.160703 -0.355951
v -0.028584 0.159948 -0.376555
v -0.089667 0.214351 -0.332832
v -0.101668 0.204986 -0.365032
v -0.100619 0.201868 -0.344929
v -0.163873 0.254053 -0.272194
v -0.177276 0.250644 -0.305561
v -0.174566 0.243005 -0.286250
v -0.234416 0.310266 -0.206707
v -0.255082 0.316506 -0.231617
v -0.249316 0.303814 -0.217753
v 0.196036 -0.207253 0.153016
v 0.198290 -0.197051 0.149643
v 0.192910 -0.196962 0.146301
v 0.199855 -0.202191 0.153000
v 0.190647 -0.207169 0.149669
v 0.189085 -0.202019 0.146309
v -0.255321 0.464420 -0.117729
v -0.271188 0.452363 -0.125903
v -0.259274 0.450750 -0.140052
v -0.280865 0.468048 -0.123657
v -0.247137 0.463312 -0.127452
v -0.261972 0.475197 -0.116187
v -0.257037 0.464824 -0.151956
v -0.260435 0.484866 -0.124365
v -0.245598 0.472981 -0.135629
v -0.278629 0.482122 -0.135561
v -0.252248 0.483760 -0.134086
v -0.266715 0.480510 -0.149710
v 0.034952 0.550904 0.288375
v 0.025886 0.541006 0.305219
v 0.020434 0.558292 0.309243
v 0.043428 0.535824 0.308414
v 0.031206 0.562782 0.291139
v 0.047005 0.547345 0.290569
v 0.039511 0.571100 0.296097
v 0.055311 0.555662 0.295528
v 0.032523 0.570397 0.316458
v 0.055516 0.547929 0.315630
v 0.050064 0.565217 0.319651
v 0.051563 0.567540 0.298292
v 0.310125 -0.090231 0.001357
v 0.286137 -0.075291 0.023610
v 0.294811 -0.062711 0.013228
v 0.307310 -0.094269 0.004315
v 0.314555 -0.089169 0.002051
v 0.309521 -0.059389 0.014826
v 0.226029 0.080693 0.154862
v 0.205105 0.077651 0.152004
v 0.194112 0.065943 0.165768
v 0.166380 0.136108 0.268740
v 0.149921 0.128968 0.257966
v 0.143286 0.109457 0.260732
v 0.082714 0.161433 0.332263
v 0.075947 0.148499 0.317209
v 0.072053 0.128480 0.321261
v -0.049005 0.194035 0.296538
v -0.072591 0.166174 0.298688
v -0.062091 0.180408 0.287171
v -0.132623 0.261890 0.245949
v -0.153301 0.231828 0.243128
v -0.137006 0.243530 0.236456
v -0.255278 0.392091 0.171043
v -0.251789 0.401549 0.189537
v -0.272235 0.379864 0.168411
v -0.317480 0.479079 0.110066
v -0.316799 0.494706 0.123849
v -0.335157 0.468973 0.106098
v -0.303242 0.515429 0.020313
v -0.299161 0.535455 0.025590
v -0.318034 0.510380 0.007106
v -0.224952 0.480863 -0.118150
v -0.232060 0.462276 -0.115877
v -0.248845 0.455525 -0.127128
v -0.205073 0.398422 -0.145850
v -0.218134 0.390937 -0.136806
v -0.234838 0.392614 -0.144937
v -0.205988 0.333065 -0.141260
v -0.222552 0.329882 -0.128604
v -0.242026 0.326676 -0.137840
v -0.228024 0.228147 -0.161159
v -0.209318 0.225030 -0.151598
v -0.219567 0.188632 -0.167218
v -0.192377 0.218723 -0.163547
v -0.213727 0.187659 -0.164232
v -0.208436 0.185689 -0.167963
v 0.084900 -0.085614 0.321630
v 0.075477 -0.075107 0.305526
v -0.082949 -0.049902 0.260516
v -0.069813 -0.040602 0.246835
v -0.090821 -0.069166 0.256184
v -0.278088 0.067036 0.139829
v -0.291014 0.057629 0.153821
v -0.298839 0.038298 0.149540
v -0.334079 0.105708 0.037761
v -0.354994 0.101520 0.037273
v -0.361606 0.081547 0.033995
v -0.293600 0.090465 -0.105174
v -0.287183 0.110666 -0.107217
v -0.266777 0.115593 -0.103835
v -0.163812 -0.006699 -0.295202
v -0.170967 -0.026756 -0.295846
v -0.147278 -0.001886 -0.282725
v -0.050001 -0.033816 -0.335473
v -0.054758 -0.054238 -0.334648
v -0.047927 -0.022946 -0.317673
v 0.067147 -0.087720 -0.285965
v 0.076735 -0.069268 -0.288073
v 0.075097 -0.054933 -0.272933
v 0.173003 -0.123928 -0.212512
v 0.168748 -0.138645 -0.227088
v 0.154273 -0.153500 -0.223172
v 0.257441 -0.193524 -0.163026
v 0.245175 -0.222962 -0.179214
v 0.257544 -0.206357 -0.179191
v 0.321547 -0.240610 -0.103416
v 0.330047 -0.257417 -0.113347
v 0.321182 -0.276657 -0.110894
v 0.336645 -0.263880 -0.037826
v 0.324946 -0.246447 -0.040948
v 0.327682 -0.283055 -0.039943
v 0.297820 -0.254162 0.026381
v 0.289371 -0.238531 0.014984
v 0.289317 -0.273550 0.025649
v 0.224417 -0.198275 0.121567
v 0.216907 -0.232288 0.132870
v 0.229647 -0.215403 0.132782
v 0.198290 -0.197051 0.149643
v 0.196036 -0.207253 0.153016
v 0.199855 -0.202191 0.153000
v -0.273125 0.057222 0.121829
v -0.280819 0.038271 0.117638
v -0.334079 0.105708 0.037761
v -0.320231 0.090001 0.034990
v -0.326705 0.070645 0.031830
v -0.266777 0.115593 -0.103835
v -0.259493 0.080511 -0.096579
v -0.252976 0.100419 -0.098548
v -0.147278 -0.001886 -0.282725
v -0.138111 -0.016834 -0.271196
v -0.145036 -0.036541 -0.271754
v -0.050591 -0.032491 -0.299359
v -0.055277 -0.052470 -0.298609
v -0.047927 -0.022946 -0.317673
v 0.054434 -0.077580 -0.253895
v 0.063906 -0.059157 -0.255819
v 0.075097 -0.054933 -0.272933
v 0.148253 -0.139016 -0.190140
v 0.173003 -0.123928 -0.212512
v 0.162737 -0.124113 -0.194015
v 0.245097 -0.197228 -0.147039
v 0.232838 -0.213679 -0.147035
v 0.257441 -0.193524 -0.163026
v 0.304512 -0.243199 -0.091196
v 0.321547 -0.240610 -0.103416
v 0.295952 -0.261937 -0.088728
v 0.324946 -0.246447 -0.040948
v 0.304609 -0.248259 -0.046036
v 0.295846 -0.267050 -0.048085
v 0.289371 -0.238531 0.014984
v 0.272524 -0.242156 0.002927
v 0.263989 -0.261422 0.002144
v 0.193709 -0.214851 0.110494
v 0.206466 -0.197994 0.110432
v 0.224417 -0.198275 0.121567
v 0.192910 -0.196962 0.146301
v 0.189085 -0.202019 0.146309
v 0.198290 -0.197051 0.149643
v -0.286105 0.365583 -0.102601
v -0.266780 0.366221 -0.094338
v -0.294084 0.382164 -0.112627
v -0.323768 0.352688 0.033137
v -0.344888 0.354516 0.034079
v -0.353591 0.373094 0.039806
v -0.297306 0.355900 0.144067
v -0.290280 0.337139 0.136967
v -0.275124 0.336561 0.122133
v -0.188856 0.374083 0.200537
v -0.179341 0.355534 0.196383
v -0.169541 0.352682 0.177766
v 0.010206 0.507344 0.278794
v 0.006204 0.510035 0.299372
v -0.008174 0.524378 0.305521
v 0.108804 0.583373 0.281393
v 0.114792 0.585659 0.301571
v 0.108930 0.603190 0.312687
v 0.206296 0.578239 0.178396
v 0.194363 0.561064 0.179207
v 0.176277 0.560234 0.167393
v 0.269013 0.524813 0.065973
v 0.285346 0.520774 0.077078
v 0.302040 0.532770 0.076283
v 0.331583 0.415912 -0.021551
v 0.315981 0.421951 -0.034138
v 0.351636 0.421454 -0.026068
v 0.312033 0.266111 -0.099285
v 0.327615 0.254700 -0.091041
v 0.343123 0.247452 -0.103541
v 0.254166 0.155230 -0.133756
v 0.267216 0.149490 -0.148929
v 0.237279 0.166468 -0.138346
v 0.156840 0.061084 -0.213100
v 0.146336 0.065530 -0.195220
v 0.128098 0.076487 -0.196225
v 0.038785 0.024067 -0.254005
v 0.046103 0.021108 -0.273598
v 0.034434 0.041957 -0.247472
v -0.056112 0.027892 -0.308163
v -0.049888 0.024911 -0.324684
v -0.061158 0.044358 -0.303325
v -0.086039 0.032996 -0.328778
v -0.084232 0.032126 -0.333584
v -0.087511 0.037791 -0.327360
v 0.320716 -0.429222 -0.006066
v 0.304381 -0.428112 -0.026868
v 0.325698 -0.429135 -0.023954
v 0.325250 -0.413300 -0.033639
v 0.300958 -0.428172 -0.014580
v 0.304074 -0.417233 -0.033523
v 0.297229 -0.417352 -0.008944
v 0.300345 -0.406412 -0.027887
v 0.315287 -0.413473 0.002135
v 0.319822 -0.397551 -0.025436
v 0.314841 -0.397638 -0.007551
v 0.296923 -0.406472 -0.015599
v 0.240017 -0.193281 -0.206876
v 0.230276 -0.185894 -0.183395
v 0.239571 -0.175995 -0.200115
v 0.251721 -0.170814 -0.187065
v 0.230582 -0.197772 -0.188041
v 0.238623 -0.182334 -0.174429
v 0.239237 -0.206088 -0.183721
v 0.247277 -0.190650 -0.170110
v 0.252614 -0.205387 -0.200587
v 0.264317 -0.182918 -0.180777
v 0.264763 -0.200206 -0.187538
v 0.247584 -0.202529 -0.174754
v 0.090110 -0.202289 -0.290281
v 0.079797 -0.201242 -0.271401
v 0.067879 -0.201183 -0.275951
v 0.072764 -0.202204 -0.296903
v 0.097770 -0.186542 -0.284113
v 0.063079 -0.186369 -0.297359
v 0.085060 -0.190420 -0.267164
v 0.061225 -0.190302 -0.276264
v 0.078407 -0.179542 -0.267477
v 0.066488 -0.179483 -0.272027
v 0.088085 -0.170707 -0.284570
v 0.070739 -0.170621 -0.291192
v -0.269925 0.060041 -0.164768
v -0.245274 0.050900 -0.167847
v -0.251706 0.051710 -0.156860
v -0.260564 0.058864 -0.180759
v -0.266009 0.073593 -0.152694
v -0.247284 0.071235 -0.184674
v -0.249014 0.061019 -0.148564
v -0.236149 0.059399 -0.170537
v -0.239890 0.069520 -0.151254
v -0.233457 0.068710 -0.162241
v -0.252729 0.085965 -0.156611
v -0.243367 0.084785 -0.172602
v 0.082918 0.316696 0.292512
v 0.051674 0.274732 0.296767
v 0.040970 0.291662 0.290353
v -0.047914 0.206959 0.250850
v 0.030313 0.303339 0.304195
v -0.058577 0.224008 0.244475
v -0.162755 0.139215 0.185055
v -0.072704 0.233041 0.257272
v -0.174280 0.155082 0.177092
v -0.187841 0.165552 0.189560
v -0.316878 0.024548 0.162573
v -0.299819 0.023743 0.151253
v -0.285090 0.010668 0.155743
v -0.346725 -0.020637 0.094738
v -0.313131 -0.030011 0.087497
v -0.329224 -0.017525 0.084777
v -0.337408 -0.065691 -0.000436
v -0.319239 -0.058449 -0.008796
v -0.301698 -0.070392 -0.008204
v -0.237526 -0.198234 -0.203933
v -0.225005 -0.181239 -0.202257
v -0.208292 -0.181685 -0.189731
v -0.131197 -0.168341 -0.307024
v -0.141794 -0.170168 -0.325316
v -0.141664 -0.188748 -0.335734
v -0.023508 -0.171554 -0.344562
v -0.025700 -0.152792 -0.334816
v -0.030018 -0.152214 -0.314054
v 0.082524 -0.189743 -0.283691
v 0.084167 -0.171193 -0.273448
v 0.073779 -0.168331 -0.255152
v 0.255819 -0.322978 -0.158286
v 0.270963 -0.325702 -0.172751
v 0.268370 -0.340049 -0.188159
v 0.307594 -0.399220 -0.079833
v 0.328169 -0.398291 -0.084822
v 0.337789 -0.415456 -0.093086
v 0.277058 -0.427508 0.061073
v 0.270721 -0.410434 0.050330
v 0.251813 -0.409900 0.041559
v 0.222741 -0.348971 0.178137
v 0.214251 -0.336165 0.164356
v 0.195512 -0.340004 0.156918
v 0.167960 -0.260591 0.242614
v 0.141753 -0.257445 0.217143
v 0.159921 -0.250657 0.225664
v 0.093934 -0.229928 0.284665
v 0.100844 -0.219099 0.301326
v 0.105895 -0.229346 0.319073
v 0.018888 -0.211592 0.301241
v 0.013060 -0.202872 0.319391
v 0.010852 -0.214953 0.336524
v -0.179782 -0.203654 0.227158
v -0.172323 -0.191589 0.211429
v -0.162505 -0.200563 0.194991
v -0.199008 -0.210575 0.205054
v -0.190887 -0.209132 0.189965
v -0.195493 -0.204917 0.197690
v 0.339904 0.405736 -0.034658
v 0.355637 0.398909 -0.021626
v 0.355571 0.416713 -0.016360
v 0.363444 0.394024 -0.037748
v 0.339860 0.417969 -0.031040
v 0.345268 0.402380 -0.045735
v 0.363313 0.429635 -0.027216
v 0.371187 0.406945 -0.048605
v 0.345179 0.426846 -0.038498
v 0.350588 0.411257 -0.053193
v 0.350544 0.423491 -0.049575
v 0.371121 0.424750 -0.043339
v 0.282224 0.021841 -0.169427
v 0.276482 0.019996 -0.195204
v 0.293470 0.020041 -0.187710
v 0.300937 0.035955 -0.181731
v 0.270552 0.021811 -0.174577
v 0.287354 0.032775 -0.165320
v 0.266963 0.035866 -0.196722
v 0.280813 0.043678 -0.166362
v 0.264012 0.032714 -0.175620
v 0.291419 0.051824 -0.183248
v 0.269143 0.043646 -0.171513
v 0.274430 0.051780 -0.190744
v -0.030339 0.243491 0.308065
v -0.042372 0.242403 0.284511
v -0.048666 0.243336 0.305087
v -0.029780 0.242510 0.286557
v -0.048238 0.231508 0.281410
v -0.020551 0.227787 0.306529
v -0.057205 0.227479 0.300574
v -0.023054 0.231720 0.285501
v -0.047415 0.211776 0.299038
v -0.028921 0.220826 0.282398
v -0.041513 0.220719 0.280354
v -0.029089 0.211931 0.302015
v 0.109063 0.046145 -0.238272
v 0.120457 0.039318 -0.255227
v 0.125705 0.057122 -0.255689
v 0.103636 0.034433 -0.261385
v 0.112668 0.058378 -0.238589
v 0.097505 0.042789 -0.242503
v 0.114128 0.070042 -0.262307
v 0.089550 0.051666 -0.247049
v 0.104714 0.067255 -0.243137
v 0.092060 0.047354 -0.268003
v 0.093156 0.063899 -0.247367
v 0.097306 0.065159 -0.268465
v 0.284983 0.416286 -0.041226
v 0.192110 0.396624 0.103568
v 0.192186 0.417782 0.103238
v 0.284887 0.437367 -0.041182
v 0.109984 0.339656 0.253601
v 0.290637 0.410979 -0.114623
v 0.109836 0.318561 0.253813
v 0.208031 0.386126 0.112458
v 0.125846 0.307933 0.262738
v 0.300771 0.405749 -0.032507
v 0.094892 0.303025 0.301410
v 0.307654 0.379569 -0.120766
v 0.078928 0.334879 0.301452
v 0.290437 0.390461 -0.115074
v 0.181116 0.345025 -0.200210
v 0.161059 0.373804 -0.190223
v 0.168876 0.354659 -0.186151
v 0.075110 0.263697 -0.250258
v 0.055063 0.292725 -0.240424
v 0.062785 0.273532 -0.236113
v -0.031181 0.237510 -0.299047
v -0.043519 0.247259 -0.284944
v -0.064173 0.235373 -0.316116
v -0.051395 0.266419 -0.289219
v -0.068586 0.238877 -0.311041
v -0.071387 0.245776 -0.312553
v 0.041843 0.269268 -0.272284
v 0.062395 0.265044 -0.288425
v 0.054130 0.268781 -0.268891
v 0.060483 0.279552 -0.266367
v 0.044511 0.265752 -0.293365
v 0.071640 0.280720 -0.284752
v 0.035873 0.282139 -0.294633
v 0.063003 0.297107 -0.286019
v 0.035908 0.280525 -0.273154
v 0.054548 0.290811 -0.267236
v 0.042260 0.291297 -0.270631
v 0.045117 0.297816 -0.290960
v -0.059362 -0.086260 0.267811
v -0.042978 -0.076777 0.257538
v -0.034112 -0.085645 0.259885
v -0.042942 -0.065832 0.264092
v -0.046460 -0.099167 0.271225
v -0.059310 -0.070330 0.277350
v -0.025210 -0.083568 0.268783
v -0.034040 -0.063755 0.272991
v -0.033504 -0.096145 0.284177
v -0.046355 -0.067307 0.290303
v -0.033452 -0.080215 0.293716
v -0.025175 -0.072624 0.275336
v -0.324607 0.035833 0.175930
v -0.309826 0.037662 0.187016
v -0.310453 0.025182 0.163679
v -0.333668 0.019647 0.175134
v -0.300296 0.026438 0.171295
v -0.316678 0.014061 0.163130
v -0.304104 0.023303 0.197304
v -0.312747 0.004196 0.170198
v -0.296365 0.016574 0.178364
v -0.327946 0.005287 0.185420
v -0.302588 0.005452 0.177816
v -0.313164 0.007116 0.196505
v -0.199061 0.288090 0.266148
v -0.184474 0.299320 0.268576
v -0.189371 0.284386 0.247273
v -0.197034 0.269720 0.267935
v -0.179348 0.292101 0.248940
v -0.187978 0.271764 0.248501
v -0.167934 0.287195 0.251837
v -0.180422 0.262580 0.272151
v -0.167861 0.292179 0.272791
v -0.176563 0.266860 0.251397
v -0.165835 0.273809 0.274578
v -0.166541 0.274573 0.253064
v 0.313170 -0.049389 0.063583
v 0.294807 -0.039864 0.057585
v 0.296026 -0.029243 0.064549
v 0.286797 -0.049059 0.061326
v 0.314941 -0.033934 0.073717
v 0.301512 -0.062775 0.069026
v 0.289232 -0.027820 0.075253
v 0.280003 -0.047638 0.072030
v 0.305054 -0.031862 0.089296
v 0.291624 -0.060704 0.084605
v 0.293396 -0.045247 0.094739
v 0.281221 -0.037019 0.078992
v -0.319613 0.363189 -0.011039
v -0.339054 0.359674 -0.019617
v -0.329213 0.358965 -0.035344
v -0.342735 0.376060 -0.011701
v -0.312851 0.362702 -0.021845
v -0.322142 0.374448 -0.005600
v -0.323052 0.374642 -0.043156
v -0.317908 0.385219 -0.010967
v -0.308617 0.373474 -0.027213
v -0.336575 0.391738 -0.019512
v -0.311146 0.384732 -0.021774
v -0.326733 0.391029 -0.035239
v 0.110944 0.148260 0.320148
v 0.110440 0.165082 0.340583
v 0.125549 0.159363 0.331433
v 0.100561 0.152189 0.326437
v 0.115645 0.136591 0.322261
v 0.094882 0.144450 0.334838
v 0.132390 0.142378 0.334507
v 0.102173 0.153815 0.352809
v 0.109964 0.128849 0.330661
v 0.099583 0.132779 0.336949
v 0.124123 0.131111 0.346733
v 0.109013 0.136830 0.355884
v -0.110610 0.207925 -0.349102
v -0.127831 0.202202 -0.360702
v -0.115355 0.201949 -0.374451
v -0.102037 0.207751 -0.358549
v -0.115085 0.219052 -0.344754
v -0.109393 0.217891 -0.381872
v -0.134345 0.218396 -0.354373
v -0.097940 0.218705 -0.363646
v -0.128382 0.234338 -0.361793
v -0.102416 0.229832 -0.359299
v -0.110987 0.230006 -0.349852
v -0.115906 0.234086 -0.375541
v 0.175279 0.381898 0.181464
v 0.178948 0.396440 0.203278
v 0.189874 0.396202 0.188266
v 0.201452 0.381965 0.185437
v 0.167773 0.382060 0.191778
v 0.183235 0.372116 0.179518
v 0.179602 0.382439 0.215458
v 0.183683 0.362497 0.187887
v 0.168222 0.372442 0.200146
v 0.202105 0.367966 0.197616
v 0.176176 0.362659 0.198200
v 0.191178 0.368204 0.212627
v -0.256015 -0.174295 -0.136851
v -0.261913 -0.173420 -0.125573
v -0.271229 -0.185467 -0.147225
v -0.279813 -0.184194 -0.130811
v -0.270704 -0.170796 -0.158592
v -0.287874 -0.168247 -0.125763
v -0.255656 -0.164214 -0.144660
v -0.267450 -0.162463 -0.122104
v -0.261195 -0.153259 -0.141192
v -0.267093 -0.152383 -0.129915
v -0.278767 -0.154849 -0.153544
v -0.287350 -0.153575 -0.137130
v 0.107025 -0.262999 0.324209
v 0.097085 -0.252720 0.308101
v 0.107497 -0.249182 0.301633
v 0.090752 -0.244184 0.315154
v 0.122178 -0.257850 0.314797
v 0.097805 -0.250575 0.334476
v 0.111576 -0.237108 0.302220
v 0.094828 -0.232110 0.315741
v 0.128112 -0.240277 0.315651
v 0.103741 -0.233002 0.335330
v 0.105240 -0.228571 0.309274
v 0.118895 -0.227854 0.325918
v -0.336973 0.497820 0.116134
v -0.362846 0.502563 0.119116
v -0.348983 0.514093 0.123544
v -0.346499 0.489899 0.113092
v -0.330118 0.495791 0.126701
v -0.349168 0.479947 0.120616
v -0.339006 0.511139 0.138922
v -0.366732 0.488079 0.130067
v -0.332788 0.485841 0.134224
v -0.342312 0.477917 0.131181
v -0.342890 0.496657 0.149871
v -0.356755 0.485126 0.145443
vn -0.6376 0.5660 0.5225
vn -0.6377 0.5660 0.5225
vn -0.6375 0.5661 0.5225
vn -0.3258 0.9453 -0.0171
vn 0.0394 0.8372 0.5454
vn -0.1030 0.3075 0.9460
vn -0.8330 0.5235 -0.1791
vn -0.6104 -0.1145 0.7837
vn -0.8331 0.5234 -0.1791
vn -0.6104 -0.1144 0.7838
vn -0.9752 -0.0064 0.2214
vn -0.9751 -0.0064 0.2215
vn 0.1258 -0.9918 0.0204
vn 0.1213 -0.8357 -0.5356
vn -0.0146 -0.9989 0.0449
vn 0.1780 -0.5375 -0.8243
vn 0.2392 -0.4896 -0.8385
vn -0.0628 -0.8127 -0.5792
vn -0.3578 -0.9266 -0.1160
vn -0.4472 -0.8133 -0.3722
vn -0.0339 -0.6782 -0.7341
vn 0.3629 -0.4144 -0.8346
vn -0.1578 -0.9484 -0.2751
vn 0.4104 -0.8529 -0.3228
vn 0.7572 -0.5683 -0.3220
vn 0.7722 -0.4810 0.4152
vn 0.3705 -0.8499 0.3747
vn -0.0706 -0.9751 0.2103
vn -0.1412 -0.7698 0.6224
vn 0.3305 -0.5927 0.7345
vn 0.7151 -0.2364 0.6578
vn 0.0029 -0.7896 0.6136
vn 0.4666 -0.4664 0.7515
vn 0.7208 -0.1017 0.6856
vn 0.0482 -0.8860 0.4612
vn 0.4693 -0.0480 0.8818
vn 0.3470 -0.4924 0.7982
vn -0.1576 -0.8965 0.4140
vn -0.1670 -0.4985 0.8506
vn -0.2312 -0.0744 0.9701
vn -0.5411 -0.5679 0.6203
vn -0.3274 -0.8996 0.2891
vn -0.6199 -0.1125 0.7766
vn -0.6542 -0.5591 0.5094
vn -0.4199 -0.8789 0.2261
vn -0.7329 -0.1074 0.6718
vn 0.5687 -0.2304 0.7896
vn 0.5687 -0.2305 0.7896
vn 0.6346 0.4736 0.6108
vn 0.9718 0.0194 0.2349
vn 0.9718 0.0193 0.2351
vn 0.7547 -0.6236 0.2040
vn 0.6348 0.4737 0.6104
vn 0.7547 -0.6236 0.2041
vn 0.0803 0.2852 0.9551
vn 0.2005 -0.8119 0.5483
vn 0.0797 0.2852 0.9552
vn 0.2003 -0.8121 0.5481
vn -0.1368 -0.3575 0.9239
vn -0.1368 -0.3574 0.9239
vn -0.8552 -0.2981 -0.4241
vn -0.8552 -0.2980 -0.4241
vn -0.8551 -0.2980 -0.4242
vn -0.8551 -0.2981 -0.4241
vn -0.9226 0.3643 -0.1267
vn -0.9417 -0.1721 0.2892
vn -0.9225 0.3646 -0.1266
vn -0.9416 -0.1722 0.2893
vn -0.6090 0.3183 -0.7265
vn -0.6468 -0.7555 0.1045
vn -0.6088 0.3182 -0.7267
vn -0.3134 -0.2654 -0.9118
vn -0.3327 -0.8021 -0.4959
vn -0.3135 -0.2653 -0.9118
vn 0.7136 0.4785 0.5117
vn 0.7137 0.4787 0.5114
vn 0.5477 -0.1611 0.8210
vn 0.1239 0.3599 0.9247
vn 0.1240 0.3598 0.9248
vn 0.0997 0.8720 0.4792
vn 0.5474 -0.1612 0.8212
vn 0.1002 0.8720 0.4792
vn 0.9473 -0.1700 0.2716
vn 0.4999 0.8633 -0.0699
vn 0.9473 -0.1702 0.2715
vn 0.4999 0.8633 -0.0698
vn 0.9234 0.3425 -0.1736
vn 0.9233 0.3425 -0.1736
vn -0.7404 -0.0354 -0.6713
vn -0.7404 -0.0355 -0.6713
vn -0.7401 -0.0352 -0.6716
vn -0.7402 -0.0353 -0.6714
vn -0.7817 0.5664 -0.2611
vn -0.9998 -0.0168 0.0102
vn -0.9998 -0.0168 0.0101
vn -0.7615 -0.6092 -0.2213
vn -0.7616 -0.6091 -0.2211
vn -0.3254 0.5571 -0.7640
vn -0.3052 -0.6185 -0.7241
vn -0.3254 0.5571 -0.7641
vn -0.0873 -0.0353 -0.9956
vn -0.0874 -0.0352 -0.9956
vn 0.5795 0.3654 0.7285
vn 0.5795 0.3653 0.7285
vn 0.9781 0.0588 0.1996
vn 0.7280 0.6800 0.0873
vn 0.7277 0.6802 0.0875
vn 0.9781 0.0587 0.1996
vn 0.1750 0.8893 0.4224
vn 0.6756 -0.3534 0.6471
vn 0.1749 0.8895 0.4222
vn 0.6757 -0.3533 0.6470
vn -0.1274 0.4774 0.8694
vn 0.1229 -0.1440 0.9819
vn -0.1275 0.4773 0.8695
vn 0.1229 -0.1439 0.9819
vn -0.8444 0.0671 -0.5314
vn -0.8445 0.0671 -0.5314
vn -0.8444 0.0670 -0.5315
vn 0.7362 -0.4281 0.5242
vn 0.7365 -0.4279 0.5238
vn 0.7361 -0.4281 0.5243
vn 0.7362 -0.4281 0.5241
vn -0.7544 0.6487 -0.1003
vn -0.9798 0.0752 0.1856
vn -0.9797 0.0752 0.1856
vn -0.7543 0.6489 -0.1001
vn -0.8449 -0.5247 -0.1043
vn -0.3943 0.6223 -0.6762
vn -0.8450 -0.5245 -0.1040
vn -0.3943 0.6225 -0.6761
vn -0.4850 -0.5503 -0.6796
vn -0.2597 0.0232 -0.9654
vn -0.4850 -0.5503 -0.6797
vn -0.2598 0.0233 -0.9654
vn 0.4759 -0.8794 0.0136
vn 0.9020 -0.3898 -0.1855
vn 0.9021 -0.3899 -0.1851
vn 0.9668 0.1757 0.1855
vn 0.1139 -0.8038 0.5839
vn 0.9668 0.1757 0.1854
vn 0.1134 -0.8041 0.5836
vn 0.6050 0.2514 0.7555
vn 0.1784 -0.2383 0.9547
vn 0.6050 0.2510 0.7556
vn 0.1783 -0.2384 0.9547
vn -0.2166 0.0709 0.9737
vn -0.2166 0.0708 0.9737
vn -0.2165 0.0712 0.9737
vn -0.2165 0.0711 0.9737
vn 0.3746 0.4627 0.8035
vn -0.2326 0.7239 0.6495
vn -0.2331 0.7240 0.6492
vn -0.7668 0.3132 0.5603
vn 0.4488 -0.2092 0.8688
vn -0.6923 -0.3586 0.6262
vn 0.4493 -0.2092 0.8685
vn -0.6922 -0.3586 0.6263
vn -0.0848 -0.6201 0.7799
vn -0.0848 -0.6202 0.7799
vn -0.5962 0.2969 0.7459
vn -0.5963 0.2968 0.7459
vn -0.7690 -0.3741 0.5184
vn -0.9783 0.1510 0.1421
vn -0.9783 0.1511 0.1421
vn -0.6469 0.7432 0.1711
vn -0.7689 -0.3741 0.5184
vn -0.6468 0.7432 0.1711
vn -0.2281 -0.3074 0.9238
vn -0.1061 0.8101 0.5766
vn -0.2282 -0.3074 0.9238
vn -0.1061 0.8100 0.5767
vn 0.1034 0.2847 0.9530
vn 0.1034 0.2846 0.9530
vn -0.5945 -0.4116 0.6907
vn -0.5948 -0.4115 0.6906
vn -0.5944 -0.4117 0.6908
vn -0.5946 -0.4116 0.6907
vn 0.0375 -0.1918 0.9807
vn 0.0360 -0.7742 0.6319
vn 0.0357 -0.7743 0.6318
vn 0.0375 -0.1916 0.9808
vn -0.4382 -0.8849 0.1579
vn -0.4345 0.2805 0.8559
vn -0.4381 -0.8849 0.1579
vn -0.4345 0.2806 0.8559
vn -0.9103 -0.4127 0.0331
vn -0.9084 0.1701 0.3820
vn 0.2681 0.0670 -0.9610
vn 0.2685 0.0676 -0.9609
vn 0.2683 0.0674 -0.9610
vn 0.2683 0.0673 -0.9610
vn 0.2684 0.0676 -0.9609
vn -0.1192 0.6487 -0.7517
vn -0.4575 0.0753 -0.8860
vn -0.4575 0.0751 -0.8860
vn -0.1415 -0.5243 -0.8397
vn -0.1193 0.6486 -0.7517
vn -0.1414 -0.5244 -0.8397
vn 0.5351 0.6228 -0.5708
vn 0.5129 -0.5504 -0.6588
vn 0.8511 0.0233 -0.5245
vn 0.8511 0.0232 -0.5245
vn 0.3748 -0.1342 -0.9174
vn 0.3747 -0.1342 -0.9174
vn 0.3748 -0.1343 -0.9173
vn 0.3747 -0.1341 -0.9174
vn -0.1558 -0.1919 0.9690
vn -0.1559 -0.1916 0.9690
vn -0.1558 -0.1918 0.9690
vn -0.3404 -0.2776 -0.8984
vn 0.0831 -0.7497 -0.6565
vn 0.0832 -0.7498 -0.6565
vn 0.6986 -0.5712 -0.4310
vn -0.3404 -0.2772 -0.8985
vn -0.1484 0.3741 -0.9154
vn 0.8904 0.0801 -0.4481
vn -0.1484 0.3742 -0.9154
vn 0.8906 0.0800 -0.4477
vn 0.4667 0.5528 -0.6904
vn 0.4669 0.5531 -0.6900
vn -0.7847 -0.1466 0.6022
vn -0.4267 -0.7211 0.5459
vn -0.4267 -0.7211 0.5458
vn 0.2438 -0.7154 0.6548
vn -0.7847 -0.1465 0.6023
vn -0.4725 0.4337 0.7672
vn 0.5559 -0.1350 0.8202
vn 0.1981 0.4395 0.8762
vn 0.1981 0.4394 0.8762
vn 0.3986 0.1527 -0.9043
vn 0.3988 0.1524 -0.9043
vn 0.3989 0.1523 -0.9043
vn 0.3988 0.1527 -0.9042
vn -0.0555 0.6925 -0.7193
vn -0.3290 0.1104 -0.9379
vn -0.3289 0.1104 -0.9379
vn 0.0193 -0.4702 -0.8823
vn -0.0555 0.6924 -0.7194
vn 0.0193 -0.4702 -0.8824
vn 0.5658 0.6941 -0.4450
vn 0.6408 -0.4686 -0.6081
vn 0.5654 0.6944 -0.4451
vn 0.6411 -0.4683 -0.6080
vn 0.9140 0.1138 -0.3895
vn 0.9140 0.1137 -0.3895
vn 0.8753 -0.1342 0.4646
vn 0.8753 -0.1342 0.4645
vn 0.8754 -0.1343 0.4644
vn 0.9280 -0.2772 -0.2490
vn 0.6448 -0.7498 0.1484
vn 0.6448 -0.7498 0.1483
vn 0.3588 -0.5715 0.7380
vn 0.9278 -0.2777 -0.2491
vn 0.3588 -0.5716 0.7379
vn 0.9258 0.3739 -0.0563
vn 0.3567 0.0802 0.9308
vn 0.9256 0.3743 -0.0563
vn 0.3566 0.0802 0.9308
vn 0.6400 0.5529 0.5336
vn 0.0685 0.8536 -0.5164
vn 0.0166 0.7823 -0.6227
vn -0.4182 0.6165 -0.6671
vn -0.7947 0.4883 -0.3607
vn -0.7246 0.2510 -0.6419
vn -0.3905 0.8624 -0.3222
vn 0.0473 0.9832 -0.1763
vn 0.0776 0.9927 0.0921
vn -0.5138 0.8448 0.1492
vn -0.8166 0.5724 0.0739
vn -0.5982 0.5373 0.5945
vn -0.3854 0.8359 0.3909
vn 0.0299 0.9989 -0.0366
vn -0.5772 0.4894 0.6537
vn -0.5220 0.8122 0.2603
vn -0.2908 0.9268 -0.2376
vn -0.5523 0.8078 -0.2059
vn -0.6436 0.6829 0.3457
vn -0.5171 0.4240 0.7435
vn -0.2839 0.9513 -0.1201
vn -0.0706 0.8980 0.4343
vn 0.2216 0.6641 0.7141
vn 0.6984 0.5702 0.4326
vn 0.4526 0.8813 0.1357
vn 0.1129 0.9800 -0.1639
vn 0.8567 0.3310 0.3957
vn 0.3855 0.8631 -0.3262
vn 0.7279 0.6854 0.0182
vn 0.9833 0.0400 0.1776
vn 0.9076 0.3194 -0.2726
vn 0.6091 0.5010 -0.6148
vn 0.5251 0.1807 -0.8316
vn 0.8480 -0.1281 -0.5143
vn 0.9519 -0.2999 -0.0632
vn 0.6530 -0.2756 -0.7054
vn 0.7684 -0.5689 -0.2930
vn 0.3411 0.1796 -0.9227
vn 0.6445 -0.6215 -0.4455
vn 0.5397 -0.2444 -0.8056
vn 0.3186 0.3729 -0.8714
vn 0.4358 -0.6603 -0.6116
vn 0.4843 -0.1955 -0.8528
vn 0.3774 0.4140 -0.8284
vn 0.2231 -0.6555 -0.7215
vn 0.2560 -0.1536 -0.9544
vn 0.2205 0.3457 -0.9121
vn 0.0569 -0.6576 -0.7512
vn -0.0027 0.2793 -0.9602
vn 0.0301 -0.1989 -0.9796
vn -0.6781 0.5884 -0.4404
vn -0.6781 0.5881 -0.4407
vn -0.6782 0.5884 -0.4403
vn -0.3543 0.9276 0.1185
vn -0.8404 0.4748 0.2613
vn -0.8402 0.4750 0.2617
vn -0.0120 0.8842 -0.4670
vn -0.9835 -0.0209 -0.1798
vn -0.0120 0.8841 -0.4672
vn -0.9835 -0.0210 -0.1798
vn -0.1551 0.3887 -0.9082
vn -0.6410 -0.0636 -0.7649
vn -0.1550 0.3887 -0.9082
vn -0.6405 -0.0636 -0.7653
vn 0.3515 0.1884 -0.9170
vn 0.3511 0.1883 -0.9172
vn 0.3511 0.1884 -0.9172
vn -0.0966 0.7176 -0.6897
vn -0.3768 0.1413 -0.9154
vn -0.3769 0.1414 -0.9154
vn -0.0226 -0.4379 -0.8987
vn -0.0967 0.7176 -0.6897
vn 0.5379 0.7144 -0.4475
vn 0.6120 -0.4406 -0.6568
vn 0.5380 0.7142 -0.4478
vn 0.6120 -0.4410 -0.6565
vn 0.8923 0.1350 -0.4307
vn 0.8923 0.1347 -0.4308
vn -0.4857 0.8370 -0.2518
vn -0.5402 0.8411 -0.0286
vn -0.1349 0.9670 0.2162
vn -0.1042 0.9507 0.2921
vn -0.4918 0.8702 -0.0314
vn -0.4857 0.8741 -0.0036
vn 0.2976 0.8368 0.4595
vn 0.3204 0.8067 0.4966
vn 0.1052 0.6213 0.7765
vn 0.0636 0.9954 -0.0716
vn 0.4651 0.8781 0.1126
vn 0.3554 0.8460 -0.3974
vn -0.1580 0.8477 0.5064
vn -0.3256 0.1963 0.9249
vn 0.0644 0.9495 -0.3072
vn -0.4834 0.8731 0.0635
vn -0.0370 0.7686 -0.6387
vn -0.3343 0.9145 -0.2280
vn -0.5483 0.7904 0.2732
vn -0.0944 0.7804 -0.6181
vn -0.5195 0.8053 0.2856
vn -0.3510 0.9158 -0.1951
vn -0.1330 0.7566 -0.6402
vn -0.5788 0.7748 0.2543
vn -0.4299 0.8743 -0.2255
vn -0.6370 0.6927 -0.3383
vn -0.3427 0.6045 -0.7191
vn -0.7790 0.6147 0.1235
vn -0.5113 0.5412 0.6676
vn -0.4770 0.0429 0.8778
vn -0.5853 0.7932 0.1680
vn -0.6214 0.4591 0.6350
vn -0.4316 0.0537 0.9005
vn -0.5932 0.7808 0.1963
vn -0.6404 0.4910 0.5906
vn -0.6705 0.7111 0.2116
vn -0.7719 0.0771 0.6310
vn -0.4989 -0.2414 0.8324
vn -0.8521 0.4787 0.2117
vn -0.5892 -0.6724 0.4480
vn -0.9901 0.1356 0.0355
vn -0.9110 -0.2796 0.3030
vn -0.8609 -0.5070 0.0429
vn -0.9721 -0.1340 -0.1926
vn -0.4759 -0.8208 0.3159
vn -0.7897 -0.4426 -0.4248
vn -0.5504 -0.8240 -0.1346
vn -0.1801 -0.9695 0.1660
vn -0.1471 -0.8470 -0.5108
vn -0.3749 -0.5767 -0.7259
vn 0.2730 -0.7203 -0.6377
vn 0.2731 -0.7203 -0.6377
vn -0.9294 -0.1928 -0.3147
vn -0.9297 -0.1926 -0.3140
vn -0.9295 -0.1928 -0.3146
vn -0.9296 -0.1926 -0.3144
vn -0.9294 -0.1931 -0.3145
vn 0.6383 0.2946 -0.7112
vn 0.6383 0.2945 -0.7112
vn 0.6382 0.2946 -0.7113
vn 0.6383 0.2950 -0.7110
vn 0.6381 0.2947 -0.7113
vn 0.9129 0.4057 -0.0446
vn 0.4521 0.8487 -0.2745
vn 0.4521 0.8487 -0.2746
vn 0.0074 0.6591 -0.7520
vn 0.9128 0.4059 -0.0447
vn 0.9292 -0.2266 -0.2920
vn 0.0240 0.0267 -0.9994
vn 0.0237 0.0266 -0.9994
vn 0.4844 -0.4165 -0.7694
vn 0.4848 -0.4160 -0.7694
vn 0.9459 0.1886 0.2640
vn 0.9459 0.1884 0.2643
vn 0.9458 0.1885 0.2643
vn 0.9459 0.1883 0.2643
vn 0.6778 0.7175 -0.1604
vn 0.8764 0.1414 -0.4603
vn 0.8928 -0.4379 -0.1061
vn 0.6778 0.7176 -0.1604
vn 0.8928 -0.4378 -0.1057
vn 0.4954 0.7145 0.4940
vn 0.7105 -0.4410 0.5484
vn 0.4957 0.7140 0.4944
vn 0.7105 -0.4411 0.5483
vn 0.5118 0.1352 0.8484
vn 0.5119 0.1350 0.8484
vn 0.0761 -0.8459 -0.5279
vn -0.2952 -0.9486 -0.1141
vn -0.4172 -0.8980 -0.1396
vn -0.6244 -0.7516 0.2127
vn 0.2199 -0.9551 -0.1986
vn -0.7157 -0.6860 -0.1314
vn -0.4239 -0.8892 -0.1723
vn -0.7095 -0.6552 -0.2595
vn -0.3758 -0.9266 0.0110
vn 0.0960 -0.9295 0.3561
vn -0.6201 -0.7321 -0.2819
vn -0.3694 -0.9291 0.0178
vn -0.0115 -0.8569 0.5154
vn -0.2493 -0.9663 -0.0635
vn -0.2210 -0.8581 -0.4634
vn -0.2209 -0.8120 0.5402
vn -0.2397 -0.9017 -0.3599
vn -0.4585 -0.8834 0.0971
vn -0.5634 -0.6097 0.5575
vn -0.4196 -0.8336 -0.3592
vn -0.6908 -0.4873 0.5343
vn -0.6495 -0.7494 0.1286
vn -0.7206 -0.5167 0.4623
vn -0.5998 -0.8001 -0.0070
vn -0.3529 -0.8423 -0.4075
vn -0.8319 -0.5237 0.1834
vn -0.4141 -0.9051 -0.0966
vn -0.1125 -0.9475 -0.2992
vn 0.0661 -0.9972 0.0356
vn -0.3415 -0.9368 -0.0761
vn -0.8120 -0.5471 -0.2032
vn -0.0336 -0.9701 0.2405
vn -0.4386 -0.8975 -0.0469
vn -0.7555 -0.5618 -0.3371
vn -0.2301 -0.8728 0.4305
vn -0.8849 -0.4329 -0.1719
vn -0.6460 -0.7484 0.1506
vn -0.7431 -0.5941 0.3079
vn -0.3580 -0.7483 0.5585
vn -0.9539 -0.2997 -0.0158
vn -0.2547 -0.2942 0.9212
vn -0.2547 -0.2941 0.9212
vn -0.2547 -0.2940 0.9212
vn -0.2547 -0.2943 0.9212
vn -0.7313 -0.3694 -0.5733
vn -0.7313 -0.3694 -0.5734
vn -0.7312 -0.3690 -0.5737
vn -0.7312 -0.3693 -0.5735
vn 0.4549 -0.4056 0.7928
vn 0.0124 -0.8486 0.5290
vn 0.4549 -0.4058 0.7927
vn 0.0125 -0.8489 0.5284
vn 0.2553 0.2267 0.9399
vn -0.6291 -0.6591 0.4121
vn 0.2554 0.2267 0.9399
vn -0.6294 -0.6589 0.4118
vn -0.3864 0.4164 0.8230
vn -0.8284 -0.0265 0.5595
vn -0.8287 -0.0267 0.5591
vn -0.8909 0.3027 -0.3385
vn -0.9725 -0.2118 0.0967
vn -0.8910 0.3026 -0.3384
vn -0.4548 0.2441 -0.8565
vn -0.6184 -0.7857 0.0146
vn -0.1008 -0.3298 -0.9387
vn -0.6184 -0.7858 0.0146
vn -0.1010 -0.3293 -0.9388
vn -0.1825 -0.8447 -0.5032
vn -0.1825 -0.8447 -0.5031
vn -0.8083 -0.4187 -0.4140
vn -0.8084 -0.4184 -0.4139
vn -0.8081 -0.4188 -0.4142
vn -0.8082 -0.4187 -0.4140
vn -0.8083 -0.4187 -0.4139
vn -0.8082 -0.4188 -0.4140
vn -0.8747 -0.0791 -0.4783
vn -0.8746 -0.0791 -0.4783
vn -0.8748 -0.0792 -0.4780
vn -0.8746 -0.0792 -0.4783
vn -0.8747 -0.0792 -0.4782
vn -0.8748 -0.0789 -0.4781
vn 0.1129 -0.9670 -0.2283
vn -0.0311 -0.9955 0.0894
vn -0.4786 -0.8461 -0.2346
vn -0.3134 -0.8402 -0.4425
vn 0.1906 -0.9506 -0.2449
vn -0.2916 -0.8702 -0.3972
vn 0.5456 -0.8380 0.0062
vn 0.3531 -0.8748 0.3319
vn -0.0748 -0.8400 0.5374
vn 0.5913 -0.8064 0.0020
vn -0.2649 -0.8741 -0.4071
vn 0.7106 -0.6214 -0.3301
vn -0.2317 -0.9357 0.2660
vn -0.4674 -0.7963 0.3840
vn -0.1930 -0.8764 -0.4413
vn 0.3415 -0.8475 -0.4064
vn 0.6031 -0.1974 -0.7729
vn -0.0154 -0.8039 -0.5945
vn 0.2863 -0.5421 -0.7900
vn 0.4887 -0.0499 -0.8710
vn -0.1746 -0.7936 -0.5828
vn 0.2799 -0.4620 -0.8415
vn 0.5228 -0.0646 -0.8500
vn -0.0397 -0.8606 -0.5077
vn 0.3070 -0.6078 -0.7323
vn 0.4709 0.1924 -0.8609
vn 0.0270 -0.8501 -0.5259
vn 0.1404 -0.1565 -0.9777
vn -0.1844 -0.5733 -0.7983
vn 0.0602 0.6731 -0.7371
vn -0.5032 -0.1320 -0.8541
vn -0.2354 0.2814 -0.9303
vn -0.3735 0.4661 -0.8021
vn -0.6266 0.0673 -0.7765
vn 0.8941 0.3808 0.2359
vn 0.9672 0.2510 -0.0382
vn 0.7324 0.6751 -0.0888
vn 0.7632 0.5316 -0.3673
vn 0.7466 0.3644 -0.5566
vn 0.9657 0.1074 -0.2363
vn 0.9766 -0.1701 0.1319
vn 0.9328 -0.0734 0.3528
vn 0.6101 0.7727 0.1752
vn 0.8399 -0.1251 0.5281
vn 0.7815 0.3799 0.4949
vn 0.7307 -0.1144 0.6731
vn 0.3598 0.9054 0.2253
vn 0.3218 0.2167 0.9217
vn 0.3680 0.5968 0.7130
vn -0.0401 0.5177 0.8546
vn 0.1650 0.7981 0.5796
vn 0.4846 0.8725 0.0628
vn -0.0697 0.4611 0.8846
vn 0.3139 0.6984 0.6432
vn 0.6199 0.7670 0.1659
vn 0.5516 0.7020 0.4505
vn 0.1523 0.5874 0.7948
vn -0.2594 0.3418 0.9033
vn 0.5256 0.7159 0.4596
vn -0.0734 0.7726 0.6306
vn -0.4785 0.6356 0.6058
vn 0.1259 0.9840 0.1262
vn 0.6399 0.7128 0.2871
vn -0.2511 0.9573 -0.1435
vn 0.8662 0.4971 -0.0510
vn 0.5390 0.7481 -0.3871
vn 0.2231 0.6957 -0.6828
vn 0.7621 0.2070 -0.6135
vn 0.9747 0.1298 -0.1821
vn 0.4214 0.2257 -0.8783
vn 0.8075 0.0898 -0.5829
vn 0.9871 0.0615 -0.1476
vn 0.4192 0.1133 -0.9008
vn 0.9907 -0.0987 -0.0940
vn 0.4030 -0.0528 -0.9137
vn 0.7937 -0.1630 -0.5861
vn 0.3419 -0.4269 -0.8371
vn 0.7136 -0.4912 -0.4994
vn 0.9008 -0.4321 -0.0434
vn 0.8193 -0.5676 -0.0813
vn 0.7980 -0.4944 0.3447
vn 0.9957 -0.0490 -0.0782
vn 0.8755 0.4817 -0.0385
vn 0.6144 0.4630 -0.6388
vn 0.5962 -0.5247 -0.6076
vn 0.6886 -0.0909 -0.7194
vn 0.2646 0.4151 -0.8705
vn 0.5751 -0.4798 -0.6626
vn 0.5051 -0.1096 -0.8561
vn 0.3247 -0.0148 -0.9457
vn -0.0022 0.3899 -0.9208
vn 0.5252 -0.4124 -0.7444
vn -0.4625 -0.0538 -0.8850
vn -0.4425 0.3487 -0.8262
vn -0.2419 -0.6675 -0.7042
vn -0.6392 0.4062 -0.6530
vn -0.7154 -0.5715 -0.4020
vn -0.7926 -0.0880 -0.6034
vn -0.8482 -0.3498 -0.3978
vn -0.7260 0.1709 -0.6661
vn -0.4551 0.5108 -0.7294
vn -0.9832 -0.0567 -0.1733
vn -0.7448 0.2764 -0.6074
vn -0.3974 0.4570 -0.7957
vn -0.7473 0.4885 -0.4505
vn -0.9542 0.2921 0.0645
vn -0.4058 0.5187 -0.7526
vn -0.6549 0.7405 -0.1507
vn -0.7669 0.5713 0.2925
vn -0.3846 0.7046 -0.5963
vn -0.6413 0.6291 0.4393
vn -0.2540 0.8899 -0.3789
vn -0.4860 0.8707 0.0756
vn -0.4535 0.6602 0.5987
vn -0.2858 0.9264 0.2452
vn -0.0217 0.9818 -0.1885
vn -0.4891 0.6021 0.6311
vn -0.3553 0.9095 0.2159
vn -0.1401 0.9662 -0.2164
vn -0.3580 0.8867 -0.2925
vn -0.5628 0.8158 0.1333
vn -0.6390 0.5323 0.5553
vn 0.4717 0.0546 0.8801
vn 0.6642 -0.4758 0.5766
vn 0.4417 -0.4755 0.7608
vn 0.7845 0.4503 0.4264
vn 0.3714 0.5715 0.7317
vn -0.2067 -0.4624 0.8623
vn -0.1902 0.5246 0.8299
vn -0.2346 0.0907 0.9679
vn -0.5898 -0.4142 0.6933
vn -0.2475 0.4809 0.8411
vn -0.4476 0.1104 0.8874
vn -0.6276 0.0019 0.7786
vn -0.7793 -0.4106 0.4734
vn -0.3486 0.4015 0.8469
vn -0.9981 -0.0245 0.0557
vn -0.9066 -0.4182 -0.0569
vn -0.7489 0.5634 0.3490
vn -0.8645 -0.4494 -0.2253
vn -0.7610 0.4846 -0.4314
vn -0.9199 -0.0626 -0.3870
vn -0.8542 -0.5190 -0.0311
vn -0.7133 0.2383 -0.6591
vn -0.9129 -0.2014 -0.3551
vn -0.7526 -0.6538 -0.0781
vn -0.8554 -0.2492 -0.4540
vn -0.7387 0.1024 -0.6662
vn -0.5015 0.0477 -0.8638
vn -0.6175 -0.4602 -0.6379
vn -0.4803 -0.7962 -0.3680
vn 0.0491 -0.4799 -0.8760
vn -0.0424 -0.8411 -0.5393
vn 0.2362 0.0712 -0.9691
vn 0.1535 -0.8101 -0.5659
vn 0.2925 -0.3998 -0.8687
vn 0.3417 0.0839 -0.9361
vn 0.1587 0.0524 -0.9859
vn 0.1045 -0.4233 -0.8999
vn 0.0250 -0.7984 -0.6016
vn 0.8181 -0.4616 0.3430
vn 0.4766 -0.8491 0.2279
vn 0.8524 -0.4211 0.3100
vn 0.5359 -0.8439 0.0254
vn 0.7799 -0.5423 0.3126
vn 0.4782 -0.8776 0.0339
vn 0.4906 -0.8712 -0.0160
vn 0.8502 -0.0245 0.5259
vn 0.8568 -0.0035 0.5157
vn 0.9427 -0.0064 0.3337
vn 0.9339 0.0048 -0.3574
vn 0.8264 -0.4623 -0.3215
vn 0.4707 -0.8801 -0.0626
vn 0.4918 -0.0010 -0.8707
vn 0.5977 -0.4056 -0.6916
vn 0.5429 -0.7973 -0.2637
vn 0.4311 -0.0235 -0.9020
vn 0.5194 -0.8059 -0.2842
vn 0.5554 -0.5148 -0.6531
vn 0.3204 -0.8730 -0.3677
vn 0.3648 -0.5287 -0.7664
vn 0.2580 -0.8848 -0.3881
vn 0.3011 -0.0891 -0.9494
vn 0.2464 -0.5851 -0.7727
vn 0.1767 -0.1467 -0.9733
vn -0.9290 0.2011 -0.3106
vn -0.7632 0.2012 -0.6141
vn -0.9223 -0.1750 -0.3446
vn -0.9851 -0.1056 0.1355
vn -0.8765 -0.1271 -0.4644
vn -0.6216 0.0546 -0.7815
vn -0.9091 -0.3949 -0.1325
vn -0.8012 -0.3558 0.4811
vn -0.6224 -0.7318 -0.2775
vn -0.5017 -0.7285 -0.4664
vn -0.8678 -0.4906 0.0794
vn -0.7954 -0.6056 0.0251
vn -0.6827 -0.2725 0.6780
vn -0.5411 -0.7053 -0.4580
vn -0.9121 -0.0480 -0.4071
vn -0.9714 -0.0558 0.2306
vn -0.6019 0.0419 -0.7975
vn -0.9501 -0.0050 -0.3120
vn -0.9823 -0.0284 0.1850
vn -0.9729 -0.1945 0.1253
vn -0.8891 -0.1467 -0.4335
vn -0.9673 -0.2248 0.1172
vn -0.6138 -0.1555 -0.7740
vn -0.8747 -0.3092 -0.3732
vn -0.6128 -0.3185 -0.7232
vn -0.7554 -0.6020 0.2589
vn -0.6158 -0.7675 -0.1780
vn -0.4853 -0.8712 -0.0734
vn -0.5339 -0.7232 0.4382
vn -0.4249 -0.3849 0.8193
vn -0.3802 -0.8933 -0.2398
vn -0.2195 -0.9057 0.3626
vn -0.0928 -0.7132 0.6948
vn -0.2466 -0.9495 0.1940
vn -0.6080 -0.7716 -0.1873
vn 0.1091 -0.8760 0.4698
vn -0.3661 -0.8666 0.3392
vn -0.7184 -0.6918 0.0731
vn 0.1212 -0.7795 0.6146
vn -0.2279 -0.8462 0.4817
vn -0.6676 -0.7281 0.1554
vn 0.2721 -0.7289 0.6282
vn -0.1319 -0.9148 0.3817
vn -0.5948 -0.7935 0.1286
vn 0.3737 -0.7658 0.5234
vn 0.4593 0.8560 0.2374
vn 0.7265 0.4598 0.5107
vn 0.3080 0.8431 0.4408
vn 0.6839 0.5421 0.4882
vn 0.2862 0.8778 0.3842
vn 0.2511 0.8712 0.4219
vn 0.9013 0.0253 0.4325
vn 0.7807 0.5744 0.2462
vn 0.9542 0.2743 0.1196
vn 0.8912 0.0029 0.4536
vn 0.7818 0.5924 -0.1946
vn 0.5753 0.7935 0.1984
vn 0.1652 0.7827 0.6001
vn 0.7451 0.4289 0.5107
vn 0.8147 0.0062 0.5798
vn 0.2918 -0.0128 0.9564
vn 0.3363 0.9346 0.1157
vn 0.0350 0.8596 0.5098
vn 0.4900 0.8067 -0.3303
vn 0.2270 0.9645 0.1348
vn -0.0445 0.8574 0.5127
vn 0.5261 0.8098 -0.2596
vn 0.4910 0.8136 0.3115
vn 0.5874 0.8089 -0.0254
vn 0.1751 0.5723 0.8011
vn 0.5528 0.8272 0.1005
vn 0.6055 0.5996 0.5233
vn 0.5122 0.1152 0.8511
vn 0.6558 0.7328 0.1813
vn 0.7506 0.3554 0.5571
vn 0.6302 -0.0733 0.7729
vn 0.8220 0.5559 0.1239
vn 0.7362 -0.2542 0.6272
vn 0.9063 0.1690 0.3873
vn 0.8817 0.4374 0.1768
vn 0.9479 0.0517 0.3143
vn 0.4773 -0.7935 0.3775
vn 0.6282 -0.5745 0.5247
vn 0.2582 -0.5928 0.7629
vn 0.6152 -0.2745 0.7390
vn 0.5949 -0.7825 -0.1840
vn 0.4039 -0.8700 0.2827
vn 0.1108 -0.7337 0.6704
vn 0.5934 -0.7798 -0.1994
vn 0.5312 -0.8042 0.2667
vn 0.2326 -0.6622 0.7123
vn 0.6659 -0.7140 -0.2162
vn 0.3716 -0.7248 0.5802
vn 0.6462 -0.6931 0.3195
vn 0.8528 -0.4741 -0.2191
vn 0.3802 -0.8279 0.4124
vn 0.7656 -0.6007 0.2302
vn 0.9927 -0.1184 -0.0245
vn 0.5040 -0.7034 0.5012
vn 0.8511 -0.2767 0.4462
vn 0.9655 0.1503 0.2127
vn 0.8197 -0.1134 0.5615
vn -0.2374 -0.9603 0.1467
vn -0.2374 -0.9603 0.1468
vn -0.2375 -0.9602 0.1468
vn -0.8917 0.0029 -0.4527
vn -0.8146 0.0019 -0.5800
vn -0.6726 0.4718 -0.5701
vn -0.2774 0.0107 -0.9607
vn -0.8419 0.4474 -0.3018
vn -0.8942 -0.0167 -0.4474
vn 0.0930 0.5656 -0.8194
vn 0.4460 0.0185 -0.8948
vn -0.5466 0.8373 -0.0067
vn -0.3463 0.8711 -0.3481
vn 0.1025 0.8234 -0.5581
vn 0.4860 0.7810 -0.3922
vn 0.5202 0.4309 -0.7374
vn 0.6302 0.7435 -0.2238
vn -0.8323 0.5014 -0.2363
vn -0.5841 0.8110 -0.0338
vn -0.7076 0.6400 0.2996
vn -0.9851 0.1435 0.0951
vn -0.9516 -0.2903 -0.1013
vn -0.5876 0.1709 0.7909
vn -0.7718 -0.5982 0.2155
vn -0.7797 -0.2629 0.5683
vn -0.4890 0.0438 0.8712
vn -0.5793 -0.3879 0.7169
vn -0.4983 -0.8024 0.3283
vn -0.5299 0.0800 0.8443
vn -0.6325 -0.4378 0.6390
vn -0.5402 -0.8001 0.2607
vn -0.4914 -0.1525 0.8574
vn -0.5981 -0.6715 0.4375
vn -0.5836 -0.8112 0.0365
vn -0.0413 -0.6790 0.7330
vn -0.5466 -0.8325 -0.0902
vn -0.3876 -0.8706 0.3031
vn -0.0040 -0.7829 0.6222
vn -0.6511 -0.7368 -0.1820
vn -0.3936 -0.8844 0.2508
vn -0.0655 -0.8513 0.5206
vn -0.8182 -0.5598 -0.1308
vn -0.5740 -0.7939 0.2007
vn -0.4861 0.3692 0.7921
vn -0.4860 0.3693 0.7921
vn -0.4862 0.3692 0.7921
vn -0.4859 0.3690 0.7923
vn -0.4859 0.3691 0.7923
vn -0.4864 0.3691 0.7919
vn 0.0807 -0.6303 0.7722
vn 0.0812 -0.6303 0.7721
vn 0.6992 -0.7139 0.0383
vn -0.4205 0.1835 0.8885
vn 0.6992 -0.7139 0.0382
vn -0.4206 0.1835 0.8885
vn 0.8154 0.0153 -0.5787
vn -0.3047 0.9130 0.2713
vn 0.8153 0.0156 -0.5789
vn -0.3046 0.9130 0.2713
vn 0.3132 0.8294 -0.4625
vn -0.5582 -0.5483 -0.6227
vn -0.8410 0.3482 -0.4140
vn 0.3515 -0.8168 -0.4576
vn -0.8410 0.3482 -0.4141
vn 0.3515 -0.8168 -0.4574
vn -0.2141 0.9760 -0.0398
vn 0.9784 -0.1892 -0.0828
vn 0.9784 -0.1893 -0.0828
vn 0.6957 0.7073 0.1258
vn 0.6956 0.7073 0.1258
vn -0.3804 0.1816 -0.9068
vn -0.7650 0.0019 -0.6440
vn -0.4263 0.3361 -0.8398
vn -0.7043 -0.0792 -0.7055
vn 0.0179 0.4005 -0.9161
vn -0.0077 0.5522 -0.8337
vn -0.0504 0.7843 -0.6183
vn -0.4884 0.5579 -0.6709
vn -0.8223 0.1435 -0.5506
vn -0.1150 0.8642 -0.4899
vn -0.4504 0.6122 -0.6499
vn -0.7403 0.1123 -0.6628
vn 0.0805 0.7144 -0.6951
vn -0.1135 0.3370 -0.9346
vn -0.3167 -0.2188 -0.9230
vn 0.4387 0.3711 -0.8184
vn 0.0522 -0.5191 -0.8531
vn 0.2840 -0.2053 -0.9366
vn 0.6921 0.2704 -0.6693
vn 0.0876 -0.4761 -0.8750
vn 0.4088 -0.1622 -0.8981
vn 0.6166 0.0175 -0.7871
vn 0.7984 0.3575 -0.4845
vn 0.2627 -0.3381 -0.9037
vn 0.8557 -0.2991 -0.4223
vn 0.9811 0.1005 -0.1653
vn 0.4883 -0.6305 -0.6034
vn 0.7525 -0.6251 0.2074
vn 0.9285 -0.2286 0.2925
vn 0.2436 -0.9574 0.1550
vn 0.7525 -0.2297 0.6172
vn 0.3880 -0.4820 0.7856
vn -0.2576 -0.6456 0.7190
vn 0.5920 -0.0489 0.8045
vn 0.1346 -0.0499 0.9896
vn -0.4469 -0.1105 0.8877
vn 0.5817 -0.0147 0.8133
vn 0.0485 -0.0362 0.9982
vn -0.4387 -0.0763 0.8954
vn -0.4464 -0.2452 0.8606
vn 0.0881 -0.2432 0.9660
vn -0.4731 -0.2316 0.8500
vn 0.5130 -0.2384 0.8246
vn 0.0302 -0.3233 0.9458
vn 0.4575 -0.3326 0.8246
vn 0.2632 0.4678 0.8437
vn 0.1969 0.8821 0.4279
vn -0.2283 0.4181 0.8792
vn 0.0280 0.8129 0.5817
vn -0.4117 -0.0216 0.9111
vn -0.0616 0.8510 0.5216
vn -0.4209 0.5148 0.7469
vn -0.6728 0.1015 0.7328
vn -0.2033 0.9575 0.2046
vn -0.7228 0.6757 0.1450
vn -0.9564 0.2793 0.0853
vn -0.8155 0.2647 -0.5146
vn -0.5135 0.7389 -0.4363
vn -0.0870 0.9357 -0.3420
vn -0.3579 0.5223 -0.7740
vn -0.5300 0.1592 -0.8329
vn 0.0201 0.8642 -0.5027
vn 0.1201 0.4112 -0.9036
vn 0.0060 -0.0538 -0.9985
vn 0.2198 0.8202 -0.5282
vn 0.3126 -0.2865 -0.9056
vn 0.5126 0.2227 -0.8292
vn 0.5542 0.6184 -0.5572
vn 0.6914 0.4874 -0.5334
vn 0.5590 0.0848 -0.8248
vn 0.2732 -0.3488 -0.8965
vn 0.7201 0.5236 -0.4553
vn 0.3621 -0.3303 -0.8717
vn 0.6185 0.0918 -0.7804
vn 0.8172 0.5400 -0.2015
vn 0.8902 0.0165 -0.4554
vn 0.7837 -0.4203 -0.4574
vn 0.9734 0.0439 0.2248
vn 0.8059 0.5655 0.1753
vn 0.8817 -0.4252 0.2045
vn 0.8535 0.0693 0.5165
vn 0.7547 0.5677 0.3288
vn 0.7273 -0.3985 0.5588
vn 0.7225 0.5498 0.4192
vn 0.5714 -0.3734 0.7308
vn 0.7430 0.0888 0.6634
vn 0.6219 0.5527 0.5548
vn 0.4301 -0.3208 0.8438
vn 0.5959 0.1306 0.7924
vn 0.7589 0.4042 -0.5106
vn 0.6740 -0.1017 -0.7317
vn 0.7294 0.6723 0.1268
vn 0.9507 0.3056 0.0531
vn 0.9559 -0.2834 -0.0765
vn 0.7202 0.6419 0.2631
vn 0.8049 -0.2648 0.5311
vn 0.8682 0.2998 0.3954
vn 0.6233 0.7248 0.2937
vn 0.6321 0.3165 0.7073
vn 0.5156 -0.1535 0.8430
vn 0.1232 0.5753 0.8086
vn -0.0162 0.0536 0.9984
vn 0.2103 0.8537 0.4764
vn -0.3220 0.2814 0.9040
vn -0.0241 0.7128 0.7010
vn 0.2377 0.8999 0.3657
vn -0.2731 0.3448 0.8981
vn 0.4181 0.8328 0.3628
vn 0.0906 0.6818 0.7259
vn 0.0013 0.6747 0.7381
vn -0.3634 0.3290 0.8716
vn 0.3570 0.8357 0.4174
vn -0.3338 0.8363 0.4349
vn 0.1057 0.9437 0.3135
vn -0.8063 0.4286 0.4076
vn -0.0817 0.9961 -0.0340
vn -0.5003 0.8524 -0.1518
vn -0.8694 0.4202 -0.2600
vn 0.0297 0.9694 -0.2439
vn -0.4233 0.7729 -0.4728
vn -0.7199 0.3987 -0.5682
vn -0.7301 0.4971 -0.4689
vn -0.3783 0.8480 -0.3712
vn 0.0734 0.9822 -0.1730
vn -0.4150 0.8914 -0.1824
vn -0.7600 0.5744 -0.3039
vn 0.0276 0.9995 -0.0179
vn -0.5631 -0.8257 -0.0335
vn -0.0384 -0.9847 0.1699
vn -0.8724 -0.4506 -0.1893
vn -0.0629 -0.9925 -0.1050
vn -0.6223 -0.7795 -0.0716
vn -0.8747 -0.4834 0.0341
vn -0.6245 -0.4643 0.6281
vn -0.4017 -0.8217 0.4044
vn -0.0192 -0.9995 0.0246
vn -0.2691 -0.4125 0.8703
vn 0.0470 -0.7912 0.6098
vn 0.2951 -0.9274 0.2300
vn 0.5527 -0.8108 0.1927
vn 0.3102 -0.6721 0.6724
vn 0.0099 -0.3909 0.9204
vn 0.2366 -0.9638 0.1232
vn 0.5271 -0.6000 0.6018
vn 0.4383 -0.3567 0.8250
vn 0.6384 -0.4114 0.6505
vn 0.3041 -0.8261 0.4745
vn -0.1382 -0.9769 0.1632
vn -0.3846 -0.8666 0.3181
vn 0.0875 -0.7634 0.6400
vn 0.4446 -0.5182 0.7306
vn -0.0929 -0.5578 0.8248
vn -0.6160 -0.5069 0.6030
vn 0.3770 -0.4622 0.8027
vn -0.5393 -0.1887 0.8207
vn 0.0074 -0.3997 0.9166
vn 0.3928 -0.5239 0.7558
vn 0.0291 -0.5012 0.8648
vn 0.3787 -0.7076 0.5966
vn -0.3502 -0.1711 0.9209
vn 0.2773 -0.8789 0.3882
vn 0.0058 -0.6871 0.7266
vn -0.3105 -0.3518 0.8831
vn -0.1775 -0.8003 0.5727
vn 0.0310 -0.9802 0.1956
vn -0.3882 -0.4016 0.8295
vn -0.3828 -0.7794 0.4959
vn -0.1673 -0.9802 0.1062
vn -0.5188 -0.3897 0.7609
vn -0.4473 -0.7669 0.4602
vn -0.2271 -0.9697 0.0901
vn -0.5668 -0.3879 0.7268
vn -0.2321 -0.8724 0.4302
vn 0.0263 -0.8678 -0.4962
vn 0.0264 -0.8678 -0.4962
vn 0.0031 -0.0463 -0.9989
vn -0.2320 -0.8722 0.4306
vn 0.0032 -0.0464 -0.9989
vn -0.5133 -0.0557 0.8564
vn -0.2783 0.7704 -0.5736
vn -0.5135 -0.0553 0.8563
vn -0.5366 0.7660 0.3540
vn -0.5366 0.7659 0.3540
vn -0.8023 -0.3479 -0.4851
vn -0.8254 0.5484 -0.1342
vn -0.8254 0.5483 -0.1342
vn -0.1958 0.8167 0.5428
vn -0.8023 -0.3482 -0.4849
vn -0.1490 -0.9760 -0.1588
vn 0.4579 0.1893 0.8686
vn 0.4579 0.1892 0.8686
vn 0.4811 -0.7073 0.5180
vn 0.4073 -0.8721 0.2711
vn 0.4076 -0.8720 0.2710
vn -0.4920 -0.8676 -0.0724
vn 0.8047 -0.0557 0.5911
vn -0.9943 -0.0463 -0.0960
vn 0.8048 -0.0552 0.5909
vn 0.3026 0.7659 0.5673
vn -0.5970 0.7704 0.2238
vn 0.3026 0.7660 0.5672
vn -0.5058 -0.8004 0.3219
vn -0.0200 -0.8617 -0.5070
vn -0.5058 -0.8003 0.3220
vn -0.0202 -0.8615 -0.5074
vn -0.3026 -0.0976 0.9481
vn 0.6684 -0.2199 -0.7105
vn 0.6681 -0.2199 -0.7108
vn 0.3860 0.5440 0.7450
vn 0.8716 0.4829 -0.0844
vn 0.3860 0.5441 0.7450
vn -0.4511 -0.1437 -0.8808
vn 0.3499 -0.1721 -0.9209
vn 0.0589 0.2628 -0.9631
vn 0.4785 -0.0421 -0.8771
vn -0.2343 0.5977 -0.7667
vn 0.2151 0.3927 -0.8942
vn 0.4248 -0.0675 -0.9028
vn -0.1100 0.7304 -0.6741
vn 0.0840 0.3554 -0.9309
vn -0.2353 0.6519 -0.7209
vn -0.3601 0.7291 -0.5820
vn 0.0228 0.5783 -0.8155
vn 0.4912 0.2188 -0.8431
vn -0.3660 0.8343 -0.4123
vn 0.6002 0.6757 -0.4280
vn 0.0523 0.8708 -0.4888
vn -0.4946 0.7137 -0.4959
vn -0.0440 0.8589 -0.5102
vn 0.4867 0.8213 -0.2976
vn -0.6607 0.4921 -0.5668
vn -0.3571 0.8246 -0.4388
vn 0.1931 0.9684 -0.1578
vn -0.1245 0.9922 0.0015
vn -0.3973 0.7776 -0.4874
vn -0.4447 0.4817 -0.7551
vn 0.1921 0.4649 -0.8643
vn 0.1238 0.8216 -0.5564
vn 0.0104 0.9995 -0.0295
vn 0.5871 0.4120 -0.6968
vn 0.5390 0.7908 -0.2900
vn 0.3533 0.9273 0.1237
vn 0.4360 0.8124 0.3871
vn 0.7210 0.6888 -0.0761
vn 0.7785 0.4133 -0.4723
vn 0.1374 0.9489 0.2841
vn 0.7140 0.6766 0.1799
vn 0.9011 0.4319 0.0390
vn 0.8582 0.4661 0.2150
vn 0.5876 0.8077 0.0493
vn 0.0600 0.9755 -0.2115
vn 0.8515 0.5237 0.0276
vn 0.5993 0.7338 -0.3199
vn 0.1393 0.7628 -0.6314
vn 0.7421 0.6650 0.0838
vn -0.0016 0.7778 -0.6285
vn 0.4292 0.8380 -0.3370
vn -0.0502 0.8758 -0.4800
vn 0.3053 0.9522 0.0116
vn 0.4365 0.8173 0.3762
vn 0.1607 0.8892 -0.4283
vn 0.0694 0.9826 0.1721
vn 0.0093 0.8466 0.5321
vn -0.4202 0.8014 0.4257
vn -0.2095 0.9775 -0.0240
vn 0.0683 0.8911 -0.4487
vn -0.5999 0.7464 0.2881
vn -0.1535 0.8260 -0.5424
vn -0.4275 0.8924 -0.1446
vn -0.6372 -0.6341 0.4380
vn -0.6373 -0.6340 0.4380
vn -0.6410 0.2894 0.7108
vn -0.2331 -0.8870 -0.3986
vn -0.6409 0.2893 0.7110
vn -0.2328 -0.8872 -0.3984
vn -0.2395 0.9596 0.1478
vn 0.1684 -0.2168 -0.9616
vn -0.2396 0.9596 0.1478
vn 0.1687 -0.2171 -0.9615
vn 0.1654 0.7063 -0.6883
vn 0.1654 0.7062 -0.6884
vn 0.3862 -0.8642 0.3226
vn -0.4949 -0.8665 -0.0660
vn 0.3864 -0.8642 0.3222
vn 0.7731 -0.0392 0.6331
vn -0.4949 -0.8664 -0.0660
vn 0.7732 -0.0391 0.6329
vn -0.9885 -0.0435 -0.1447
vn 0.2797 0.7846 0.5533
vn -0.9885 -0.0432 -0.1449
vn 0.2798 0.7843 0.5537
vn -0.6012 0.7818 0.1653
vn -0.6014 0.7817 0.1651
vn 0.4849 0.8742 -0.0273
vn -0.4656 0.8661 -0.1817
vn 0.4848 0.8742 -0.0273
vn -0.9082 0.0439 -0.4162
vn 0.9925 0.0598 -0.1070
vn -0.9082 0.0440 -0.4162
vn -0.4005 -0.7707 -0.4956
vn 0.5496 -0.7626 -0.3411
vn 0.4992 -0.6339 0.5907
vn 0.7712 0.2893 0.5670
vn -0.3732 -0.8872 0.2714
vn 0.7713 0.2895 0.5668
vn -0.3731 -0.8872 0.2715
vn 0.1707 0.9597 0.2231
vn -0.9735 -0.2171 -0.0719
vn 0.1710 0.9596 0.2235
vn -0.7014 0.7063 -0.0958
vn -0.8489 -0.4827 -0.2155
vn -0.7042 -0.4455 -0.5528
vn -0.8561 -0.0030 -0.5168
vn -0.9407 -0.0011 -0.3392
vn -0.8585 0.0165 -0.5125
vn -0.9347 -0.0059 0.3553
vn -0.6479 -0.5015 -0.5733
vn -0.2978 -0.8366 -0.4598
vn -0.3434 -0.8110 -0.4736
vn -0.4744 -0.8755 -0.0919
vn -0.1285 -0.6404 -0.7572
vn -0.3534 -0.8297 0.4321
vn -0.5985 0.2901 -0.7468
vn -0.6148 -0.5678 0.5474
vn 0.0408 -0.7572 0.6519
vn -0.4698 0.0009 0.8828
vn -0.2672 -0.3948 0.8790
vn 0.0932 -0.7792 0.6198
vn -0.4312 0.0243 0.9019
vn -0.1716 -0.4788 0.8610
vn -0.1025 -0.8579 0.5035
vn -0.3925 -0.4927 0.7767
vn -0.1765 -0.8751 0.4506
vn -0.5708 -0.0500 0.8196
vn -0.4946 -0.5685 0.6574
vn -0.6950 -0.1270 0.7077
vn -0.5518 -0.8311 0.0687
vn 0.3757 -0.8679 0.3250
vn 0.3756 -0.8679 0.3250
vn 0.8551 -0.0549 0.5155
vn -0.5517 -0.8312 0.0684
vn -0.9998 0.0184 0.0026
vn 0.4072 0.7949 0.4498
vn -0.9998 0.0186 0.0030
vn 0.4071 0.7950 0.4498
vn -0.5204 0.8317 0.1935
vn -0.5115 -0.0457 -0.8581
vn -0.5115 -0.0458 -0.8581
vn 0.1577 -0.7151 -0.6810
vn -0.5088 0.7804 -0.3634
vn 0.1576 -0.7151 -0.6810
vn 0.8296 -0.5583 -0.0093
vn 0.1631 0.9372 0.3083
vn 0.8295 -0.5584 -0.0093
vn 0.8323 0.2678 0.4854
vn -0.1358 0.6643 -0.7350
vn 0.6307 0.7594 -0.1599
vn -0.6058 -0.1749 -0.7761
vn 0.6307 0.7594 -0.1598
vn -0.6059 -0.1749 -0.7761
vn 0.9274 0.0148 0.3737
vn -0.3091 -0.9195 -0.2430
vn 0.9275 0.0147 0.3734
vn -0.3090 -0.9196 -0.2427
vn 0.4576 -0.8247 0.3323
vn 0.4575 -0.8248 0.3323
vn -0.8031 0.3512 -0.4813
vn -0.0461 0.9336 -0.3553
vn -0.6980 -0.6015 -0.3885
vn -0.0462 0.9336 -0.3553
vn -0.6980 -0.6015 -0.3886
vn 0.8149 0.5632 -0.1368
vn 0.1629 -0.9719 -0.1697
vn 0.1628 -0.9720 -0.1697
vn 0.9201 -0.3892 -0.0439
vn 0.9200 -0.3895 -0.0441
vn 0.3142 0.0081 -0.9493
vn 0.3142 0.0079 -0.9493
vn 0.4061 0.8096 -0.4237
vn -0.2904 -0.6861 -0.6670
vn 0.4062 0.8099 -0.4232
vn -0.1067 0.9171 0.3842
vn -0.8033 -0.5787 0.1409
vn -0.8032 -0.5787 0.1410
vn -0.7114 0.2229 0.6665
vn -0.7114 0.2228 0.6665
vn -0.0917 -0.8311 0.5485
vn 0.4187 -0.8679 -0.2672
vn -0.2830 0.0184 0.9589
vn 0.4187 -0.8679 -0.2673
vn -0.2826 0.0188 0.9590
vn 0.7382 -0.0549 -0.6724
vn 0.0365 0.8316 0.5542
vn 0.0364 0.8316 0.5542
vn 0.5472 0.7951 -0.2615
vn 0.5473 0.7950 -0.2617
vn 0.2724 0.4857 -0.8306
vn -0.5112 0.7823 -0.3560
vn 0.2725 0.4857 -0.8306
vn 0.6276 -0.3949 -0.6709
vn -0.9399 0.1980 0.2781
vn 0.6273 -0.3951 -0.6711
vn 0.1985 -0.9794 -0.0371
vn -0.5851 -0.6828 0.4375
vn -0.5847 -0.6829 0.4379
vn -0.1089 -0.8172 0.5659
vn -0.1095 -0.8172 0.5658
vn 0.5375 -0.8303 -0.1472
vn -0.4470 0.0225 0.8942
vn 0.8468 -0.0035 -0.5319
vn -0.4473 0.0227 0.8941
vn 0.8467 -0.0039 -0.5320
vn -0.1381 0.8494 0.5093
vn 0.5090 0.8363 -0.2037
vn -0.1380 0.8495 0.5093
vn 0.5089 0.8365 -0.2034
vn -0.2263 0.5970 -0.7697
vn -0.7930 0.6092 0.0088
vn -0.2266 0.5972 -0.7694
vn 0.3742 -0.1414 -0.9165
vn -0.7592 -0.1165 0.6403
vn 0.4080 -0.8674 -0.2849
vn -0.7593 -0.1164 0.6402
vn -0.1586 -0.8551 0.4936
vn -0.1587 -0.8551 0.4936
vn 0.6488 -0.7466 -0.1474
vn 0.2036 -0.6800 0.7044
vn 0.2036 -0.6805 0.7039
vn 0.6759 0.0143 -0.7369
vn -0.2145 0.1465 0.9657
vn 0.6759 0.0144 -0.7369
vn 0.2578 0.8413 -0.4751
vn -0.1871 0.9075 0.3761
vn -0.1868 0.9076 0.3761
vn -0.4612 -0.8492 -0.2573
vn -0.4609 -0.8493 -0.2572
vn 0.3247 -0.5822 -0.7454
vn -0.9393 -0.2049 0.2751
vn 0.3247 -0.5821 -0.7454
vn -0.9392 -0.2054 0.2753
vn 0.6325 0.3292 -0.7011
vn -0.6316 0.7064 0.3195
vn -0.6315 0.7065 0.3195
vn 0.1543 0.9735 -0.1686
vn 0.1544 0.9735 -0.1687
vn 0.3735 0.5984 -0.7088
vn -0.3455 0.0005 -0.9384
vn -0.3456 0.0009 -0.9384
vn 0.8910 0.4453 0.0887
vn -0.5468 -0.7506 -0.3710
vn -0.5470 -0.7507 -0.3706
vn 0.6895 -0.3058 0.6566
vn -0.0296 -0.9040 0.4265
vn -0.0295 -0.9038 0.4269
vt 0.000000 0.000000
s 1
f 286/3/286 287/3/287 288/3/288
f 287/3/287 286/3/286 289/3/287
f 290/3/287 289/3/287 286/3/286
f 289/3/287 290/3/287 291/3/287
f 292/3/289 293/3/290 294/3/290
f 295/3/291 294/3/290 293/3/290
f 293/3/290 292/3/289 296/3/289
f 294/3/290 295/3/291 297/3/291
f 298/3/292 296/3/289 292/3/289
f 299/3/293 297/3/291 295/3/291
f 296/3/289 298/3/292 300/3/294
f 297/3/291 299/3/293 301/3/295
f 298/3/292 302/3/296 300/3/294
f 303/3/297 301/3/295 299/3/293
f 298/3/292 303/3/297 302/3/296
f 303/3/297 299/3/293 302/3/296
f 304/3/298 305/3/299 306/3/300
f 307/3/301 308/3/302 305/3/299
f 309/3/303 306/3/300 305/3/299
f 305/3/299 308/3/302 309/3/303
f 310/3/304 306/3/300 309/3/303
f 309/3/303 311/3/305 310/3/304
f 308/3/302 312/3/306 309/3/303
f 311/3/305 309/3/303 312/3/306
f 312/3/306 308/3/302 313/3/307
f 312/3/306 314/3/308 311/3/305
f 313/3/307 315/3/309 312/3/306
f 314/3/308 312/3/306 315/3/309
f 315/3/309 313/3/307 316/3/310
f 317/3/311 315/3/309 316/3/310
f 315/3/309 318/3/312 314/3/308
f 318/3/312 315/3/309 317/3/311
f 319/3/313 314/3/308 318/3/312
f 318/3/312 320/3/314 319/3/313
f 317/3/311 321/3/315 318/3/312
f 320/3/314 318/3/312 321/3/315
f 321/3/315 317/3/311 322/3/316
f 321/3/315 323/3/317 320/3/314
f 322/3/316 324/3/318 321/3/315
f 323/3/317 321/3/315 324/3/318
f 324/3/318 322/3/316 325/3/319
f 324/3/318 326/3/320 323/3/317
f 327/3/321 324/3/318 325/3/319
f 326/3/320 324/3/318 328/3/322
f 324/3/318 327/3/321 328/3/322
f 328/3/322 329/3/323 326/3/320
f 327/3/321 330/3/324 328/3/322
f 329/3/323 328/3/322 330/3/324
f 330/3/324 327/3/321 331/3/325
f 330/3/324 332/3/326 329/3/323
f 331/3/325 332/3/326 330/3/324
f 329/3/323 332/3/326 333/3/327
f 332/3/326 331/3/325 334/3/328
f 335/3/329 333/3/327 332/3/326
f 334/3/328 335/3/329 332/3/326
f 333/3/327 335/3/329 336/3/330
f 335/3/329 334/3/328 337/3/331
f 338/3/332 339/3/332 340/3/332
f 339/3/332 338/3/332 341/3/332
f 342/3/333 341/3/332 338/3/332
f 341/3/332 342/3/333 343/3/333
f 344/3/334 345/3/335 346/3/336
f 347/3/337 346/3/336 345/3/335
f 345/3/335 344/3/334 348/3/338
f 345/3/335 349/3/339 347/3/337
f 350/3/340 348/3/338 344/3/334
f 351/3/341 347/3/337 349/3/339
f 348/3/338 350/3/340 352/3/342
f 349/3/339 353/3/343 351/3/341
f 354/3/344 352/3/342 350/3/340
f 353/3/343 354/3/344 351/3/341
f 352/3/342 354/3/344 355/3/345
f 354/3/344 353/3/343 355/3/345
f 356/3/346 357/3/347 358/3/346
f 357/3/347 356/3/346 359/3/348
f 356/3/346 358/3/346 360/3/349
f 360/3/349 358/3/346 361/3/346
f 362/3/350 363/3/351 364/3/352
f 363/3/351 362/3/350 365/3/353
f 364/3/352 366/3/354 362/3/350
f 367/3/355 363/3/351 365/3/353
f 364/3/352 368/3/356 366/3/354
f 363/3/351 367/3/355 369/3/355
f 370/3/357 366/3/354 368/3/356
f 371/3/358 369/3/355 367/3/355
f 366/3/354 370/3/357 372/3/359
f 371/3/358 372/3/359 370/3/357
f 372/3/359 371/3/358 373/3/358
f 371/3/358 367/3/355 373/3/358
f 374/3/360 375/3/360 376/3/360
f 375/3/360 374/3/360 377/3/361
f 376/3/360 378/3/360 374/3/360
f 378/3/360 376/3/360 379/3/361
f 380/3/362 381/3/363 382/3/364
f 383/3/365 382/3/364 381/3/363
f 382/3/364 384/3/366 380/3/362
f 382/3/364 383/3/365 385/3/367
f 384/3/366 386/3/368 380/3/362
f 387/3/369 385/3/367 383/3/365
f 384/3/366 388/3/370 386/3/368
f 385/3/367 387/3/369 389/3/371
f 390/3/372 386/3/368 388/3/370
f 390/3/372 389/3/371 387/3/369
f 386/3/368 390/3/372 391/3/373
f 387/3/369 391/3/373 390/3/372
f 392/3/374 393/3/374 394/3/375
f 393/3/374 392/3/374 395/3/375
f 396/3/376 395/3/375 392/3/374
f 395/3/375 396/3/376 397/3/377
f 398/3/378 399/3/379 400/3/380
f 401/3/381 400/3/380 399/3/379
f 399/3/379 398/3/378 402/3/378
f 401/3/381 399/3/379 403/3/382
f 398/3/378 404/3/383 402/3/378
f 403/3/382 405/3/384 401/3/381
f 398/3/378 406/3/385 404/3/383
f 405/3/384 403/3/382 407/3/384
f 408/3/386 404/3/383 406/3/385
f 407/3/384 408/3/386 405/3/384
f 404/3/383 408/3/386 409/3/387
f 408/3/386 407/3/384 409/3/387
f 410/3/388 411/3/389 412/3/388
f 411/3/389 410/3/388 413/3/389
f 411/3/389 413/3/389 414/3/389
f 414/3/389 413/3/389 415/3/389
f 416/3/390 417/3/391 418/3/392
f 417/3/391 416/3/390 419/3/393
f 420/3/394 418/3/392 417/3/391
f 416/3/390 421/3/395 419/3/393
f 418/3/392 420/3/394 422/3/396
f 421/3/395 416/3/390 423/3/397
f 420/3/394 424/3/398 422/3/396
f 425/3/399 421/3/395 423/3/397
f 420/3/394 426/3/400 424/3/398
f 423/3/397 427/3/401 425/3/399
f 426/3/400 425/3/399 427/3/401
f 426/3/400 427/3/401 424/3/398
f 428/3/402 429/3/402 430/3/403
f 428/3/402 430/3/403 431/3/403
f 432/3/404 429/3/402 428/3/402
f 429/3/402 432/3/404 433/3/404
f 434/3/405 435/3/406 436/3/405
f 434/3/405 436/3/405 437/3/407
f 435/3/406 434/3/405 438/3/408
f 435/3/406 438/3/408 439/3/408
f 440/3/409 441/3/410 442/3/411
f 441/3/410 440/3/409 443/3/412
f 444/3/413 442/3/411 441/3/410
f 440/3/409 445/3/414 443/3/412
f 442/3/411 444/3/413 446/3/415
f 440/3/409 447/3/416 445/3/414
f 444/3/413 448/3/417 446/3/415
f 449/3/418 445/3/414 447/3/416
f 448/3/417 444/3/413 450/3/419
f 449/3/418 448/3/417 450/3/419
f 445/3/414 449/3/418 451/3/420
f 449/3/418 450/3/419 451/3/420
f 452/3/421 453/3/422 454/3/423
f 452/3/421 454/3/423 455/3/421
f 453/3/422 456/3/424 454/3/423
f 457/3/425 452/3/421 455/3/421
f 453/3/422 458/3/426 456/3/424
f 452/3/421 457/3/425 459/3/427
f 460/3/428 456/3/424 458/3/426
f 457/3/425 461/3/429 459/3/427
f 456/3/424 460/3/428 462/3/430
f 461/3/429 462/3/430 460/3/428
f 461/3/429 457/3/425 463/3/431
f 462/3/430 461/3/429 463/3/431
f 464/3/432 465/3/432 466/3/432
f 465/3/432 464/3/432 467/3/433
f 465/3/432 467/3/433 468/3/434
f 468/3/434 467/3/433 469/3/435
f 470/3/436 471/3/437 472/3/438
f 473/3/439 472/3/438 471/3/437
f 471/3/437 470/3/436 474/3/436
f 471/3/437 475/3/439 473/3/439
f 476/3/440 474/3/436 470/3/436
f 475/3/439 477/3/441 473/3/439
f 470/3/436 478/3/442 476/3/440
f 477/3/441 475/3/439 479/3/443
f 480/3/444 476/3/440 478/3/442
f 481/3/445 477/3/441 479/3/443
f 476/3/440 480/3/444 481/3/445
f 477/3/441 481/3/445 480/3/444
f 482/3/446 483/3/446 484/3/446
f 483/3/446 482/3/446 485/3/447
f 484/3/446 486/3/446 482/3/446
f 486/3/446 484/3/446 487/3/447
f 488/3/448 489/3/449 490/3/450
f 491/3/451 490/3/450 489/3/449
f 490/3/450 492/3/452 488/3/448
f 490/3/450 491/3/451 493/3/453
f 492/3/452 494/3/454 488/3/448
f 491/3/451 495/3/455 493/3/453
f 494/3/454 492/3/452 496/3/456
f 495/3/455 491/3/451 497/3/457
f 498/3/458 494/3/454 496/3/456
f 499/3/459 495/3/455 497/3/457
f 494/3/454 498/3/458 499/3/459
f 495/3/455 499/3/459 498/3/458
f 500/3/460 501/3/461 502/3/461
f 501/3/461 500/3/460 503/3/462
f 502/3/461 504/3/463 500/3/460
f 504/3/463 502/3/461 505/3/463
f 506/3/464 507/3/465 508/3/466
f 508/3/466 509/3/467 506/3/464
f 510/3/468 508/3/466 507/3/465
f 509/3/467 511/3/469 506/3/464
f 510/3/468 507/3/465 512/3/470
f 511/3/469 509/3/467 513/3/471
f 514/3/472 510/3/468 512/3/470
f 515/3/473 511/3/469 513/3/471
f 510/3/468 514/3/472 516/3/472
f 511/3/469 515/3/473 517/3/473
f 517/3/473 516/3/472 514/3/472
f 516/3/472 517/3/473 515/3/473
f 518/3/474 519/3/475 520/3/476
f 519/3/475 518/3/474 521/3/477
f 522/3/477 521/3/477 518/3/474
f 521/3/477 522/3/477 523/3/478
f 524/3/479 525/3/480 526/3/481
f 527/3/482 526/3/481 525/3/480
f 526/3/481 528/3/483 524/3/479
f 526/3/481 527/3/482 529/3/484
f 530/3/485 524/3/479 528/3/483
f 531/3/486 529/3/484 527/3/482
f 528/3/483 532/3/485 530/3/485
f 529/3/484 531/3/486 533/3/486
f 532/3/485 534/3/487 530/3/485
f 534/3/487 533/3/486 531/3/486
f 534/3/487 532/3/485 535/3/488
f 533/3/486 534/3/487 535/3/488
f 536/3/489 537/3/490 538/3/491
f 537/3/490 536/3/489 539/3/492
f 540/3/489 538/3/491 537/3/490
f 538/3/491 540/3/489 541/3/491
f 542/3/493 543/3/493 544/3/493
f 545/3/493 543/3/493 542/3/493
f 543/3/493 545/3/493 546/3/494
f 546/3/494 545/3/493 547/3/495
f 548/3/496 549/3/497 550/3/498
f 551/3/499 550/3/498 549/3/497
f 550/3/498 552/3/500 548/3/496
f 550/3/498 551/3/499 553/3/499
f 554/3/501 548/3/496 552/3/500
f 555/3/502 553/3/499 551/3/499
f 552/3/500 556/3/503 554/3/501
f 553/3/499 555/3/502 557/3/504
f 556/3/503 558/3/505 554/3/501
f 558/3/505 557/3/504 555/3/502
f 556/3/503 559/3/506 558/3/505
f 557/3/504 558/3/505 559/3/506
f 560/3/507 561/3/508 562/3/509
f 561/3/508 563/3/510 562/3/509
f 561/3/508 560/3/507 564/3/511
f 563/3/510 561/3/508 565/3/510
f 566/3/512 564/3/511 560/3/507
f 567/3/513 563/3/510 565/3/510
f 566/3/512 560/3/507 568/3/512
f 563/3/510 567/3/513 569/3/513
f 570/3/514 566/3/512 568/3/512
f 567/3/513 571/3/515 569/3/513
f 568/3/512 571/3/515 570/3/514
f 567/3/513 570/3/514 571/3/515
f 572/3/516 573/3/517 574/3/516
f 573/3/517 572/3/516 575/3/518
f 574/3/516 573/3/517 576/3/516
f 574/3/516 576/3/516 577/3/519
f 578/3/520 579/3/521 580/3/522
f 581/3/523 580/3/522 579/3/521
f 580/3/522 582/3/524 578/3/520
f 580/3/522 581/3/523 583/3/525
f 584/3/526 578/3/520 582/3/524
f 585/3/527 583/3/525 581/3/523
f 578/3/520 584/3/526 586/3/528
f 583/3/525 585/3/527 587/3/529
f 584/3/526 588/3/530 586/3/528
f 589/3/531 587/3/529 585/3/527
f 584/3/526 589/3/531 588/3/530
f 589/3/531 585/3/527 588/3/530
f 590/3/532 591/3/532 592/3/532
f 593/3/533 591/3/532 590/3/532
f 591/3/532 593/3/533 594/3/532
f 594/3/532 593/3/533 595/3/534
f 596/3/535 597/3/536 598/3/537
f 599/3/538 598/3/537 597/3/536
f 598/3/537 600/3/539 596/3/535
f 598/3/537 599/3/538 601/3/540
f 602/3/541 596/3/535 600/3/539
f 599/3/538 603/3/542 601/3/540
f 600/3/539 604/3/543 602/3/541
f 603/3/542 599/3/538 605/3/544
f 604/3/543 606/3/545 602/3/541
f 606/3/545 603/3/542 605/3/544
f 604/3/543 607/3/545 606/3/545
f 603/3/542 606/3/545 607/3/545
f 608/3/546 609/3/547 610/3/548
f 611/3/549 610/3/548 612/3/550
f 610/3/548 613/3/551 608/3/546
f 613/3/551 610/3/548 611/3/549
f 614/3/552 608/3/546 613/3/551
f 613/3/551 615/3/553 614/3/552
f 611/3/549 616/3/554 613/3/551
f 615/3/553 613/3/551 616/3/554
f 616/3/554 611/3/549 617/3/555
f 617/3/555 618/3/556 616/3/554
f 616/3/554 619/3/557 615/3/553
f 616/3/554 618/3/556 619/3/557
f 615/3/553 619/3/557 620/3/558
f 621/3/559 619/3/557 618/3/556
f 619/3/557 622/3/560 620/3/558
f 619/3/557 621/3/559 622/3/560
f 620/3/558 622/3/560 623/3/561
f 622/3/560 624/3/562 623/3/561
f 621/3/559 625/3/563 622/3/560
f 624/3/562 622/3/560 625/3/563
f 625/3/563 621/3/559 626/3/564
f 625/3/563 627/3/565 624/3/562
f 626/3/564 628/3/566 625/3/563
f 627/3/565 625/3/563 628/3/566
f 628/3/566 626/3/564 629/3/567
f 629/3/567 630/3/568 628/3/566
f 631/3/569 627/3/565 628/3/566
f 631/3/569 628/3/566 630/3/568
f 627/3/565 631/3/569 632/3/570
f 630/3/568 633/3/571 631/3/569
f 631/3/569 634/3/572 632/3/570
f 635/3/573 631/3/569 633/3/571
f 634/3/572 631/3/569 635/3/573
f 633/3/571 636/3/574 635/3/573
f 637/3/575 634/3/572 635/3/573
f 635/3/573 636/3/574 637/3/575
f 634/3/572 637/3/575 638/3/576
f 637/3/575 639/3/577 638/3/576
f 636/3/574 640/3/578 637/3/575
f 639/3/577 637/3/575 640/3/578
f 640/3/578 636/3/574 641/3/579
f 640/3/578 642/3/580 639/3/577
f 641/3/579 642/3/580 640/3/578
f 642/3/580 641/3/579 643/3/581
f 639/3/577 642/3/580 644/3/582
f 643/3/581 645/3/583 642/3/580
f 642/3/580 646/3/584 644/3/582
f 642/3/580 645/3/583 646/3/584
f 644/3/582 646/3/584 647/3/585
f 645/3/583 648/3/586 646/3/584
f 646/3/584 649/3/587 647/3/585
f 646/3/584 648/3/586 649/3/587
f 647/3/585 649/3/587 650/3/588
f 651/3/589 649/3/587 648/3/586
f 652/3/590 650/3/588 649/3/587
f 649/3/587 651/3/589 652/3/590
f 650/3/588 652/3/590 653/3/591
f 654/3/592 652/3/590 651/3/589
f 652/3/590 655/3/593 653/3/591
f 652/3/590 654/3/592 656/3/594
f 655/3/593 652/3/590 656/3/594
f 657/3/595 658/3/596 659/3/595
f 658/3/596 657/3/595 660/3/595
f 657/3/595 659/3/595 661/3/595
f 659/3/595 662/3/597 661/3/595
f 663/3/598 664/3/599 665/3/598
f 664/3/599 663/3/598 666/3/600
f 665/3/598 667/3/601 663/3/598
f 668/3/602 664/3/599 666/3/600
f 665/3/598 669/3/603 667/3/601
f 664/3/599 668/3/602 670/3/604
f 671/3/605 667/3/601 669/3/603
f 668/3/602 672/3/606 670/3/604
f 667/3/601 671/3/605 673/3/607
f 672/3/606 668/3/602 674/3/608
f 674/3/608 673/3/607 671/3/605
f 671/3/605 672/3/606 674/3/608
f 675/3/609 676/3/610 677/3/610
f 678/3/611 676/3/610 675/3/609
f 678/3/611 679/3/611 676/3/610
f 679/3/611 678/3/611 680/3/611
f 681/3/612 682/3/613 683/3/614
f 684/3/615 683/3/614 682/3/613
f 683/3/614 685/3/616 681/3/612
f 683/3/614 684/3/615 686/3/615
f 687/3/617 681/3/612 685/3/616
f 688/3/618 686/3/615 684/3/615
f 685/3/616 689/3/619 687/3/617
f 686/3/615 688/3/618 690/3/620
f 689/3/619 691/3/621 687/3/617
f 692/3/622 690/3/620 688/3/618
f 691/3/621 689/3/619 692/3/622
f 692/3/622 688/3/618 691/3/621
f 693/3/623 694/3/624 695/3/625
f 694/3/624 696/3/626 695/3/625
f 694/3/624 697/3/627 696/3/626
f 697/3/627 698/3/628 696/3/626
f 696/3/626 699/3/629 695/3/625
f 699/3/629 696/3/626 700/3/630
f 696/3/626 701/3/631 700/3/630
f 702/3/632 695/3/625 699/3/629
f 693/3/623 695/3/625 702/3/632
f 702/3/632 699/3/629 703/3/633
f 703/3/633 704/3/634 702/3/632
f 701/3/631 696/3/626 705/3/635
f 705/3/635 696/3/626 698/3/628
f 705/3/635 706/3/636 701/3/631
f 702/3/632 707/3/637 693/3/623
f 702/3/632 704/3/634 707/3/637
f 693/3/623 707/3/637 708/3/638
f 709/3/639 707/3/637 704/3/634
f 710/3/640 708/3/638 707/3/637
f 710/3/640 707/3/637 709/3/639
f 711/3/641 708/3/638 710/3/640
f 710/3/640 709/3/639 712/3/642
f 710/3/640 713/3/643 711/3/641
f 714/3/644 710/3/640 712/3/642
f 713/3/643 710/3/640 714/3/644
f 714/3/644 712/3/642 715/3/645
f 714/3/644 716/3/646 713/3/643
f 717/3/647 714/3/644 715/3/645
f 716/3/646 714/3/644 717/3/647
f 715/3/645 718/3/648 717/3/647
f 718/3/648 716/3/646 717/3/647
f 718/3/648 715/3/645 719/3/649
f 716/3/646 718/3/648 720/3/650
f 706/3/636 705/3/635 721/3/651
f 698/3/628 721/3/651 705/3/635
f 721/3/651 722/3/652 706/3/636
f 721/3/651 698/3/628 723/3/653
f 722/3/652 721/3/651 724/3/654
f 723/3/653 724/3/654 721/3/651
f 724/3/654 725/3/655 722/3/652
f 724/3/654 723/3/653 726/3/656
f 726/3/656 727/3/657 724/3/654
f 725/3/655 724/3/654 727/3/657
f 727/3/657 726/3/656 728/3/658
f 727/3/657 729/3/659 725/3/655
f 728/3/658 729/3/659 727/3/657
f 730/3/660 725/3/655 729/3/659
f 729/3/659 728/3/658 731/3/661
f 729/3/659 732/3/662 730/3/660
f 731/3/661 733/3/663 729/3/659
f 732/3/662 729/3/659 734/3/664
f 733/3/663 734/3/664 729/3/659
f 735/3/665 732/3/662 734/3/664
f 733/3/663 735/3/665 734/3/664
f 735/3/665 733/3/663 736/3/666
f 732/3/662 735/3/665 737/3/667
f 736/3/666 738/3/668 735/3/665
f 739/3/669 737/3/667 735/3/665
f 735/3/665 738/3/668 739/3/669
f 737/3/667 739/3/669 740/3/670
f 739/3/669 304/3/298 740/3/670
f 738/3/668 741/3/671 739/3/669
f 304/3/298 739/3/669 741/3/671
f 741/3/671 738/3/668 742/3/672
f 742/3/672 307/3/301 741/3/671
f 741/3/671 305/3/299 304/3/298
f 305/3/299 741/3/671 307/3/301
f 743/3/673 744/3/673 745/3/673
f 746/3/674 744/3/673 743/3/673
f 746/3/674 747/3/674 744/3/673
f 747/3/674 746/3/674 748/3/674
f 749/3/675 750/3/676 751/3/677
f 750/3/676 749/3/675 752/3/676
f 753/3/678 751/3/677 750/3/676
f 751/3/677 753/3/678 754/3/679
f 755/3/680 756/3/680 757/3/681
f 756/3/680 755/3/680 758/3/682
f 759/3/683 758/3/682 755/3/680
f 758/3/682 759/3/683 760/3/684
f 761/3/685 762/3/686 763/3/687
f 764/3/688 763/3/687 762/3/686
f 763/3/687 765/3/689 761/3/685
f 763/3/687 764/3/688 766/3/688
f 765/3/689 767/3/690 761/3/685
f 768/3/691 766/3/688 764/3/688
f 765/3/689 769/3/690 767/3/690
f 766/3/688 768/3/691 770/3/692
f 771/3/693 767/3/690 769/3/690
f 771/3/693 770/3/692 768/3/691
f 769/3/690 772/3/694 771/3/693
f 770/3/692 771/3/693 772/3/694
f 773/3/695 774/3/696 775/3/697
f 776/3/698 774/3/696 773/3/695
f 774/3/696 776/3/698 777/3/698
f 777/3/698 776/3/698 778/3/698
f 779/3/699 780/3/700 781/3/700
f 782/3/701 781/3/700 780/3/700
f 781/3/700 783/3/702 779/3/699
f 781/3/700 782/3/701 784/3/703
f 783/3/702 785/3/704 779/3/699
f 786/3/705 784/3/703 782/3/701
f 785/3/704 783/3/702 787/3/706
f 784/3/703 786/3/705 788/3/707
f 787/3/706 789/3/708 785/3/704
f 790/3/709 788/3/707 786/3/705
f 789/3/708 787/3/706 790/3/709
f 790/3/709 786/3/705 789/3/708
f 791/3/710 792/3/711 793/3/712
f 792/3/711 794/3/713 793/3/712
f 793/3/712 795/3/714 791/3/710
f 794/3/713 796/3/715 793/3/712
f 797/3/716 793/3/712 796/3/715
f 795/3/714 793/3/712 797/3/716
f 798/3/717 797/3/716 796/3/715
f 799/3/718 795/3/714 797/3/716
f 797/3/716 798/3/717 799/3/718
f 795/3/714 799/3/718 800/3/719
f 798/3/717 801/3/720 799/3/718
f 799/3/718 802/3/721 800/3/719
f 799/3/718 801/3/720 802/3/721
f 803/3/722 800/3/719 802/3/721
f 801/3/720 804/3/723 802/3/721
f 802/3/721 804/3/723 803/3/722
f 804/3/723 801/3/720 805/3/724
f 803/3/722 804/3/723 806/3/725
f 807/3/726 804/3/723 805/3/724
f 808/3/727 806/3/725 804/3/723
f 808/3/727 804/3/723 807/3/726
f 809/3/728 806/3/725 808/3/727
f 808/3/727 807/3/726 810/3/729
f 808/3/727 811/3/730 809/3/728
f 811/3/730 808/3/727 812/3/731
f 812/3/731 808/3/727 810/3/729
f 812/3/731 813/3/732 811/3/730
f 810/3/729 814/3/733 812/3/731
f 813/3/732 812/3/731 814/3/733
f 814/3/733 810/3/729 815/3/734
f 814/3/733 816/3/735 813/3/732
f 815/3/734 817/3/736 814/3/733
f 816/3/735 814/3/733 817/3/736
f 817/3/736 815/3/734 818/3/737
f 818/3/737 819/3/738 817/3/736
f 817/3/736 820/3/739 816/3/735
f 817/3/736 819/3/738 820/3/739
f 820/3/739 821/3/740 816/3/735
f 819/3/738 822/3/741 820/3/739
f 820/3/739 823/3/742 821/3/740
f 823/3/742 820/3/739 822/3/741
f 824/3/743 821/3/740 823/3/742
f 822/3/741 825/3/744 823/3/742
f 823/3/742 826/3/745 824/3/743
f 827/3/746 823/3/742 825/3/744
f 826/3/745 823/3/742 827/3/746
f 825/3/744 828/3/747 827/3/746
f 826/3/745 827/3/746 828/3/747
f 828/3/747 825/3/744 829/3/748
f 830/3/749 826/3/745 828/3/747
f 831/3/750 832/3/750 833/3/751
f 832/3/750 831/3/750 834/3/752
f 835/3/752 834/3/752 831/3/750
f 834/3/752 835/3/752 836/3/753
f 837/3/754 838/3/755 839/3/756
f 838/3/755 837/3/754 840/3/755
f 839/3/756 838/3/755 841/3/755
f 839/3/756 841/3/755 842/3/757
f 843/3/758 844/3/759 845/3/760
f 844/3/759 843/3/758 846/3/761
f 845/3/760 847/3/762 843/3/758
f 848/3/763 844/3/759 846/3/761
f 845/3/760 849/3/764 847/3/762
f 844/3/759 848/3/763 850/3/765
f 849/3/764 851/3/766 847/3/762
f 852/3/767 850/3/765 848/3/763
f 849/3/764 853/3/766 851/3/766
f 850/3/765 852/3/767 854/3/768
f 854/3/768 851/3/766 853/3/766
f 851/3/766 854/3/768 852/3/767
f 855/3/769 856/3/770 857/3/771
f 858/3/772 855/3/769 857/3/771
f 856/3/770 855/3/769 859/3/770
f 855/3/769 858/3/772 860/3/772
f 861/3/773 856/3/770 859/3/770
f 862/3/774 860/3/772 858/3/772
f 859/3/770 863/3/775 861/3/773
f 860/3/772 862/3/774 864/3/776
f 863/3/775 865/3/777 861/3/773
f 862/3/774 866/3/778 864/3/776
f 865/3/777 863/3/775 866/3/778
f 866/3/778 862/3/774 865/3/777
f 867/3/779 868/3/780 869/3/781
f 868/3/780 867/3/779 870/3/782
f 870/3/782 867/3/779 871/3/783
f 870/3/782 871/3/783 872/3/784
f 873/3/785 874/3/786 875/3/787
f 874/3/786 873/3/785 876/3/788
f 877/3/789 876/3/788 873/3/785
f 876/3/788 877/3/789 878/3/790
f 879/3/791 880/3/792 881/3/793
f 879/3/791 881/3/793 882/3/794
f 883/3/795 879/3/791 882/3/794
f 883/3/795 882/3/794 884/3/796
f 885/3/797 880/3/792 879/3/791
f 883/3/795 885/3/797 879/3/791
f 885/3/797 886/3/798 880/3/792
f 887/3/799 880/3/792 886/3/798
f 885/3/797 883/3/795 888/3/800
f 889/3/801 883/3/795 884/3/796
f 883/3/795 890/3/802 888/3/800
f 891/3/803 880/3/792 887/3/799
f 891/3/803 881/3/793 880/3/792
f 887/3/799 892/3/804 891/3/803
f 893/3/805 881/3/793 891/3/803
f 890/3/802 883/3/795 894/3/806
f 894/3/806 883/3/795 889/3/801
f 894/3/806 895/3/807 890/3/802
f 891/3/803 892/3/804 792/3/711
f 891/3/803 792/3/711 893/3/805
f 893/3/805 792/3/711 896/3/808
f 892/3/804 794/3/713 792/3/711
f 792/3/711 791/3/710 896/3/808
f 895/3/807 894/3/806 897/3/809
f 889/3/801 897/3/809 894/3/806
f 897/3/809 898/3/810 895/3/807
f 897/3/809 889/3/801 899/3/811
f 898/3/810 897/3/809 900/3/812
f 899/3/811 900/3/812 897/3/809
f 900/3/812 901/3/813 898/3/810
f 900/3/812 899/3/811 902/3/814
f 901/3/813 900/3/812 903/3/815
f 902/3/814 903/3/815 900/3/812
f 903/3/815 904/3/816 901/3/813
f 903/3/815 902/3/814 905/3/817
f 904/3/816 903/3/815 906/3/818
f 905/3/817 906/3/818 903/3/815
f 906/3/818 905/3/817 907/3/819
f 906/3/818 908/3/820 904/3/816
f 909/3/821 906/3/818 907/3/819
f 908/3/820 906/3/818 910/3/822
f 906/3/818 909/3/821 910/3/822
f 910/3/822 609/3/547 908/3/820
f 909/3/821 911/3/823 910/3/822
f 609/3/547 910/3/822 911/3/823
f 911/3/823 909/3/821 912/3/824
f 612/3/550 911/3/823 912/3/824
f 911/3/823 610/3/548 609/3/547
f 610/3/548 911/3/823 612/3/550
f 913/3/825 914/3/826 915/3/827
f 916/3/828 915/3/827 914/3/826
f 914/3/826 917/3/829 916/3/828
f 917/3/829 914/3/826 918/3/830
f 914/3/826 919/3/831 918/3/830
f 920/3/832 919/3/831 914/3/826
f 914/3/826 913/3/825 920/3/832
f 915/3/827 921/3/833 913/3/825
f 922/3/834 920/3/832 913/3/825
f 923/3/835 913/3/825 921/3/833
f 913/3/825 923/3/835 922/3/834
f 922/3/834 923/3/835 924/3/836
f 921/3/833 925/3/837 923/3/835
f 923/3/835 926/3/838 924/3/836
f 926/3/838 923/3/835 927/3/839
f 925/3/837 927/3/839 923/3/835
f 927/3/839 928/3/840 926/3/838
f 925/3/837 929/3/841 927/3/839
f 928/3/840 927/3/839 929/3/841
f 929/3/841 925/3/837 930/3/842
f 929/3/841 931/3/843 928/3/840
f 930/3/842 932/3/844 929/3/841
f 931/3/843 929/3/841 932/3/844
f 932/3/844 930/3/842 933/3/845
f 933/3/845 934/3/846 932/3/844
f 935/3/847 931/3/843 932/3/844
f 934/3/846 935/3/847 932/3/844
f 936/3/848 931/3/843 935/3/847
f 937/3/849 935/3/847 934/3/846
f 935/3/847 938/3/850 936/3/848
f 938/3/850 935/3/847 937/3/849
f 939/3/851 936/3/848 938/3/850
f 937/3/849 940/3/852 938/3/850
f 938/3/850 940/3/852 939/3/851
f 940/3/852 937/3/849 941/3/853
f 939/3/851 940/3/852 942/3/854
f 941/3/853 943/3/855 940/3/852
f 944/3/856 942/3/854 940/3/852
f 944/3/856 940/3/852 943/3/855
f 942/3/854 944/3/856 945/3/857
f 943/3/855 946/3/858 944/3/856
f 944/3/856 946/3/858 945/3/857
f 946/3/858 943/3/855 947/3/859
f 945/3/857 946/3/858 948/3/860
f 947/3/859 949/3/861 946/3/858
f 949/3/861 948/3/860 946/3/858
f 949/3/861 947/3/859 950/3/862
f 951/3/863 948/3/860 949/3/861
f 950/3/862 952/3/864 949/3/861
f 949/3/861 953/3/865 951/3/863
f 953/3/865 949/3/861 954/3/866
f 954/3/866 949/3/861 952/3/864
f 954/3/866 955/3/867 953/3/865
f 955/3/867 954/3/866 956/3/868
f 952/3/864 956/3/868 954/3/866
f 956/3/868 952/3/864 957/3/869
f 958/3/870 959/3/871 960/3/872
f 961/3/873 962/3/874 960/3/872
f 960/3/872 963/3/875 958/3/870
f 964/3/876 960/3/872 962/3/874
f 963/3/875 960/3/872 964/3/876
f 962/3/874 965/3/877 964/3/876
f 964/3/876 966/3/878 963/3/875
f 967/3/879 964/3/876 965/3/877
f 966/3/878 964/3/876 967/3/879
f 965/3/877 968/3/880 967/3/879
f 968/3/880 966/3/878 967/3/879
f 968/3/880 965/3/877 969/3/881
f 970/3/882 966/3/878 968/3/880
f 969/3/881 971/3/883 968/3/880
f 968/3/880 971/3/883 970/3/882
f 971/3/883 969/3/881 972/3/884
f 973/3/885 970/3/882 971/3/883
f 972/3/884 974/3/886 971/3/883
f 971/3/883 975/3/887 973/3/885
f 975/3/887 971/3/883 976/3/888
f 971/3/883 974/3/886 976/3/888
f 976/3/888 977/3/889 975/3/887
f 974/3/886 978/3/890 976/3/888
f 977/3/889 976/3/888 978/3/890
f 978/3/890 974/3/886 979/3/891
f 978/3/890 980/3/892 977/3/889
f 979/3/891 981/3/893 978/3/890
f 980/3/892 978/3/890 981/3/893
f 981/3/893 979/3/891 982/3/894
f 981/3/893 983/3/895 980/3/892
f 982/3/894 983/3/895 981/3/893
f 984/3/896 980/3/892 983/3/895
f 983/3/895 982/3/894 985/3/897
f 986/3/898 984/3/896 983/3/895
f 985/3/897 986/3/898 983/3/895
f 987/3/899 984/3/896 986/3/898
f 986/3/898 985/3/897 988/3/900
f 986/3/898 989/3/901 987/3/899
f 990/3/902 986/3/898 988/3/900
f 989/3/901 986/3/898 991/3/903
f 991/3/903 986/3/898 990/3/902
f 991/3/903 992/3/904 989/3/901
f 990/3/902 993/3/905 991/3/903
f 992/3/904 991/3/903 993/3/905
f 993/3/905 990/3/902 994/3/906
f 993/3/905 995/3/907 992/3/904
f 994/3/906 996/3/908 993/3/905
f 995/3/907 993/3/905 996/3/908
f 996/3/908 994/3/906 997/3/909
f 996/3/908 997/3/909 998/3/910
f 999/3/911 996/3/908 998/3/910
f 996/3/908 999/3/911 995/3/907
f 995/3/907 999/3/911 1000/3/912
f 1001/3/913 1002/3/914 1003/3/915
f 1004/3/916 1001/3/913 1005/3/917
f 1006/3/918 1001/3/913 1003/3/915
f 1001/3/913 1007/3/919 1005/3/917
f 1001/3/913 1006/3/918 1008/3/920
f 1007/3/919 1001/3/913 1008/3/920
f 1009/3/921 1008/3/920 1006/3/918
f 1008/3/920 1010/3/922 1007/3/919
f 1008/3/920 1009/3/921 1011/3/923
f 1010/3/922 1008/3/920 1011/3/923
f 1009/3/921 1012/3/924 1011/3/923
f 1011/3/923 1012/3/924 1010/3/922
f 1012/3/924 1009/3/921 1013/3/925
f 1010/3/922 1012/3/924 1014/3/926
f 1013/3/925 1015/3/927 1012/3/924
f 1012/3/924 1015/3/927 1014/3/926
f 1015/3/927 1013/3/925 1016/3/928
f 1014/3/926 1015/3/927 1017/3/929
f 1016/3/928 1018/3/930 1015/3/927
f 1015/3/927 1019/3/931 1017/3/929
f 1020/3/932 1015/3/927 1018/3/930
f 1019/3/931 1015/3/927 1020/3/932
f 1021/3/933 1020/3/932 1018/3/930
f 1020/3/932 1022/3/934 1019/3/931
f 1020/3/932 1021/3/933 1023/3/935
f 1022/3/934 1020/3/932 1023/3/935
f 1024/3/936 1023/3/935 1021/3/933
f 1025/3/937 1022/3/934 1023/3/935
f 1023/3/935 1024/3/936 1025/3/937
f 1022/3/934 1025/3/937 1026/3/938
f 1025/3/937 1027/3/939 1026/3/938
f 1024/3/936 1028/3/940 1025/3/937
f 1027/3/939 1025/3/937 1028/3/940
f 1028/3/940 1024/3/936 1029/3/941
f 1028/3/940 1030/3/942 1027/3/939
f 1029/3/941 1030/3/942 1028/3/940
f 1030/3/942 1029/3/941 1031/3/943
f 1032/3/944 1027/3/939 1030/3/942
f 1031/3/943 1033/3/945 1030/3/942
f 1030/3/942 1034/3/946 1032/3/944
f 1033/3/945 1034/3/946 1030/3/942
f 1035/3/947 1032/3/944 1034/3/946
f 1034/3/946 1036/3/948 1035/3/947
f 1036/3/948 1034/3/946 1037/3/949
f 1033/3/945 1037/3/949 1034/3/946
f 1037/3/949 1033/3/945 1038/3/950
f 1039/3/951 1040/3/952 1041/3/953
f 1040/3/952 1039/3/951 1042/3/954
f 1043/3/955 1042/3/954 1039/3/951
f 1042/3/954 1043/3/955 1044/3/956
f 1043/3/955 1045/3/957 1044/3/956
f 1039/3/951 1046/3/958 1043/3/955
f 1046/3/958 1039/3/951 1047/3/959
f 1041/3/953 1047/3/959 1039/3/951
f 1047/3/959 1041/3/953 1048/3/960
f 1041/3/953 1049/3/961 1048/3/960
f 1040/3/952 1050/3/962 1041/3/953
f 1049/3/961 1041/3/953 1050/3/962
f 1050/3/962 1040/3/952 1051/3/963
f 1050/3/962 1052/3/964 1049/3/961
f 1051/3/963 1053/3/965 1050/3/962
f 1052/3/964 1050/3/962 1053/3/965
f 1053/3/965 1051/3/963 1054/3/966
f 1053/3/965 1055/3/967 1052/3/964
f 1054/3/966 1056/3/968 1053/3/965
f 1053/3/965 1056/3/968 1057/3/969
f 1055/3/967 1053/3/965 1057/3/969
f 1056/3/968 1058/3/970 1057/3/969
f 1059/3/971 1055/3/967 1057/3/969
f 1057/3/969 1058/3/970 1059/3/971
f 1058/3/970 1060/3/972 1059/3/971
f 1055/3/967 1059/3/971 1061/3/973
f 1059/3/971 1060/3/972 1062/3/974
f 1062/3/974 1061/3/973 1059/3/971
f 1061/3/973 1062/3/974 1063/3/975
f 1064/3/976 1065/3/977 1066/3/978
f 1066/3/978 1067/3/979 1064/3/976
f 1066/3/978 1065/3/977 1068/3/980
f 1065/3/977 1069/3/981 1068/3/980
f 1067/3/979 1066/3/978 1070/3/982
f 1070/3/982 1071/3/983 1067/3/979
f 1066/3/978 1068/3/980 1072/3/984
f 1073/3/985 1066/3/978 1072/3/984
f 1070/3/982 1066/3/978 1073/3/985
f 1072/3/984 1068/3/980 1074/3/986
f 1071/3/983 1070/3/982 1075/3/987
f 1073/3/985 1075/3/987 1070/3/982
f 1075/3/987 1076/3/988 1071/3/983
f 1075/3/987 1073/3/985 1077/3/989
f 1068/3/980 1078/3/990 1074/3/986
f 1078/3/990 1068/3/980 1069/3/981
f 1079/3/991 1074/3/986 1078/3/990
f 1069/3/981 1080/3/992 1078/3/990
f 1078/3/990 1081/3/993 1079/3/991
f 1081/3/993 1078/3/990 1080/3/992
f 1082/3/994 1079/3/991 1081/3/993
f 1081/3/993 1083/3/995 1082/3/994
f 1080/3/992 1084/3/996 1081/3/993
f 1083/3/995 1081/3/993 1084/3/996
f 1084/3/996 1085/3/997 1083/3/995
f 1084/3/996 1080/3/992 1086/3/998
f 1085/3/997 1084/3/996 1087/3/999
f 1086/3/998 1087/3/999 1084/3/996
f 1087/3/999 1086/3/998 1088/3/1000
f 1077/3/989 1089/3/1001 1075/3/987
f 1089/3/1001 1077/3/989 1090/3/1002
f 1076/3/988 1075/3/987 1089/3/1001
f 1089/3/1001 1090/3/1002 1091/3/1003
f 1092/3/1004 1076/3/988 1089/3/1001
f 1092/3/1004 1089/3/1001 1091/3/1003
f 1093/3/1005 1076/3/988 1092/3/1004
f 1094/3/1006 1092/3/1004 1091/3/1003
f 1092/3/1004 1095/3/1007 1093/3/1005
f 1095/3/1007 1092/3/1004 1094/3/1006
f 1093/3/1005 1095/3/1007 1096/3/1008
f 1094/3/1006 1097/3/1009 1095/3/1007
f 1097/3/1009 1096/3/1008 1095/3/1007
f 1097/3/1009 1094/3/1006 1098/3/1010
f 1099/3/1011 1096/3/1008 1097/3/1009
f 1098/3/1010 1100/3/1012 1097/3/1009
f 1097/3/1009 1100/3/1012 1099/3/1011
f 1100/3/1012 1098/3/1010 1101/3/1013
f 1102/3/1014 1099/3/1011 1100/3/1012
f 1101/3/1013 1103/3/1015 1100/3/1012
f 1100/3/1012 1103/3/1015 1102/3/1014
f 1103/3/1015 1101/3/1013 1104/3/1016
f 1105/3/1017 1102/3/1014 1103/3/1015
f 1104/3/1016 1106/3/1018 1103/3/1015
f 1105/3/1017 1103/3/1015 1106/3/1018
f 1106/3/1018 1104/3/1016 1107/3/1019
f 1108/3/1020 1105/3/1017 1106/3/1018
f 1109/3/1021 1110/3/1022 1111/3/1023
f 1112/3/1024 1111/3/1023 1110/3/1022
f 1111/3/1023 1112/3/1024 1113/3/1025
f 1112/3/1024 1114/3/1026 1113/3/1025
f 1110/3/1022 1115/3/1027 1112/3/1024
f 1114/3/1026 1112/3/1024 1116/3/1028
f 1115/3/1027 1116/3/1028 1112/3/1024
f 1116/3/1028 1115/3/1027 1117/3/1029
f 1115/3/1027 1110/3/1022 1118/3/1030
f 1119/3/1031 1116/3/1028 1117/3/1029
f 1116/3/1028 1120/3/1032 1114/3/1026
f 1116/3/1028 1119/3/1031 1120/3/1032
f 1121/3/1033 1114/3/1026 1120/3/1032
f 1122/3/1034 1118/3/1030 1110/3/1022
f 1110/3/1022 1109/3/1021 1122/3/1034
f 1118/3/1030 1122/3/1034 1123/3/1035
f 1122/3/1034 1124/3/1036 1123/3/1035
f 1120/3/1032 1125/3/1037 1121/3/1033
f 1119/3/1031 1125/3/1037 1120/3/1032
f 1126/3/1038 1121/3/1033 1125/3/1037
f 1125/3/1037 1119/3/1031 1127/3/1039
f 1125/3/1037 1128/3/1040 1126/3/1038
f 1127/3/1039 1128/3/1040 1125/3/1037
f 1129/3/1041 1126/3/1038 1128/3/1040
f 1128/3/1040 1127/3/1039 1130/3/1042
f 1128/3/1040 1131/3/1043 1129/3/1041
f 1130/3/1042 1131/3/1043 1128/3/1040
f 1131/3/1043 1130/3/1042 1132/3/1044
f 1133/3/1045 1129/3/1041 1131/3/1043
f 1134/3/1046 1131/3/1043 1132/3/1044
f 1131/3/1043 1135/3/1047 1133/3/1045
f 1131/3/1043 1134/3/1046 1135/3/1047
f 1136/3/1048 1133/3/1045 1135/3/1047
f 1134/3/1046 1137/3/1049 1135/3/1047
f 1138/3/1050 1136/3/1048 1135/3/1047
f 1137/3/1049 1138/3/1050 1135/3/1047
f 1136/3/1048 1138/3/1050 1139/3/1051
f 1137/3/1049 1140/3/1052 1138/3/1050
f 1138/3/1050 1141/3/1053 1139/3/1051
f 1142/3/1054 1138/3/1050 1140/3/1052
f 1141/3/1053 1138/3/1050 1142/3/1054
f 1143/3/1055 1142/3/1054 1140/3/1052
f 1142/3/1054 959/3/871 1141/3/1053
f 1142/3/1054 1143/3/1055 1144/3/1056
f 959/3/871 1142/3/1054 1144/3/1056
f 1143/3/1055 961/3/873 1144/3/1056
f 1144/3/1056 960/3/872 959/3/871
f 1144/3/1056 961/3/873 960/3/872
f 1145/3/1057 1146/3/1058 1147/3/1059
f 1148/3/1060 1147/3/1059 1146/3/1058
f 1146/3/1058 1046/3/958 1148/3/1060
f 1046/3/958 1146/3/1058 1043/3/955
f 1045/3/957 1043/3/955 1146/3/1058
f 1145/3/1057 1045/3/957 1146/3/1058
f 1045/3/957 1145/3/1057 1149/3/1061
f 1147/3/1059 1150/3/1062 1145/3/1057
f 1145/3/1057 1150/3/1062 1149/3/1061
f 1150/3/1062 1147/3/1059 1151/3/1063
f 1149/3/1061 1150/3/1062 1152/3/1064
f 1151/3/1063 1153/3/1065 1150/3/1062
f 1150/3/1062 1153/3/1065 1152/3/1064
f 1153/3/1065 1151/3/1063 1154/3/1066
f 1152/3/1064 1153/3/1065 1155/3/1067
f 1154/3/1066 1156/3/1068 1153/3/1065
f 1153/3/1065 1157/3/1069 1155/3/1067
f 1153/3/1065 1156/3/1068 1157/3/1069
f 1155/3/1067 1157/3/1069 1158/3/1070
f 1156/3/1068 1159/3/1071 1157/3/1069
f 1157/3/1069 1160/3/1072 1158/3/1070
f 1160/3/1072 1157/3/1069 1159/3/1071
f 1158/3/1070 1160/3/1072 1161/3/1073
f 1159/3/1071 1162/3/1074 1160/3/1072
f 1160/3/1072 1163/3/1075 1161/3/1073
f 1163/3/1075 1160/3/1072 1162/3/1074
f 1163/3/1075 1164/3/1076 1161/3/1073
f 1162/3/1074 1002/3/914 1163/3/1075
f 1163/3/1075 1004/3/916 1164/3/1076
f 1002/3/914 1165/3/1077 1163/3/1075
f 1004/3/916 1163/3/1075 1165/3/1077
f 1002/3/914 1001/3/913 1165/3/1077
f 1165/3/1077 1001/3/913 1004/3/916
f 1166/3/1078 1167/3/1078 1168/3/1079
f 1167/3/1078 1166/3/1078 1169/3/1080
f 1170/3/1079 1169/3/1080 1166/3/1078
f 1169/3/1080 1170/3/1079 1171/3/1079
f 1172/3/1081 1173/3/1082 1174/3/1083
f 1175/3/1084 1174/3/1083 1173/3/1082
f 1172/3/1081 1174/3/1083 1176/3/1085
f 1177/3/1086 1172/3/1081 1176/3/1085
f 1178/3/1087 1174/3/1083 1175/3/1084
f 1179/3/1088 1178/3/1087 1175/3/1084
f 1174/3/1083 1180/3/1089 1176/3/1085
f 1180/3/1089 1174/3/1083 1181/3/1090
f 1174/3/1083 1182/3/1091 1181/3/1090
f 1182/3/1091 1174/3/1083 1178/3/1087
f 1178/3/1087 1183/3/1092 1182/3/1091
f 1183/3/1092 1178/3/1087 1184/3/1093
f 1184/3/1093 1178/3/1087 1179/3/1088
f 1184/3/1093 1185/3/1094 1183/3/1092
f 1180/3/1089 1186/3/1095 1176/3/1085
f 1176/3/1085 1186/3/1095 1177/3/1086
f 1186/3/1095 1180/3/1089 1187/3/1096
f 1188/3/1097 1186/3/1095 1187/3/1096
f 1189/3/1098 1177/3/1086 1186/3/1095
f 1186/3/1095 1188/3/1097 1189/3/1098
f 1190/3/1099 1177/3/1086 1189/3/1098
f 1191/3/1100 1189/3/1098 1188/3/1097
f 1189/3/1098 1192/3/1101 1190/3/1099
f 1193/3/1102 1189/3/1098 1191/3/1100
f 1192/3/1101 1189/3/1098 1193/3/1102
f 1194/3/1103 1193/3/1102 1191/3/1100
f 1193/3/1102 1195/3/1104 1192/3/1101
f 1195/3/1104 1193/3/1102 1194/3/1103
f 1195/3/1104 1196/3/1105 1192/3/1101
f 1197/3/1106 1195/3/1104 1194/3/1103
f 1195/3/1104 1198/3/1107 1196/3/1105
f 1198/3/1107 1195/3/1104 1197/3/1106
f 1196/3/1105 1198/3/1107 1199/3/1108
f 1200/3/1109 1198/3/1107 1197/3/1106
f 1198/3/1107 1201/3/1110 1199/3/1108
f 1201/3/1110 1198/3/1107 1200/3/1109
f 1202/3/1111 1199/3/1108 1201/3/1110
f 1200/3/1109 1203/3/1112 1201/3/1110
f 1201/3/1110 1204/3/1113 1202/3/1111
f 1205/3/1114 1201/3/1110 1203/3/1112
f 1204/3/1113 1201/3/1110 1205/3/1114
f 1206/3/1115 1205/3/1114 1203/3/1112
f 1205/3/1114 1207/3/1116 1204/3/1113
f 1208/3/1117 1205/3/1114 1206/3/1115
f 1207/3/1116 1205/3/1114 1208/3/1117
f 1209/3/1118 1208/3/1117 1206/3/1115
f 1208/3/1117 1210/3/1119 1207/3/1116
f 1211/3/1120 1208/3/1117 1209/3/1118
f 1210/3/1119 1208/3/1117 1211/3/1120
f 1212/3/1121 1213/3/1122 1214/3/1123
f 1213/3/1122 1212/3/1121 1215/3/1124
f 1212/3/1121 1214/3/1123 1216/3/1125
f 1214/3/1123 1217/3/1126 1216/3/1125
f 1218/3/1127 1219/3/1128 1220/3/1129
f 1218/3/1127 1221/3/1130 1219/3/1128
f 1218/3/1127 1220/3/1129 1222/3/1131
f 1221/3/1130 1218/3/1127 1223/3/1132
f 1222/3/1131 1220/3/1129 1224/3/1133
f 1221/3/1130 1223/3/1132 1225/3/1134
f 1226/3/1135 1222/3/1131 1224/3/1133
f 1225/3/1134 1227/3/1136 1221/3/1130
f 1224/3/1133 1228/3/1137 1226/3/1135
f 1225/3/1134 1229/3/1137 1227/3/1136
f 1228/3/1137 1224/3/1133 1229/3/1137
f 1229/3/1137 1225/3/1134 1228/3/1137
f 1230/3/1138 1231/3/1138 1232/3/1139
f 1230/3/1138 1233/3/1140 1231/3/1138
f 1230/3/1138 1232/3/1139 1234/3/1141
f 1233/3/1140 1230/3/1138 1235/3/1142
f 1232/3/1139 1236/3/1143 1234/3/1141
f 1237/3/1144 1233/3/1140 1235/3/1142
f 1236/3/1143 1232/3/1139 1238/3/1143
f 1237/3/1144 1239/3/1145 1233/3/1140
f 1240/3/1146 1236/3/1143 1238/3/1143
f 1239/3/1145 1237/3/1144 1241/3/1147
f 1236/3/1143 1240/3/1146 1241/3/1147
f 1241/3/1147 1240/3/1146 1239/3/1145
f 1242/3/1148 1243/3/1149 1244/3/1150
f 1243/3/1149 1242/3/1148 1245/3/1151
f 1242/3/1148 1244/3/1150 1246/3/1152
f 1246/3/1152 1244/3/1150 1247/3/1153
f 1244/3/1150 1248/3/1154 1247/3/1153
f 1243/3/1149 1249/3/1155 1244/3/1150
f 1248/3/1154 1244/3/1150 1249/3/1155
f 1249/3/1155 1243/3/1149 1250/3/1156
f 1249/3/1155 1251/3/1157 1248/3/1154
f 1250/3/1156 1252/3/1158 1249/3/1155
f 1251/3/1157 1249/3/1155 1252/3/1158
f 1252/3/1158 1250/3/1156 1253/3/1159
f 1252/3/1158 1254/3/1160 1251/3/1157
f 1253/3/1159 1255/3/1161 1252/3/1158
f 1254/3/1160 1252/3/1158 1255/3/1161
f 1255/3/1161 1253/3/1159 1256/3/1162
f 1255/3/1161 1257/3/1163 1254/3/1160
f 1256/3/1162 1258/3/1164 1255/3/1161
f 1257/3/1163 1255/3/1161 1259/3/1165
f 1259/3/1165 1255/3/1161 1258/3/1164
f 1259/3/1165 1260/3/1166 1257/3/1163
f 1261/3/1167 1259/3/1165 1258/3/1164
f 1260/3/1166 1259/3/1165 1262/3/1168
f 1259/3/1165 1261/3/1167 1262/3/1168
f 1263/3/1169 1260/3/1166 1262/3/1168
f 1261/3/1167 1263/3/1169 1262/3/1168
f 1260/3/1166 1263/3/1169 1264/3/1170
f 1263/3/1169 1261/3/1167 1265/3/1171
f 1266/3/1172 1264/3/1170 1263/3/1169
f 1265/3/1171 1266/3/1172 1263/3/1169
f 1267/3/1173 1264/3/1170 1266/3/1172
f 1266/3/1172 1265/3/1171 1268/3/1174
f 1269/3/1175 1267/3/1173 1266/3/1172
f 1268/3/1174 1269/3/1175 1266/3/1172
f 1270/3/1176 1267/3/1173 1269/3/1175
f 1269/3/1175 1268/3/1174 1271/3/1177
f 1269/3/1175 1272/3/1178 1270/3/1176
f 1271/3/1177 1273/3/1179 1269/3/1175
f 1272/3/1178 1269/3/1175 1273/3/1179
f 1273/3/1179 1271/3/1177 1274/3/1180
f 1273/3/1179 1275/3/1181 1272/3/1178
f 1274/3/1180 1276/3/1182 1273/3/1179
f 1275/3/1181 1273/3/1179 1276/3/1182
f 1276/3/1182 1274/3/1180 1277/3/1183
f 1276/3/1182 1278/3/1184 1275/3/1181
f 1277/3/1183 1279/3/1185 1276/3/1182
f 1278/3/1184 1276/3/1182 1279/3/1185
f 1279/3/1185 1277/3/1183 1280/3/1186
f 1281/3/1187 1279/3/1185 1280/3/1186
f 1279/3/1185 1282/3/1188 1278/3/1184
f 1282/3/1188 1279/3/1185 1281/3/1187
f 1282/3/1188 1281/3/1187 1283/3/1189
f 1284/3/1190 1278/3/1184 1282/3/1188
f 1285/3/1191 1282/3/1188 1283/3/1189
f 1284/3/1190 1282/3/1188 1285/3/1191
f 1286/3/1192 1284/3/1190 1285/3/1191
f 1109/3/1021 1287/3/1193 1122/3/1034
f 1124/3/1036 1122/3/1034 1287/3/1193
f 1287/3/1193 1109/3/1021 1288/3/1194
f 1287/3/1193 1289/3/1195 1124/3/1036
f 1288/3/1194 1289/3/1195 1287/3/1193
f 1289/3/1195 1288/3/1194 1290/3/1196
f 1291/3/1197 1124/3/1036 1289/3/1195
f 1289/3/1195 1290/3/1196 1292/3/1198
f 1289/3/1195 1293/3/1199 1291/3/1197
f 1293/3/1199 1289/3/1195 1292/3/1198
f 1294/3/1200 1291/3/1197 1293/3/1199
f 1295/3/1201 1293/3/1199 1292/3/1198
f 1296/3/1202 1294/3/1200 1293/3/1199
f 1296/3/1202 1293/3/1199 1295/3/1201
f 1294/3/1200 1296/3/1202 1297/3/1203
f 1296/3/1202 1298/3/1204 1297/3/1203
f 1295/3/1201 1299/3/1205 1296/3/1202
f 1298/3/1204 1296/3/1202 1299/3/1205
f 1299/3/1205 1295/3/1201 1300/3/1206
f 1299/3/1205 1301/3/1207 1298/3/1204
f 1300/3/1206 1301/3/1207 1299/3/1205
f 1302/3/1208 1298/3/1204 1301/3/1207
f 1301/3/1207 1300/3/1206 1303/3/1209
f 1301/3/1207 1304/3/1210 1302/3/1208
f 1303/3/1209 1304/3/1210 1301/3/1207
f 1305/3/1211 1302/3/1208 1304/3/1210
f 1304/3/1210 1303/3/1209 1306/3/1212
f 1304/3/1210 1307/3/1213 1305/3/1211
f 1306/3/1212 1308/3/1214 1304/3/1210
f 1307/3/1213 1304/3/1210 1308/3/1214
f 1308/3/1214 1306/3/1212 1309/3/1215
f 1309/3/1215 1310/3/1216 1308/3/1214
f 1308/3/1214 1311/3/1217 1307/3/1213
f 1308/3/1214 1310/3/1216 1311/3/1217
f 1307/3/1213 1311/3/1217 1312/3/1218
f 1310/3/1216 1313/3/1219 1311/3/1217
f 1311/3/1217 1314/3/1220 1312/3/1218
f 1313/3/1219 1315/3/1221 1311/3/1217
f 1314/3/1220 1311/3/1217 1315/3/1221
f 1313/3/1219 1316/3/1222 1315/3/1221
f 1315/3/1221 1317/3/1223 1314/3/1220
f 1315/3/1221 1316/3/1222 1317/3/1223
f 1314/3/1220 1317/3/1223 1318/3/1224
f 1316/3/1222 1319/3/1225 1317/3/1223
f 1319/3/1225 1318/3/1224 1317/3/1223
f 1319/3/1225 1316/3/1222 1320/3/1226
f 1318/3/1224 1319/3/1225 1321/3/1227
f 1320/3/1226 1322/3/1228 1319/3/1225
f 1322/3/1228 1321/3/1227 1319/3/1225
f 1322/3/1228 1320/3/1226 1323/3/1229
f 1321/3/1227 1322/3/1228 1324/3/1230
f 1325/3/1231 1322/3/1228 1323/3/1229
f 1322/3/1228 1326/3/1232 1324/3/1230
f 1322/3/1228 1325/3/1231 1327/3/1233
f 1326/3/1232 1322/3/1228 1327/3/1233
f 1327/3/1233 1325/3/1231 1328/3/1234
f 1327/3/1233 1329/3/1235 1326/3/1232
f 1330/3/1236 1327/3/1233 1328/3/1234
f 1329/3/1235 1327/3/1233 1330/3/1236
f 1331/3/1237 1179/3/1088 1332/3/1238
f 1179/3/1088 1331/3/1237 1184/3/1093
f 1185/3/1094 1184/3/1093 1331/3/1237
f 1331/3/1237 1333/3/1239 1185/3/1094
f 1332/3/1238 1334/3/1240 1331/3/1237
f 1333/3/1239 1331/3/1237 1334/3/1240
f 1334/3/1240 1332/3/1238 1335/3/1241
f 1334/3/1240 1336/3/1242 1333/3/1239
f 1335/3/1241 1337/3/1243 1334/3/1240
f 1336/3/1242 1334/3/1240 1338/3/1244
f 1338/3/1244 1334/3/1240 1337/3/1243
f 1338/3/1244 1339/3/1245 1336/3/1242
f 1337/3/1243 1340/3/1246 1338/3/1244
f 1339/3/1245 1338/3/1244 1340/3/1246
f 1340/3/1246 1337/3/1243 1341/3/1247
f 1342/3/1248 1339/3/1245 1340/3/1246
f 1341/3/1247 1342/3/1248 1340/3/1246
f 1342/3/1248 1341/3/1247 1343/3/1249
f 1344/3/1250 1339/3/1245 1342/3/1248
f 1345/3/1251 1342/3/1248 1343/3/1249
f 1346/3/1252 1344/3/1250 1342/3/1248
f 1342/3/1248 1345/3/1251 1346/3/1252
f 1344/3/1250 1346/3/1252 1347/3/1253
f 1348/3/1254 1346/3/1252 1345/3/1251
f 1346/3/1252 1349/3/1255 1347/3/1253
f 1346/3/1252 1348/3/1254 1350/3/1256
f 1349/3/1255 1346/3/1252 1350/3/1256
f 1348/3/1254 1351/3/1257 1350/3/1256
f 1350/3/1256 1351/3/1257 1349/3/1255
f 1351/3/1257 1348/3/1254 1352/3/1258
f 1349/3/1255 1351/3/1257 1353/3/1259
f 1352/3/1258 1354/3/1260 1351/3/1257
f 1351/3/1257 1354/3/1260 1353/3/1259
f 1353/3/1259 1354/3/1260 1355/3/1261
f 1354/3/1260 1352/3/1258 1356/3/1262
f 1354/3/1260 1357/3/1263 1355/3/1261
f 1356/3/1262 1358/3/1264 1354/3/1260
f 1357/3/1263 1354/3/1260 1358/3/1264
f 1358/3/1264 1356/3/1262 1359/3/1265
f 1358/3/1264 1360/3/1266 1357/3/1263
f 1359/3/1265 1361/3/1267 1358/3/1264
f 1360/3/1266 1358/3/1264 1361/3/1267
f 1361/3/1267 1359/3/1265 1362/3/1268
f 1362/3/1268 1363/3/1269 1361/3/1267
f 1361/3/1267 1364/3/1270 1360/3/1266
f 1364/3/1270 1361/3/1267 1363/3/1269
f 1365/3/1271 1360/3/1266 1364/3/1270
f 1363/3/1269 1366/3/1272 1364/3/1270
f 1366/3/1272 1365/3/1271 1364/3/1270
f 1366/3/1272 1363/3/1269 1367/3/1273
f 1365/3/1271 1366/3/1272 1368/3/1274
f 1209/3/1118 1369/3/1275 1211/3/1120
f 1369/3/1275 1210/3/1119 1211/3/1120
f 1369/3/1275 1209/3/1118 1370/3/1276
f 1371/3/1277 1210/3/1119 1369/3/1275
f 1372/3/1278 1369/3/1275 1370/3/1276
f 1373/3/1279 1371/3/1277 1369/3/1275
f 1369/3/1275 1372/3/1278 1373/3/1279
f 1371/3/1277 1373/3/1279 1374/3/1280
f 1373/3/1279 1375/3/1281 1374/3/1280
f 1372/3/1278 1376/3/1282 1373/3/1279
f 1375/3/1281 1373/3/1279 1376/3/1282
f 1376/3/1282 1372/3/1278 1377/3/1283
f 1376/3/1282 1378/3/1284 1375/3/1281
f 1377/3/1283 1379/3/1285 1376/3/1282
f 1378/3/1284 1376/3/1282 1379/3/1285
f 1379/3/1285 1377/3/1283 1380/3/1286
f 1381/3/1287 1379/3/1285 1380/3/1286
f 1382/3/1288 1378/3/1284 1379/3/1285
f 1382/3/1288 1379/3/1285 1381/3/1287
f 1378/3/1284 1382/3/1288 1383/3/1289
f 1381/3/1287 1384/3/1290 1382/3/1288
f 1385/3/1291 1383/3/1289 1382/3/1288
f 1385/3/1291 1382/3/1288 1384/3/1290
f 1386/3/1292 1383/3/1289 1385/3/1291
f 1385/3/1291 1387/3/1293 1386/3/1292
f 1384/3/1290 1388/3/1294 1385/3/1291
f 1387/3/1293 1385/3/1291 1388/3/1294
f 1388/3/1294 1384/3/1290 1389/3/1295
f 1389/3/1295 1390/3/1296 1388/3/1294
f 1388/3/1294 1391/3/1297 1387/3/1293
f 1388/3/1294 1390/3/1296 1391/3/1297
f 1392/3/1298 1387/3/1293 1391/3/1297
f 1390/3/1296 1393/3/1299 1391/3/1297
f 1391/3/1297 1393/3/1299 1392/3/1298
f 1393/3/1299 1390/3/1296 1394/3/1300
f 1392/3/1298 1393/3/1299 1395/3/1301
f 1394/3/1300 1396/3/1302 1393/3/1299
f 1397/3/1303 1395/3/1301 1393/3/1299
f 1397/3/1303 1393/3/1299 1396/3/1302
f 1398/3/1304 1395/3/1301 1397/3/1303
f 1396/3/1302 1399/3/1305 1397/3/1303
f 1397/3/1303 1399/3/1305 1398/3/1304
f 1400/3/1306 1398/3/1304 1399/3/1305
f 1399/3/1305 1396/3/1302 1401/3/1307
f 1399/3/1305 1402/3/1308 1400/3/1306
f 1401/3/1307 1403/3/1309 1399/3/1305
f 1402/3/1308 1399/3/1305 1403/3/1309
f 1403/3/1309 1401/3/1307 1404/3/1310
f 1405/3/1311 1402/3/1308 1403/3/1309
f 1404/3/1310 1405/3/1311 1403/3/1309
f 1402/3/1308 1405/3/1311 1406/3/1312
f 1405/3/1311 1404/3/1310 1407/3/1313
f 1405/3/1311 1408/3/1314 1406/3/1312
f 1407/3/1313 1408/3/1314 1405/3/1311
f 1406/3/1312 1408/3/1314 1409/3/1315
f 1408/3/1314 1407/3/1313 1410/3/1316
f 1408/3/1314 1411/3/1317 1409/3/1315
f 1410/3/1316 1411/3/1317 1408/3/1314
f 1409/3/1315 1411/3/1317 1412/3/1318
f 1411/3/1317 1410/3/1316 1413/3/1319
f 1414/3/1320 1415/3/1321 1416/3/1322
f 1415/3/1321 1417/3/1323 1416/3/1322
f 1415/3/1321 1414/3/1320 1418/3/1324
f 1417/3/1323 1415/3/1321 1419/3/1325
f 1414/3/1320 1420/3/1326 1418/3/1324
f 1417/3/1323 1419/3/1325 1421/3/1327
f 1420/3/1326 1414/3/1320 1422/3/1328
f 1417/3/1323 1421/3/1327 1423/3/1327
f 1424/3/1329 1420/3/1326 1422/3/1328
f 1425/3/1330 1423/3/1327 1421/3/1327
f 1420/3/1326 1424/3/1329 1425/3/1330
f 1425/3/1330 1424/3/1329 1423/3/1327
f 1426/3/1331 1427/3/1332 1428/3/1333
f 1427/3/1332 1429/3/1334 1428/3/1333
f 1427/3/1332 1426/3/1331 1430/3/1335
f 1429/3/1334 1427/3/1332 1431/3/1334
f 1426/3/1331 1432/3/1336 1430/3/1335
f 1429/3/1334 1431/3/1334 1433/3/1337
f 1432/3/1336 1426/3/1331 1434/3/1336
f 1429/3/1334 1433/3/1337 1435/3/1338
f 1432/3/1336 1434/3/1336 1436/3/1339
f 1437/3/1339 1435/3/1338 1433/3/1337
f 1436/3/1339 1437/3/1339 1432/3/1336
f 1435/3/1338 1437/3/1339 1436/3/1339
f 1438/3/1340 1439/3/1341 1440/3/1342
f 1438/3/1340 1440/3/1342 1441/3/1342
f 1438/3/1340 1442/3/1343 1439/3/1341
f 1440/3/1342 1443/3/1344 1441/3/1342
f 1439/3/1341 1442/3/1343 1444/3/1345
f 1443/3/1344 1440/3/1342 1445/3/1344
f 1442/3/1343 1446/3/1346 1444/3/1345
f 1443/3/1344 1445/3/1344 1447/3/1347
f 1446/3/1346 1442/3/1343 1448/3/1348
f 1443/3/1344 1447/3/1347 1449/3/1347
f 1449/3/1347 1447/3/1347 1446/3/1346
f 1449/3/1347 1446/3/1346 1448/3/1348
f 1450/3/1349 1451/3/1350 1452/3/1351
f 1451/3/1350 1450/3/1349 1453/3/1352
f 1452/3/1351 1454/3/1353 1450/3/1349
f 1455/3/1354 1451/3/1350 1453/3/1352
f 1454/3/1353 1452/3/1351 1456/3/1353
f 1451/3/1350 1455/3/1354 1457/3/1355
f 1458/3/1356 1454/3/1353 1456/3/1353
f 1455/3/1354 1459/3/1357 1457/3/1355
f 1454/3/1353 1458/3/1356 1460/3/1358
f 1458/3/1356 1459/3/1357 1460/3/1358
f 1459/3/1357 1455/3/1354 1461/3/1357
f 1459/3/1357 1461/3/1357 1460/3/1358
f 1462/3/1359 1463/3/1360 1464/3/1361
f 1463/3/1360 1465/3/1362 1464/3/1361
f 1466/3/1363 1462/3/1359 1464/3/1361
f 1464/3/1361 1465/3/1362 1467/3/1364
f 1467/3/1364 1466/3/1363 1464/3/1361
f 1465/3/1362 1468/3/1365 1467/3/1364
f 1469/3/1366 1466/3/1363 1467/3/1364
f 1467/3/1364 1470/3/1367 1469/3/1366
f 1468/3/1365 1470/3/1367 1467/3/1364
f 1471/3/1368 1469/3/1366 1470/3/1367
f 1470/3/1367 1472/3/1369 1471/3/1368
f 1468/3/1365 1473/3/1370 1470/3/1367
f 1472/3/1369 1470/3/1367 1473/3/1370
f 1473/3/1370 1468/3/1365 1474/3/1371
f 1473/3/1370 1475/3/1372 1472/3/1369
f 1474/3/1371 1476/3/1373 1473/3/1370
f 1475/3/1372 1473/3/1370 1477/3/1374
f 1473/3/1370 1476/3/1373 1477/3/1374
f 1477/3/1374 1478/3/1375 1475/3/1372
f 1476/3/1373 1479/3/1376 1477/3/1374
f 1478/3/1375 1477/3/1374 1479/3/1376
f 1479/3/1376 1476/3/1373 1480/3/1377
f 1479/3/1376 1481/3/1378 1478/3/1375
f 1480/3/1377 1482/3/1379 1479/3/1376
f 1481/3/1378 1479/3/1376 1482/3/1379
f 1482/3/1379 1480/3/1377 1483/3/1380
f 1483/3/1380 1484/3/1381 1482/3/1379
f 1482/3/1379 1485/3/1382 1481/3/1378
f 1485/3/1382 1482/3/1379 1484/3/1381
f 1486/3/1383 1481/3/1378 1485/3/1382
f 1485/3/1382 1487/3/1384 1486/3/1383
f 1484/3/1381 1488/3/1385 1485/3/1382
f 1487/3/1384 1485/3/1382 1488/3/1385
f 1488/3/1385 1484/3/1381 1489/3/1386
f 1488/3/1385 1490/3/1387 1487/3/1384
f 1489/3/1386 1491/3/1388 1488/3/1385
f 1490/3/1387 1488/3/1385 1491/3/1388
f 1491/3/1388 1489/3/1386 1492/3/1389
f 1492/3/1389 1493/3/1390 1491/3/1388
f 1491/3/1388 1494/3/1391 1490/3/1387
f 1491/3/1388 1493/3/1390 1494/3/1391
f 1495/3/1392 1490/3/1387 1494/3/1391
f 1496/3/1393 1494/3/1391 1493/3/1390
f 1494/3/1391 1497/3/1394 1495/3/1392
f 1494/3/1391 1496/3/1393 1497/3/1394
f 1497/3/1394 1498/3/1395 1495/3/1392
f 1497/3/1394 1499/3/1396 1498/3/1395
f 1496/3/1393 1500/3/1397 1497/3/1394
f 1499/3/1396 1497/3/1394 1500/3/1397
f 1500/3/1397 1496/3/1393 1501/3/1398
f 1500/3/1397 1502/3/1399 1499/3/1396
f 1501/3/1398 1503/3/1400 1500/3/1397
f 1502/3/1399 1500/3/1397 1503/3/1400
f 1503/3/1400 1501/3/1398 1504/3/1401
f 1503/3/1400 1505/3/1402 1502/3/1399
f 1504/3/1401 1506/3/1403 1503/3/1400
f 1503/3/1400 1506/3/1403 1507/3/1404
f 1505/3/1402 1503/3/1400 1507/3/1404
f 1506/3/1403 1508/3/1405 1507/3/1404
f 1507/3/1404 1509/3/1406 1505/3/1402
f 1509/3/1406 1507/3/1404 1508/3/1405
f 1510/3/1407 1505/3/1402 1509/3/1406
f 1511/3/1408 1509/3/1406 1508/3/1405
f 1512/3/1409 1510/3/1407 1509/3/1406
f 1509/3/1406 1511/3/1408 1512/3/1409
f 1510/3/1407 1512/3/1409 1513/3/1410
f 1512/3/1409 1514/3/1411 1513/3/1410
f 1511/3/1408 1515/3/1412 1512/3/1409
f 1514/3/1411 1512/3/1409 1515/3/1412
f 1515/3/1412 1511/3/1408 1516/3/1413
f 1515/3/1412 1517/3/1414 1514/3/1411
f 1515/3/1412 1516/3/1413 1518/3/1415
f 1517/3/1414 1515/3/1412 1519/3/1416
f 1519/3/1416 1515/3/1412 1518/3/1415
f 1520/3/1417 1521/3/1418 1522/3/1419
f 1520/3/1417 1523/3/1420 1521/3/1418
f 1520/3/1417 1522/3/1419 1524/3/1421
f 1523/3/1420 1520/3/1417 1525/3/1422
f 1524/3/1421 1522/3/1419 1526/3/1423
f 1525/3/1422 1527/3/1424 1523/3/1420
f 1526/3/1423 1528/3/1425 1524/3/1421
f 1527/3/1424 1525/3/1422 1529/3/1426
f 1526/3/1423 1530/3/1427 1528/3/1425
f 1527/3/1424 1529/3/1426 1530/3/1427
f 1530/3/1427 1526/3/1423 1531/3/1428
f 1527/3/1424 1530/3/1427 1531/3/1428
f 1532/3/1429 1533/3/1430 1534/3/1431
f 1534/3/1431 1535/3/1432 1532/3/1429
f 1533/3/1430 1532/3/1429 1536/3/1433
f 1532/3/1429 1535/3/1432 1537/3/1434
f 1536/3/1433 1538/3/1435 1533/3/1430
f 1535/3/1432 1539/3/1436 1537/3/1434
f 1538/3/1435 1536/3/1433 1540/3/1437
f 1539/3/1436 1535/3/1432 1541/3/1438
f 1538/3/1435 1540/3/1437 1542/3/1439
f 1541/3/1438 1542/3/1439 1539/3/1436
f 1538/3/1435 1542/3/1439 1543/3/1440
f 1542/3/1439 1541/3/1438 1543/3/1440
f 1544/3/1441 1545/3/1442 1546/3/1442
f 1545/3/1442 1544/3/1441 1547/3/1443
f 1548/3/1444 1546/3/1442 1545/3/1442
f 1547/3/1443 1544/3/1441 1549/3/1445
f 1550/3/1446 1546/3/1442 1548/3/1444
f 1549/3/1445 1551/3/1445 1547/3/1443
f 1548/3/1444 1552/3/1447 1550/3/1446
f 1549/3/1445 1553/3/1448 1551/3/1445
f 1552/3/1447 1548/3/1444 1554/3/1447
f 1553/3/1448 1552/3/1447 1554/3/1447
f 1553/3/1448 1549/3/1445 1555/3/1448
f 1553/3/1448 1555/3/1448 1552/3/1447
f 1556/3/1449 1557/3/1449 1558/3/1450
f 1556/3/1449 1559/3/1451 1557/3/1449
f 1556/3/1449 1558/3/1450 1560/3/1452
f 1559/3/1451 1556/3/1449 1561/3/1453
f 1562/3/1454 1560/3/1452 1558/3/1450
f 1559/3/1451 1561/3/1453 1563/3/1455
f 1562/3/1454 1564/3/1456 1560/3/1452
f 1559/3/1451 1563/3/1455 1565/3/1455
f 1562/3/1454 1566/3/1457 1564/3/1456
f 1565/3/1455 1563/3/1455 1566/3/1457
f 1566/3/1457 1562/3/1454 1567/3/1457
f 1565/3/1455 1566/3/1457 1567/3/1457
f 1568/3/1458 1569/3/1459 1570/3/1460
f 1568/3/1458 1570/3/1460 1571/3/1461
f 1569/3/1459 1572/3/1462 1570/3/1460
f 1571/3/1461 1573/3/1463 1568/3/1458
f 1569/3/1459 1574/3/1464 1572/3/1462
f 1575/3/1465 1574/3/1464 1569/3/1459
f 1568/3/1458 1575/3/1465 1569/3/1459
f 1575/3/1465 1576/3/1466 1574/3/1464
f 1575/3/1465 1568/3/1458 1577/3/1467
f 1576/3/1466 1578/3/1468 1574/3/1464
f 1568/3/1458 1579/3/1469 1577/3/1467
f 1462/3/1359 1574/3/1464 1578/3/1468
f 1574/3/1464 1462/3/1359 1572/3/1462
f 1580/3/1470 1572/3/1462 1462/3/1359
f 1578/3/1468 1463/3/1360 1462/3/1359
f 1462/3/1359 1466/3/1363 1580/3/1470
f 1579/3/1469 1568/3/1458 1581/3/1471
f 1581/3/1471 1568/3/1458 1573/3/1463
f 1581/3/1471 1582/3/1472 1579/3/1469
f 1573/3/1463 1583/3/1473 1581/3/1471
f 1582/3/1472 1581/3/1471 1584/3/1474
f 1581/3/1471 1583/3/1473 1584/3/1474
f 1584/3/1474 1585/3/1475 1582/3/1472
f 1583/3/1473 1586/3/1476 1584/3/1474
f 1585/3/1475 1584/3/1474 1587/3/1477
f 1584/3/1474 1586/3/1476 1587/3/1477
f 1587/3/1477 1588/3/1478 1585/3/1475
f 1586/3/1476 1589/3/1479 1587/3/1477
f 1588/3/1478 1587/3/1477 1589/3/1479
f 1589/3/1479 1590/3/1480 1588/3/1478
f 1589/3/1479 1586/3/1476 1591/3/1481
f 1590/3/1480 1589/3/1479 1592/3/1482
f 1591/3/1481 1592/3/1482 1589/3/1479
f 1592/3/1482 1591/3/1481 1593/3/1483
f 1594/3/1484 1595/3/1485 1596/3/1486
f 1595/3/1485 1597/3/1487 1596/3/1486
f 1595/3/1485 1594/3/1484 1598/3/1488
f 1597/3/1487 1595/3/1485 1599/3/1487
f 1594/3/1484 1600/3/1489 1598/3/1488
f 1601/3/1490 1597/3/1487 1599/3/1487
f 1600/3/1489 1594/3/1484 1602/3/1491
f 1597/3/1487 1601/3/1490 1603/3/1492
f 1600/3/1489 1602/3/1491 1604/3/1493
f 1603/3/1492 1601/3/1490 1605/3/1493
f 1600/3/1489 1604/3/1493 1605/3/1493
f 1605/3/1493 1604/3/1493 1603/3/1492
f 1606/3/1494 1607/3/1495 1608/3/1496
f 1606/3/1494 1609/3/1497 1607/3/1495
f 1608/3/1496 1610/3/1498 1606/3/1494
f 1609/3/1497 1606/3/1494 1611/3/1497
f 1612/3/1499 1610/3/1498 1608/3/1496
f 1611/3/1497 1613/3/1500 1609/3/1497
f 1614/3/1501 1610/3/1498 1612/3/1499
f 1613/3/1500 1611/3/1497 1615/3/1500
f 1612/3/1499 1616/3/1502 1614/3/1501
f 1615/3/1500 1617/3/1502 1613/3/1500
f 1616/3/1502 1612/3/1499 1617/3/1502
f 1617/3/1502 1615/3/1500 1616/3/1502
f 1618/3/1503 1619/3/1504 1620/3/1503
f 1620/3/1503 1621/3/1505 1618/3/1503
f 1620/3/1503 1619/3/1504 1622/3/1506
f 1621/3/1505 1620/3/1503 1623/3/1507
f 1624/3/1508 1622/3/1506 1619/3/1504
f 1625/3/1509 1621/3/1505 1623/3/1507
f 1622/3/1506 1624/3/1508 1626/3/1510
f 1621/3/1505 1625/3/1509 1627/3/1511
f 1624/3/1508 1628/3/1512 1626/3/1510
f 1625/3/1509 1629/3/1513 1627/3/1511
f 1628/3/1512 1624/3/1508 1629/3/1513
f 1629/3/1513 1625/3/1509 1628/3/1512
f 1630/3/1514 1631/3/1515 1632/3/1514
f 1632/3/1514 1633/3/1516 1630/3/1514
f 1632/3/1514 1631/3/1515 1634/3/1517
f 1633/3/1516 1632/3/1514 1635/3/1518
f 1631/3/1515 1636/3/1519 1634/3/1517
f 1635/3/1518 1637/3/1520 1633/3/1516
f 1636/3/1519 1631/3/1515 1638/3/1519
f 1637/3/1520 1635/3/1518 1639/3/1521
f 1640/3/1522 1636/3/1519 1638/3/1519
f 1641/3/1523 1637/3/1520 1639/3/1521
f 1640/3/1522 1641/3/1523 1636/3/1519
f 1641/3/1523 1640/3/1522 1637/3/1520
f 1642/3/1524 1643/3/1525 1644/3/1526
f 1642/3/1524 1645/3/1527 1643/3/1525
f 1644/3/1526 1646/3/1528 1642/3/1524
f 1645/3/1527 1642/3/1524 1647/3/1527
f 1644/3/1526 1648/3/1529 1646/3/1528
f 1647/3/1527 1649/3/1530 1645/3/1527
f 1648/3/1529 1650/3/1529 1646/3/1528
f 1649/3/1530 1647/3/1527 1651/3/1531
f 1648/3/1529 1652/3/1532 1650/3/1529
f 1649/3/1530 1651/3/1531 1652/3/1532
f 1652/3/1532 1648/3/1529 1653/3/1533
f 1653/3/1533 1649/3/1530 1652/3/1532
f 1654/3/1534 1655/3/1534 1656/3/1535
f 1654/3/1534 1657/3/1536 1655/3/1534
f 1654/3/1534 1656/3/1535 1658/3/1537
f 1657/3/1536 1654/3/1534 1659/3/1538
f 1656/3/1535 1660/3/1539 1658/3/1537
f 1657/3/1536 1659/3/1538 1661/3/1540
f 1658/3/1537 1660/3/1539 1662/3/1539
f 1657/3/1536 1661/3/1540 1663/3/1541
f 1660/3/1539 1664/3/1542 1662/3/1539
f 1664/3/1542 1663/3/1541 1661/3/1540
f 1664/3/1542 1660/3/1539 1665/3/1543
f 1663/3/1541 1664/3/1542 1665/3/1543
f 1666/3/1544 1667/3/1545 1668/3/1546
f 1667/3/1545 1666/3/1544 1669/3/1545
f 1668/3/1546 1670/3/1547 1666/3/1544
f 1667/3/1545 1669/3/1545 1671/3/1548
f 1670/3/1547 1668/3/1546 1672/3/1549
f 1667/3/1545 1671/3/1548 1673/3/1548
f 1672/3/1549 1674/3/1550 1670/3/1547
f 1675/3/1551 1673/3/1548 1671/3/1548
f 1674/3/1550 1672/3/1549 1676/3/1550
f 1673/3/1548 1675/3/1551 1677/3/1552
f 1677/3/1552 1675/3/1551 1674/3/1550
f 1677/3/1552 1674/3/1550 1676/3/1550
f 1678/3/1553 1679/3/1554 1680/3/1555
f 1678/3/1553 1680/3/1555 1681/3/1555
f 1679/3/1554 1678/3/1553 1682/3/1556
f 1680/3/1555 1683/3/1557 1681/3/1555
f 1679/3/1554 1682/3/1556 1684/3/1558
f 1681/3/1555 1683/3/1557 1685/3/1559
f 1682/3/1556 1686/3/1560 1684/3/1558
f 1683/3/1557 1687/3/1561 1685/3/1559
f 1686/3/1560 1682/3/1556 1688/3/1562
f 1687/3/1561 1686/3/1560 1688/3/1562
f 1687/3/1561 1683/3/1557 1689/3/1563
f 1686/3/1560 1687/3/1561 1689/3/1563
f 1690/3/1564 1691/3/1565 1692/3/1566
f 1693/3/1567 1690/3/1564 1692/3/1566
f 1691/3/1565 1690/3/1564 1694/3/1565
f 1690/3/1564 1693/3/1567 1695/3/1567
f 1694/3/1565 1696/3/1568 1691/3/1565
f 1693/3/1567 1697/3/1569 1695/3/1567
f 1696/3/1568 1694/3/1565 1698/3/1570
f 1697/3/1569 1693/3/1567 1699/3/1569
f 1700/3/1571 1696/3/1568 1698/3/1570
f 1701/3/1572 1697/3/1569 1699/3/1569
f 1696/3/1568 1700/3/1571 1701/3/1572
f 1697/3/1569 1701/3/1572 1700/3/1571
f 1702/3/1573 1703/3/1574 1704/3/1573
f 1703/3/1574 1705/3/1575 1704/3/1573
f 1702/3/1573 1704/3/1573 1706/3/1576
f 1703/3/1574 1707/3/1577 1705/3/1575
f 1702/3/1573 1706/3/1576 1708/3/1578
f 1707/3/1577 1703/3/1574 1709/3/1577
f 1706/3/1576 1710/3/1579 1708/3/1578
f 1707/3/1577 1709/3/1577 1711/3/1580
f 1710/3/1579 1706/3/1576 1712/3/1579
f 1712/3/1579 1711/3/1580 1710/3/1579
f 1711/3/1580 1713/3/1581 1707/3/1577
f 1711/3/1580 1712/3/1579 1713/3/1581
f 1714/3/1582 1715/3/1583 1716/3/1584
f 1714/3/1582 1717/3/1585 1715/3/1583
f 1714/3/1582 1716/3/1584 1718/3/1586
f 1717/3/1585 1714/3/1582 1719/3/1587
f 1718/3/1586 1716/3/1584 1720/3/1588
f 1719/3/1587 1721/3/1589 1717/3/1585
f 1720/3/1588 1722/3/1588 1718/3/1586
f 1721/3/1589 1719/3/1587 1723/3/1590
f 1722/3/1588 1720/3/1588 1724/3/1591
f 1723/3/1590 1724/3/1591 1721/3/1589
f 1724/3/1591 1725/3/1592 1722/3/1588
f 1724/3/1591 1723/3/1590 1725/3/1592
f 1726/3/1593 1727/3/1594 1728/3/1593
f 1727/3/1594 1726/3/1593 1729/3/1595
f 1728/3/1593 1730/3/1596 1726/3/1593
f 1731/3/1597 1727/3/1594 1729/3/1595
f 1730/3/1596 1728/3/1593 1732/3/1596
f 1727/3/1594 1731/3/1597 1733/3/1598
f 1732/3/1596 1734/3/1599 1730/3/1596
f 1735/3/1600 1733/3/1598 1731/3/1597
f 1734/3/1599 1732/3/1596 1736/3/1599
f 1736/3/1599 1735/3/1600 1734/3/1599
f 1733/3/1598 1735/3/1600 1737/3/1601
f 1735/3/1600 1736/3/1599 1737/3/1601
o RenderMesh_86195134801688
v -0.187102 0.216687 -0.397345
v -0.180860 0.233374 -0.405112
v -0.179961 0.216139 -0.417103
v -0.180531 0.217298 -0.382667
v -0.180284 0.199736 -0.403970
v -0.167801 0.233109 -0.419502
v -0.172214 0.239532 -0.393016
v -0.160983 0.216158 -0.426127
v -0.136702 0.218876 -0.358286
v -0.132039 0.231342 -0.364088
v -0.122283 0.231144 -0.374840
v -0.171447 0.194711 -0.391495
v -0.131609 0.206210 -0.363236
v -0.154813 0.239180 -0.412191
v -0.145729 0.216592 -0.421018
v -0.117188 0.218480 -0.379789
v -0.121852 0.206012 -0.373987
v -0.154046 0.194358 -0.410671
v -0.167224 0.199471 -0.418361
v 0.154780 0.182545 0.363956
v 0.144629 0.189995 0.388526
v 0.160444 0.184009 0.378947
v 0.156423 0.175137 0.397568
v 0.164322 0.158856 0.368244
v 0.133707 0.190520 0.376720
v 0.167606 0.166231 0.382166
v 0.158951 0.154437 0.394963
v 0.126742 0.144506 0.338248
v 0.121392 0.157788 0.335842
v 0.120278 0.135695 0.347809
v 0.109576 0.162260 0.342999
v 0.103111 0.153450 0.352561
v 0.152792 0.143143 0.385296
v 0.122176 0.174808 0.393772
v 0.108462 0.140168 0.354966
v 0.131719 0.151119 0.398060
v 0.135974 0.178202 0.401324
v 0.143136 0.160424 0.404543
v -0.071944 0.215081 0.364186
v -0.061699 0.198644 0.362578
v -0.054007 0.213709 0.375048
v -0.076026 0.217856 0.348868
v -0.062374 0.195955 0.346725
v -0.064117 0.239973 0.355164
v -0.057182 0.227331 0.303336
v -0.050505 0.239732 0.306867
v -0.049528 0.215051 0.302135
v -0.035196 0.215172 0.304464
v -0.038556 0.240189 0.359317
v -0.063007 0.231680 0.368910
v -0.036173 0.239854 0.309195
v -0.043823 0.231842 0.372027
v -0.024904 0.218288 0.357174
v -0.028519 0.227573 0.307995
v -0.033578 0.215406 0.370418
v -0.036814 0.196171 0.350879
v -0.042516 0.198806 0.365693
v 0.417356 0.384726 -0.007456
v 0.425461 0.398250 -0.018819
v 0.424286 0.402290 0.001771
v 0.404478 0.380508 -0.016135
v 0.409184 0.389838 0.009420
v 0.409116 0.408476 0.014932
v 0.393589 0.387321 0.006352
v 0.393498 0.412153 0.013696
v 0.355554 0.401796 -0.023003
v 0.361658 0.397977 -0.035611
v 0.355502 0.415721 -0.018885
v 0.415275 0.398528 -0.031277
v 0.367713 0.408080 -0.044101
v 0.367662 0.422004 -0.039983
v 0.404297 0.430174 -0.001446
v 0.361557 0.425824 -0.027374
v 0.415186 0.423362 -0.023932
v 0.425392 0.416888 -0.013307
v 0.417220 0.422000 0.003568
v -0.314401 0.112784 -0.180356
v -0.300501 0.125733 -0.184456
v -0.310023 0.116253 -0.200615
v -0.307665 0.104521 -0.168301
v -0.318502 0.098599 -0.192995
v -0.290702 0.124499 -0.201194
v -0.294803 0.110315 -0.213832
v -0.308702 0.097365 -0.209732
v -0.281550 0.101232 -0.212906
v -0.276086 0.120131 -0.196065
v -0.289144 0.121777 -0.173764
v -0.251082 0.083794 -0.172143
v -0.258405 0.084716 -0.159638
v -0.254146 0.073197 -0.181585
v -0.268790 0.075041 -0.156574
v -0.264531 0.063522 -0.178521
v -0.271853 0.064444 -0.166016
v -0.313129 0.085622 -0.185140
v -0.300071 0.083978 -0.207443
v 0.383909 -0.400353 -0.016976
v 0.378228 -0.383868 -0.008391
v 0.386256 -0.398938 0.003860
v 0.371703 -0.403099 -0.027095
v 0.384377 -0.416928 -0.006837
v 0.372326 -0.425184 -0.013588
v 0.379164 -0.417018 0.011885
v 0.365378 -0.425304 0.011359
v 0.373482 -0.400534 0.020469
v 0.322773 -0.424741 -0.021480
v 0.318877 -0.424808 -0.007493
v 0.322423 -0.412357 -0.029054
v 0.314632 -0.412492 -0.001080
v 0.318178 -0.400041 -0.022640
v 0.357808 -0.403340 0.022798
v 0.364132 -0.381135 -0.015656
v 0.314284 -0.400109 -0.008653
v 0.357185 -0.381255 0.009290
v 0.373014 -0.383958 0.010332
v -0.333038 0.444532 -0.160269
v -0.330697 0.459263 -0.172728
v -0.326412 0.439895 -0.179665
v -0.326407 0.450532 -0.146890
v -0.322907 0.428113 -0.162620
v -0.318226 0.457576 -0.187538
v -0.308095 0.441158 -0.189890
v -0.323287 0.470160 -0.163491
v -0.293173 0.446035 -0.186358
v -0.310437 0.426426 -0.177430
v -0.312908 0.428655 -0.150023
v -0.296291 0.426406 -0.169757
v -0.275800 0.455312 -0.129278
v -0.283368 0.467579 -0.127521
v -0.266483 0.454051 -0.140342
v -0.281621 0.478584 -0.136830
v -0.264734 0.465058 -0.149650
v -0.272302 0.477325 -0.147895
v -0.306670 0.467912 -0.183226
vn -0.9934 -0.0132 0.1142
vn -0.7519 0.6324 -0.1863
vn -0.7404 -0.0355 -0.6712
vn -0.7318 0.0106 0.6814
vn -0.7296 -0.6689 -0.1421
vn -0.2467 0.6222 -0.7430
vn -0.4118 0.8661 0.2832
vn 0.0171 -0.0336 -0.9993
vn -0.4866 0.0213 0.8734
vn -0.1745 0.8572 0.4844
vn 0.4806 0.8443 -0.2370
vn -0.3823 -0.8585 0.3417
vn -0.1450 -0.8282 0.5414
vn 0.2578 0.8526 -0.4546
vn 0.6073 -0.0166 -0.7943
vn 0.8223 -0.0052 -0.5690
vn 0.5092 -0.8416 -0.1800
vn 0.2873 -0.8721 -0.3961
vn -0.2244 -0.6792 -0.6988
vn 0.4924 0.6353 -0.5949
vn 0.1050 0.9286 0.3558
vn 0.7166 0.6973 -0.0146
vn 0.5795 0.3653 0.7285
vn 0.8596 -0.2762 -0.4299
vn -0.3182 0.9423 -0.1039
vn 0.9939 0.0093 0.1097
vn 0.6591 -0.4466 0.6052
vn 0.6612 -0.3828 -0.6452
vn 0.3023 0.5081 -0.8065
vn 0.2275 -0.9738 -0.0039
vn -0.4903 0.8081 -0.3264
vn -0.9240 0.2174 0.3146
vn 0.4159 -0.8808 0.2262
vn -0.7622 0.3376 0.5524
vn -0.5651 -0.6738 0.4762
vn -0.3950 -0.5739 0.7174
vn -0.2298 0.4724 0.8509
vn 0.0478 -0.2150 0.9754
vn -0.8448 -0.1328 0.5183
vn -0.4485 -0.7687 0.4561
vn -0.1558 -0.1919 0.9690
vn -0.9966 -0.0244 -0.0784
vn -0.4713 -0.8672 -0.1608
vn -0.5384 0.8266 0.1639
vn -0.9260 0.0354 -0.3759
vn -0.4781 0.8672 -0.1391
vn -0.4126 -0.7883 -0.4565
vn 0.5487 -0.7802 -0.3003
vn 0.4451 0.8349 0.3237
vn -0.4991 0.5093 0.7011
vn 0.4832 0.8754 0.0171
vn 0.2430 0.5156 0.8216
vn 0.9704 -0.0078 0.2413
vn 0.9966 0.0516 -0.0635
vn 0.6394 -0.1203 0.7594
vn 0.5122 -0.8589 -0.0010
vn 0.2936 -0.7624 0.5766
vn 0.5792 -0.8099 0.0931
vn 0.8933 -0.2863 -0.3466
vn 0.8753 -0.1342 0.4645
vn 0.0771 -0.9668 -0.2436
vn 0.2636 -0.6117 0.7459
vn 0.2610 0.1093 0.9591
vn -0.3420 -0.7047 0.6217
vn -0.3454 0.2508 0.9043
vn -0.6046 -0.6473 0.4642
vn -0.1947 -0.9035 -0.3819
vn -0.6080 0.2867 0.7404
vn 0.4926 -0.2734 -0.8262
vn 0.2111 -0.2258 -0.9510
vn 0.2077 0.7082 -0.6748
vn 0.0701 0.9442 0.3217
vn -0.2018 0.9644 0.1709
vn 0.4891 0.6821 -0.5436
vn 0.8906 0.4347 -0.1333
vn 0.5745 0.6325 0.5195
vn -0.8262 0.4357 0.3572
vn -0.2885 0.9367 0.1985
vn -0.6781 0.5884 -0.4404
vn -0.5595 0.1127 0.8212
vn -0.9848 -0.1130 -0.1318
vn 0.0907 0.8889 -0.4490
vn -0.0676 0.3407 -0.9377
vn -0.6057 -0.1608 -0.7793
vn 0.4459 -0.0141 -0.8949
vn 0.6557 0.7134 -0.2472
vn 0.1532 0.7767 0.6109
vn 0.8503 0.5156 -0.1056
vn 0.3592 0.5774 0.7332
vn 0.6448 -0.1953 -0.7390
vn -0.3371 -0.0715 0.9388
vn -0.0518 -0.8442 -0.5335
vn -0.5429 -0.7824 0.3053
vn -0.7700 -0.6143 0.1727
vn -0.2672 -0.6778 -0.6850
vn 0.8253 0.1277 -0.5500
vn 0.6055 0.7654 -0.2179
vn 0.9459 0.1883 0.2643
vn 0.3465 0.0203 -0.9378
vn 0.8434 -0.5135 -0.1578
vn 0.3706 -0.8292 -0.4184
vn 0.6418 -0.5167 0.5667
vn 0.1035 -0.8340 0.5420
vn 0.4219 0.1207 0.8986
vn 0.0703 -0.8688 -0.4901
vn -0.1910 -0.8733 0.4481
vn 0.0468 -0.0381 -0.9982
vn -0.4755 -0.0468 0.8785
vn -0.2379 0.7880 -0.5679
vn -0.1878 0.0112 0.9821
vn 0.0555 0.8657 -0.4976
vn -0.4995 0.7832 0.3702
vn -0.2118 0.8610 0.4623
vn 0.4038 0.7619 0.5064
vn -0.9646 -0.1780 0.1947
vn -0.8740 0.3919 -0.2873
vn -0.7312 -0.3690 -0.5737
vn -0.7009 0.0555 0.7111
vn -0.5727 -0.8132 0.1038
vn -0.3916 0.3266 -0.8602
vn 0.0004 -0.3085 -0.9512
vn -0.5808 0.8108 0.0723
vn 0.5779 -0.1175 -0.8076
vn -0.0903 -0.8785 -0.4692
vn -0.1815 -0.7863 0.5906
vn 0.4579 -0.8728 -0.1688
vn 0.0485 -0.6546 0.7544
vn -0.4592 0.1682 0.8723
vn 0.6734 -0.7391 0.0122
vn -0.3419 0.9064 0.2479
vn 0.7907 -0.0015 -0.6122
vn 0.2831 0.8219 -0.4943
vn 0.0589 0.7243 -0.6870
vt 0.000000 0.000000
s 1
f 1738/4/1602 1739/4/1603 1740/4/1604
f 1741/4/1605 1739/4/1603 1738/4/1602
f 1742/4/1606 1738/4/1602 1740/4/1604
f 1741/4/1605 1738/4/1602 1742/4/1606
f 1739/4/1603 1743/4/1607 1740/4/1604
f 1739/4/1603 1741/4/1605 1744/4/1608
f 1744/4/1608 1743/4/1607 1739/4/1603
f 1743/4/1607 1745/4/1609 1740/4/1604
f 1746/4/1610 1744/4/1608 1741/4/1605
f 1744/4/1608 1746/4/1610 1747/4/1611
f 1748/4/1612 1744/4/1608 1747/4/1611
f 1749/4/1613 1746/4/1610 1741/4/1605
f 1749/4/1613 1741/4/1605 1742/4/1606
f 1749/4/1613 1750/4/1614 1746/4/1610
f 1743/4/1607 1744/4/1608 1751/4/1615
f 1744/4/1608 1748/4/1612 1751/4/1615
f 1751/4/1615 1752/4/1616 1743/4/1607
f 1748/4/1612 1752/4/1616 1751/4/1615
f 1745/4/1609 1743/4/1607 1752/4/1616
f 1752/4/1616 1748/4/1612 1753/4/1617
f 1754/4/1618 1752/4/1616 1753/4/1617
f 1750/4/1614 1749/4/1613 1755/4/1619
f 1750/4/1614 1755/4/1619 1754/4/1618
f 1754/4/1618 1755/4/1619 1752/4/1616
f 1742/4/1606 1755/4/1619 1749/4/1613
f 1752/4/1616 1756/4/1620 1745/4/1609
f 1756/4/1620 1752/4/1616 1755/4/1619
f 1755/4/1619 1742/4/1606 1756/4/1620
f 1745/4/1609 1756/4/1620 1740/4/1604
f 1756/4/1620 1742/4/1606 1740/4/1604
f 1757/4/1621 1758/4/1622 1759/4/1623
f 1759/4/1623 1758/4/1622 1760/4/1624
f 1759/4/1623 1761/4/1625 1757/4/1621
f 1758/4/1622 1757/4/1621 1762/4/1626
f 1763/4/1627 1759/4/1623 1760/4/1624
f 1761/4/1625 1759/4/1623 1763/4/1627
f 1764/4/1628 1763/4/1627 1760/4/1624
f 1765/4/1629 1757/4/1621 1761/4/1625
f 1757/4/1621 1765/4/1629 1766/4/1630
f 1766/4/1630 1762/4/1626 1757/4/1621
f 1761/4/1625 1767/4/1631 1765/4/1629
f 1762/4/1626 1766/4/1630 1768/4/1632
f 1762/4/1626 1768/4/1632 1769/4/1633
f 1763/4/1627 1770/4/1634 1761/4/1625
f 1767/4/1631 1761/4/1625 1770/4/1634
f 1770/4/1634 1763/4/1627 1764/4/1628
f 1762/4/1626 1769/4/1633 1771/4/1635
f 1762/4/1626 1771/4/1635 1758/4/1622
f 1772/4/1636 1771/4/1635 1769/4/1633
f 1773/4/1637 1772/4/1636 1767/4/1631
f 1771/4/1635 1772/4/1636 1773/4/1637
f 1773/4/1637 1767/4/1631 1770/4/1634
f 1771/4/1635 1774/4/1638 1758/4/1622
f 1773/4/1637 1774/4/1638 1771/4/1635
f 1758/4/1622 1774/4/1638 1760/4/1624
f 1775/4/1639 1773/4/1637 1770/4/1634
f 1774/4/1638 1773/4/1637 1775/4/1639
f 1775/4/1639 1770/4/1634 1764/4/1628
f 1774/4/1638 1775/4/1639 1760/4/1624
f 1775/4/1639 1764/4/1628 1760/4/1624
f 1776/4/1640 1777/4/1641 1778/4/1642
f 1779/4/1643 1777/4/1641 1776/4/1640
f 1777/4/1641 1779/4/1643 1780/4/1644
f 1776/4/1640 1781/4/1645 1779/4/1643
f 1782/4/1646 1779/4/1643 1781/4/1645
f 1782/4/1646 1780/4/1644 1779/4/1643
f 1782/4/1646 1781/4/1645 1783/4/1647
f 1780/4/1644 1782/4/1646 1784/4/1648
f 1785/4/1649 1780/4/1644 1784/4/1648
f 1786/4/1650 1783/4/1647 1781/4/1645
f 1781/4/1645 1776/4/1640 1787/4/1651
f 1787/4/1651 1786/4/1650 1781/4/1645
f 1787/4/1651 1776/4/1640 1778/4/1642
f 1783/4/1647 1786/4/1650 1788/4/1652
f 1786/4/1650 1787/4/1651 1789/4/1653
f 1789/4/1653 1787/4/1651 1778/4/1642
f 1788/4/1652 1786/4/1650 1790/4/1654
f 1790/4/1654 1791/4/1655 1788/4/1652
f 1790/4/1654 1785/4/1649 1791/4/1655
f 1786/4/1650 1789/4/1653 1792/4/1656
f 1790/4/1654 1786/4/1650 1792/4/1656
f 1792/4/1656 1789/4/1653 1778/4/1642
f 1785/4/1649 1790/4/1654 1793/4/1657
f 1792/4/1656 1793/4/1657 1790/4/1654
f 1785/4/1649 1793/4/1657 1780/4/1644
f 1794/4/1658 1792/4/1656 1778/4/1642
f 1793/4/1657 1792/4/1656 1794/4/1658
f 1794/4/1658 1780/4/1644 1793/4/1657
f 1777/4/1641 1794/4/1658 1778/4/1642
f 1780/4/1644 1794/4/1658 1777/4/1641
f 1795/4/1659 1796/4/1660 1797/4/1661
f 1798/4/1662 1796/4/1660 1795/4/1659
f 1799/4/1663 1795/4/1659 1797/4/1661
f 1799/4/1663 1798/4/1662 1795/4/1659
f 1800/4/1664 1799/4/1663 1797/4/1661
f 1798/4/1662 1799/4/1663 1801/4/1665
f 1802/4/1666 1799/4/1663 1800/4/1664
f 1799/4/1663 1802/4/1666 1801/4/1665
f 1803/4/1667 1798/4/1662 1801/4/1665
f 1803/4/1667 1801/4/1665 1802/4/1666
f 1798/4/1662 1803/4/1667 1804/4/1668
f 1803/4/1667 1802/4/1666 1805/4/1669
f 1804/4/1668 1806/4/1670 1798/4/1662
f 1796/4/1660 1798/4/1662 1806/4/1670
f 1806/4/1670 1804/4/1668 1807/4/1671
f 1806/4/1670 1807/4/1671 1808/4/1672
f 1805/4/1669 1802/4/1666 1809/4/1673
f 1809/4/1673 1810/4/1674 1805/4/1669
f 1809/4/1673 1808/4/1672 1810/4/1674
f 1806/4/1670 1808/4/1672 1811/4/1675
f 1808/4/1672 1809/4/1673 1811/4/1675
f 1806/4/1670 1812/4/1676 1796/4/1660
f 1812/4/1676 1806/4/1670 1811/4/1675
f 1811/4/1675 1809/4/1673 1812/4/1676
f 1796/4/1660 1812/4/1676 1797/4/1661
f 1809/4/1673 1802/4/1666 1813/4/1677
f 1809/4/1673 1813/4/1677 1812/4/1676
f 1812/4/1676 1813/4/1677 1797/4/1661
f 1802/4/1666 1800/4/1664 1813/4/1677
f 1813/4/1677 1800/4/1664 1797/4/1661
f 1814/4/1678 1815/4/1679 1816/4/1680
f 1817/4/1681 1815/4/1679 1814/4/1678
f 1818/4/1682 1814/4/1678 1816/4/1680
f 1818/4/1682 1817/4/1681 1814/4/1678
f 1815/4/1679 1819/4/1683 1816/4/1680
f 1819/4/1683 1820/4/1684 1816/4/1680
f 1821/4/1685 1818/4/1682 1816/4/1680
f 1820/4/1684 1821/4/1685 1816/4/1680
f 1819/4/1683 1822/4/1686 1820/4/1684
f 1822/4/1686 1821/4/1685 1820/4/1684
f 1815/4/1679 1823/4/1687 1819/4/1683
f 1822/4/1686 1819/4/1683 1823/4/1687
f 1823/4/1687 1815/4/1679 1824/4/1688
f 1815/4/1679 1817/4/1681 1824/4/1688
f 1825/4/1689 1823/4/1687 1824/4/1688
f 1825/4/1689 1822/4/1686 1823/4/1687
f 1824/4/1688 1826/4/1690 1825/4/1689
f 1817/4/1681 1826/4/1690 1824/4/1688
f 1822/4/1686 1825/4/1689 1827/4/1691
f 1826/4/1690 1817/4/1681 1828/4/1692
f 1829/4/1693 1822/4/1686 1827/4/1691
f 1817/4/1681 1830/4/1694 1828/4/1692
f 1830/4/1694 1817/4/1681 1831/4/1695
f 1831/4/1695 1829/4/1693 1830/4/1694
f 1817/4/1681 1818/4/1682 1831/4/1695
f 1822/4/1686 1829/4/1693 1832/4/1696
f 1829/4/1693 1831/4/1695 1832/4/1696
f 1818/4/1682 1832/4/1696 1831/4/1695
f 1821/4/1685 1822/4/1686 1832/4/1696
f 1832/4/1696 1818/4/1682 1821/4/1685
f 1833/4/1697 1834/4/1698 1835/4/1699
f 1836/4/1700 1834/4/1698 1833/4/1697
f 1837/4/1701 1833/4/1697 1835/4/1699
f 1837/4/1701 1836/4/1700 1833/4/1697
f 1836/4/1700 1837/4/1701 1838/4/1702
f 1839/4/1703 1837/4/1701 1835/4/1699
f 1837/4/1701 1840/4/1704 1838/4/1702
f 1840/4/1704 1837/4/1701 1839/4/1703
f 1841/4/1705 1839/4/1703 1835/4/1699
f 1840/4/1704 1842/4/1706 1838/4/1702
f 1842/4/1706 1836/4/1700 1838/4/1702
f 1842/4/1706 1840/4/1704 1843/4/1707
f 1836/4/1700 1842/4/1706 1844/4/1708
f 1840/4/1704 1845/4/1709 1843/4/1707
f 1836/4/1700 1844/4/1708 1846/4/1710
f 1839/4/1703 1847/4/1711 1840/4/1704
f 1847/4/1711 1839/4/1703 1841/4/1705
f 1845/4/1709 1840/4/1704 1847/4/1711
f 1836/4/1700 1846/4/1710 1848/4/1712
f 1834/4/1698 1836/4/1700 1848/4/1712
f 1849/4/1713 1848/4/1712 1846/4/1710
f 1845/4/1709 1850/4/1714 1849/4/1713
f 1849/4/1713 1850/4/1714 1848/4/1712
f 1850/4/1714 1845/4/1709 1847/4/1711
f 1848/4/1712 1851/4/1715 1834/4/1698
f 1851/4/1715 1848/4/1712 1850/4/1714
f 1847/4/1711 1851/4/1715 1850/4/1714
f 1851/4/1715 1847/4/1711 1841/4/1705
f 1834/4/1698 1851/4/1715 1835/4/1699
f 1851/4/1715 1841/4/1705 1835/4/1699
f 1852/4/1716 1853/4/1717 1854/4/1718
f 1855/4/1719 1853/4/1717 1852/4/1716
f 1856/4/1720 1852/4/1716 1854/4/1718
f 1855/4/1719 1852/4/1716 1856/4/1720
f 1853/4/1717 1857/4/1721 1854/4/1718
f 1857/4/1721 1858/4/1722 1854/4/1718
f 1859/4/1723 1857/4/1721 1853/4/1717
f 1853/4/1717 1855/4/1719 1859/4/1723
f 1860/4/1724 1858/4/1722 1857/4/1721
f 1858/4/1722 1861/4/1725 1854/4/1718
f 1861/4/1725 1856/4/1720 1854/4/1718
f 1860/4/1724 1861/4/1725 1858/4/1722
f 1856/4/1720 1861/4/1725 1862/4/1726
f 1862/4/1726 1855/4/1719 1856/4/1720
f 1863/4/1727 1862/4/1726 1861/4/1725
f 1861/4/1725 1860/4/1724 1863/4/1727
f 1864/4/1728 1855/4/1719 1862/4/1726
f 1864/4/1728 1862/4/1726 1863/4/1727
f 1855/4/1719 1864/4/1728 1865/4/1729
f 1864/4/1728 1863/4/1727 1866/4/1730
f 1866/4/1730 1863/4/1727 1860/4/1724
f 1855/4/1719 1865/4/1729 1867/4/1731
f 1867/4/1731 1859/4/1723 1855/4/1719
f 1860/4/1724 1868/4/1732 1866/4/1730
f 1860/4/1724 1869/4/1733 1868/4/1732
f 1870/4/1734 1867/4/1731 1869/4/1733
f 1869/4/1733 1860/4/1724 1870/4/1734
f 1867/4/1731 1870/4/1734 1859/4/1723
f 1870/4/1734 1860/4/1724 1857/4/1721
f 1857/4/1721 1859/4/1723 1870/4/1734
